id,total_ticket
1,42
2,33
3,32
4,30
5,33
6,36
7,35
8,103
9,92
10,86
11,77
12,78
13,84
14,80
15,7
16,7
17,5
18,24
19,28
20,23
21,23
22,1
23,1
24,4
25,18
26,45
27,49
28,50
29,8
30,8
31,8
32,15
33,25
34,21
35,22
36,50
37,39
38,30
39,33
40,32
41,38
42,39
43,26
44,15
45,11
46,4
47,6
48,11
49,10
50,6
51,6
52,11
53,25
54,29
55,24
56,26
57,23
58,14
59,12
60,16
61,17
62,7
63,8
64,13
65,5
66,6
67,16
68,20
69,25
70,28
71,14
72,13
73,11
74,29
75,29
76,26
77,28
78,128
79,100
80,74
81,60
82,65
83,99
84,93
85,37
86,30
87,26
88,34
89,36
90,23
91,23
92,93
93,82
94,77
95,71
96,76
97,99
98,91
99,39
100,29
101,27
102,29
103,36
104,59
105,55
106,27
107,17
108,16
109,18
110,22
111,25
112,28
113,24
114,14
115,13
116,12
117,15
118,12
119,13
120,17
121,9
122,10
123,19
124,22
125,20
126,21
127,3
128,3
129,2
130,12
131,29
132,25
133,26
134,12
135,12
136,16
137,35
138,69
139,69
140,71
141,171
142,129
143,98
144,86
145,82
146,129
147,127
148,65
149,54
150,48
151,36
152,36
153,30
154,28
155,13
156,3
157,5
158,17
159,22
160,30
161,31
162,117
163,101
164,85
165,76
166,79
167,102
168,97
169,47
170,36
171,31
172,29
173,32
174,37
175,34
176,26
177,15
178,16
179,29
180,34
181,29
182,27
183,30
184,22
185,19
186,28
187,29
188,19
189,20
190,58
191,46
192,41
193,30
194,33
195,24
196,21
197,49
198,38
199,36
200,38
201,41
202,39
203,35
204,409
205,451
206,205
207,144
208,116
209,92
210,90
211,265
212,337
213,157
214,120
215,97
216,77
217,68
218,19
219,69
220,17
221,6
222,9
223,0
224,0
225,79
226,171
227,46
228,29
229,30
230,32
231,35
232,512
233,617
234,226
235,171
236,119
237,89
238,101
239,48
240,58
241,36
242,0
243,3
244,0
245,0
246,104
247,164
248,61
249,36
250,27
251,21
252,20
253,66
254,102
255,58
256,34
257,36
258,37
259,32
260,0
261,31
262,2
263,0
264,2
265,0
266,16
267,99
268,174
269,94
270,60
271,58
272,44
273,43
274,24
275,65
276,33
277,11
278,14
279,4
280,7
281,1
282,141
283,11
284,3
285,10
286,8
287,20
288,72
289,123
290,71
291,35
292,37
293,23
294,21
295,9
296,98
297,24
298,16
299,24
300,23
301,28
302,43
303,69
304,46
305,47
306,52
307,51
308,64
309,17
310,16
311,16
312,2
313,4
314,0
315,0
316,98
317,118
318,49
319,21
320,13
321,6
322,0
323,68
324,164
325,41
326,26
327,20
328,20
329,19
330,235
331,328
332,86
333,65
334,52
335,40
336,42
337,35
338,54
339,50
340,39
341,43
342,43
343,37
344,885
345,946
346,366
347,268
348,173
349,124
350,152
351,107
352,139
353,111
354,73
355,68
356,51
357,42
358,318
359,410
360,138
361,95
362,84
363,72
364,77
365,0
366,29
367,9
368,0
369,5
370,0
371,4
372,83
373,99
374,68
375,33
376,34
377,28
378,27
379,85
380,130
381,59
382,47
383,48
384,45
385,42
386,160
387,247
388,69
389,55
390,49
391,38
392,40
393,206
394,234
395,111
396,74
397,66
398,48
399,41
400,40
401,44
402,38
403,27
404,32
405,25
406,22
407,24
408,74
409,30
410,29
411,36
412,32
413,45
414,200
415,315
416,95
417,56
418,40
419,28
420,25
421,0
422,44
423,0
424,0
425,1
426,0
427,0
428,31
429,149
430,29
431,10
432,9
433,9
434,7
435,42
436,79
437,43
438,24
439,28
440,17
441,12
442,399
443,474
444,184
445,135
446,102
447,86
448,91
449,87
450,109
451,48
452,22
453,14
454,6
455,1
456,1099
457,1151
458,487
459,359
460,262
461,206
462,219
463,40
464,93
465,40
466,26
467,29
468,23
469,17
470,54
471,126
472,44
473,35
474,37
475,31
476,28
477,28
478,83
479,18
480,16
481,25
482,26
483,32
484,68
485,75
486,46
487,31
488,33
489,34
490,28
491,108
492,109
493,118
494,73
495,58
496,38
497,30
498,116
499,201
500,58
501,48
502,45
503,39
504,39
505,17
506,72
507,25
508,28
509,35
510,32
511,38
512,89
513,170
514,61
515,26
516,28
517,28
518,25
519,68
520,122
521,66
522,38
523,41
524,43
525,38
526,97
527,99
528,77
529,51
530,46
531,26
532,20
533,312
534,430
535,124
536,80
537,57
538,48
539,55
540,25
541,95
542,23
543,14
544,17
545,10
546,10
547,252
548,369
549,101
550,71
551,54
552,40
553,45
554,750
555,820
556,346
557,268
558,196
559,145
560,162
561,37
562,81
563,45
564,41
565,48
566,48
567,58
568,256
569,298
570,127
571,93
572,77
573,56
574,49
575,85
576,223
577,59
578,57
579,60
580,68
581,91
582,19
583,86
584,38
585,31
586,40
587,39
588,51
589,9
590,52
591,25
592,31
593,32
594,21
595,28
596,19
597,98
598,32
599,25
600,33
601,28
602,45
603,26
604,56
605,36
606,28
607,34
608,32
609,40
610,81
611,138
612,53
613,41
614,41
615,32
616,27
617,95
618,174
619,95
620,70
621,62
622,51
623,41
624,64
625,70
626,55
627,41
628,38
629,22
630,19
631,84
632,206
633,40
634,15
635,15
636,13
637,17
638,52
639,164
640,42
641,23
642,22
643,20
644,19
645,187
646,229
647,88
648,59
649,49
650,36
651,30
652,34
653,43
654,51
655,28
656,27
657,15
658,11
659,85
660,163
661,61
662,29
663,26
664,26
665,23
666,45
667,80
668,65
669,43
670,45
671,43
672,48
673,86
674,171
675,54
676,32
677,30
678,23
679,25
680,31
681,29
682,21
683,6
684,7
685,1
686,0
687,43
688,87
689,50
690,33
691,29
692,14
693,8
694,74
695,62
696,57
697,55
698,67
699,69
700,45
701,13
702,7
703,9
704,12
705,22
706,26
707,2
708,51
709,46
710,49
711,53
712,54
713,55
714,38
715,40
716,31
717,34
718,39
719,44
720,45
721,19
722,5
723,6
724,12
725,19
726,30
727,35
728,3
729,30
730,16
731,17
732,16
733,39
734,40
735,8
736,58
737,48
738,53
739,52
740,50
741,56
742,67
743,46
744,35
745,36
746,41
747,65
748,66
749,30
750,30
751,19
752,23
753,21
754,24
755,30
756,24
757,17
758,9
759,3
760,5
761,12
762,16
763,16
764,3
765,6
766,11
767,18
768,33
769,38
770,6
771,56
772,43
773,36
774,38
775,63
776,65
777,27
778,36
779,30
780,34
781,43
782,55
783,57
784,27
785,48
786,45
787,51
788,90
789,99
790,99
791,52
792,38
793,41
794,48
795,81
796,88
797,90
798,45
799,50
800,40
801,34
802,39
803,63
804,65
805,26
806,34
807,30
808,37
809,55
810,57
811,60
812,51
813,20
814,22
815,27
816,38
817,38
818,40
819,28
820,26
821,30
822,39
823,38
824,41
825,47
826,38
827,21
828,21
829,22
830,26
831,29
832,33
833,24
834,44
835,31
836,26
837,24
838,21
839,21
840,28
841,7
842,0
843,4
844,11
845,21
846,25
847,0
848,16
849,7
850,10
851,15
852,13
853,18
854,20
855,39
856,27
857,31
858,31
859,30
860,34
861,34
862,27
863,19
864,16
865,23
866,38
867,46
868,19
869,304
870,296
871,227
872,246
873,256
874,278
875,296
876,234
877,237
878,163
879,192
880,217
881,255
882,260
883,190
884,194
885,138
886,173
887,185
888,187
889,200
890,248
891,249
892,198
893,220
894,247
895,274
896,277
897,79
898,72
899,19
900,30
901,46
902,53
903,75
904,54
905,55
906,15
907,34
908,54
909,77
910,104
911,207
912,205
913,134
914,156
915,179
916,221
917,225
918,282
919,275
920,213
921,239
922,248
923,291
924,292
925,186
926,175
927,141
928,160
929,171
930,193
931,203
932,232
933,222
934,147
935,159
936,172
937,216
938,209
939,158
940,144
941,102
942,123
943,149
944,173
945,193
946,247
947,248
948,166
949,176
950,185
951,223
952,226
953,118
954,101
955,49
956,62
957,92
958,137
959,140
960,112
961,96
962,34
963,37
964,48
965,86
966,90
967,144
968,132
969,65
970,107
971,118
972,160
973,163
974,348
975,316
976,229
977,254
978,265
979,328
980,324
981,107
982,85
983,28
984,37
985,53
986,88
987,114
988,180
989,168
990,120
991,145
992,161
993,200
994,212
995,91
996,93
997,53
998,82
999,104
1000,117
1001,126
1002,97
1003,92
1004,36
1005,47
1006,69
1007,108
1008,133
1009,102
1010,102
1011,61
1012,100
1013,121
1014,156
1015,161
1016,153
1017,133
1018,95
1019,134
1020,144
1021,180
1022,192
1023,273
1024,263
1025,185
1026,212
1027,224
1028,273
1029,268
1030,111
1031,106
1032,39
1033,66
1034,88
1035,121
1036,146
1037,242
1038,239
1039,173
1040,194
1041,206
1042,235
1043,254
1044,56
1045,56
1046,26
1047,33
1048,51
1049,54
1050,72
1051,107
1052,102
1053,42
1054,69
1055,85
1056,100
1057,116
1058,138
1059,143
1060,66
1061,101
1062,121
1063,159
1064,185
1065,119
1066,110
1067,73
1068,74
1069,93
1070,86
1071,91
1072,161
1073,153
1074,83
1075,117
1076,140
1077,185
1078,189
1079,113
1080,107
1081,45
1082,44
1083,55
1084,91
1085,108
1086,218
1087,221
1088,164
1089,174
1090,187
1091,218
1092,224
1093,119
1094,120
1095,71
1096,91
1097,117
1098,121
1099,140
1100,228
1101,230
1102,139
1103,151
1104,163
1105,203
1106,209
1107,3720
1108,1763
1109,1632
1110,1589
1111,1709
1112,1674
1113,2700
1114,5745
1115,3532
1116,3535
1117,3489
1118,3525
1119,3516
1120,4816
1121,1081
1122,545
1123,301
1124,214
1125,211
1126,228
1127,418
1128,467
1129,227
1130,157
1131,124
1132,103
1133,113
1134,156
1135,3136
1136,1555
1137,1447
1138,1401
1139,1462
1140,1425
1141,2190
1142,136
1143,89
1144,92
1145,85
1146,70
1147,78
1148,68
1149,977
1150,446
1151,242
1152,165
1153,180
1154,201
1155,371
1156,6191
1157,3534
1158,3287
1159,3267
1160,3357
1161,3362
1162,4729
1163,1222
1164,697
1165,436
1166,378
1167,418
1168,416
1169,545
1170,852
1171,439
1172,280
1173,209
1174,196
1175,201
1176,299
1177,1359
1178,525
1179,266
1180,210
1181,261
1182,276
1183,533
1184,1709
1185,826
1186,594
1187,501
1188,538
1189,496
1190,801
1191,1243
1192,593
1193,330
1194,256
1195,311
1196,318
1197,526
1198,778
1199,473
1200,361
1201,264
1202,223
1203,207
1204,275
1205,2139
1206,1086
1207,893
1208,857
1209,901
1210,851
1211,1196
1212,580
1213,249
1214,154
1215,122
1216,110
1217,129
1218,204
1219,372
1220,145
1221,110
1222,93
1223,77
1224,86
1225,121
1226,2213
1227,1137
1228,940
1229,904
1230,907
1231,885
1232,1302
1233,382
1234,150
1235,96
1236,83
1237,71
1238,84
1239,126
1240,2506
1241,1179
1242,985
1243,930
1244,949
1245,903
1246,1624
1247,695
1248,330
1249,208
1250,125
1251,105
1252,115
1253,203
1254,1853
1255,791
1256,544
1257,457
1258,501
1259,473
1260,803
1261,2862
1262,1334
1263,1133
1264,1103
1265,1101
1266,1059
1267,1873
1268,637
1269,320
1270,212
1271,176
1272,155
1273,158
1274,220
1275,3747
1276,2053
1277,1933
1278,1867
1279,1937
1280,1899
1281,2796
1282,556
1283,252
1284,154
1285,123
1286,113
1287,120
1288,195
1289,3114
1290,1596
1291,1522
1292,1446
1293,1440
1294,1410
1295,2184
1296,1191
1297,526
1298,277
1299,213
1300,227
1301,249
1302,475
1303,490
1304,262
1305,202
1306,191
1307,169
1308,173
1309,192
1310,633
1311,314
1312,203
1313,135
1314,112
1315,116
1316,211
1317,2203
1318,886
1319,643
1320,590
1321,648
1322,623
1323,1095
1324,2530
1325,1054
1326,857
1327,786
1328,854
1329,814
1330,1536
1331,846
1332,490
1333,334
1334,258
1335,231
1336,233
1337,313
1338,135
1339,60
1340,58
1341,51
1342,43
1343,54
1344,60
1345,551
1346,274
1347,180
1348,143
1349,128
1350,133
1351,186
1352,4804
1353,2402
1354,2352
1355,2263
1356,2338
1357,2356
1358,3857
1359,1147
1360,638
1361,421
1362,355
1363,366
1364,365
1365,514
1366,6332
1367,3990
1368,3794
1369,3750
1370,3799
1371,3789
1372,4958
1373,1998
1374,1142
1375,942
1376,901
1377,884
1378,842
1379,1169
1380,5140
1381,2438
1382,2381
1383,2292
1384,2400
1385,2409
1386,4056
1387,704
1388,385
1389,257
1390,192
1391,171
1392,162
1393,242
1394,2078
1395,1073
1396,873
1397,857
1398,870
1399,832
1400,1141
1401,1131
1402,652
1403,418
1404,358
1405,384
1406,381
1407,510
1408,2588
1409,1005
1410,786
1411,728
1412,806
1413,788
1414,1536
1415,774
1416,370
1417,216
1418,132
1419,116
1420,126
1421,241
1422,229
1423,110
1424,83
1425,68
1426,58
1427,69
1428,81
1429,4896
1430,2506
1431,2447
1432,2411
1433,2467
1434,2479
1435,3958
1436,527
1437,290
1438,220
1439,185
1440,152
1441,156
1442,192
1443,695
1444,346
1445,229
1446,179
1447,170
1448,168
1449,236
1450,238
1451,122
1452,97
1453,81
1454,70
1455,74
1456,86
1457,5296
1458,2734
1459,2692
1460,2594
1461,2643
1462,2646
1463,3984
1464,2014
1465,1056
1466,865
1467,822
1468,851
1469,822
1470,1163
1471,2417
1472,885
1473,634
1474,615
1475,697
1476,677
1477,1392
1478,559
1479,289
1480,191
1481,140
1482,115
1483,113
1484,171
1485,15
1486,14
1487,16
1488,9
1489,2
1490,3
1491,0
1492,743
1493,297
1494,173
1495,115
1496,97
1497,126
1498,248
1499,2461
1500,1059
1501,855
1502,791
1503,879
1504,833
1505,1562
1506,889
1507,481
1508,319
1509,232
1510,206
1511,218
1512,361
1513,712
1514,315
1515,191
1516,140
1517,129
1518,142
1519,215
1520,5292
1521,2542
1522,2470
1523,2411
1524,2518
1525,2535
1526,4048
1527,3092
1528,1334
1529,1103
1530,1038
1531,1107
1532,1072
1533,1900
1534,1220
1535,616
1536,371
1537,317
1538,338
1539,338
1540,513
1541,1592
1542,701
1543,427
1544,361
1545,399
1546,381
1547,681
1548,6488
1549,4135
1550,3961
1551,3943
1552,3990
1553,3983
1554,5028
1555,1225
1556,670
1557,407
1558,341
1559,346
1560,352
1561,548
1562,2501
1563,1112
1564,935
1565,896
1566,958
1567,915
1568,1636
1569,2514
1570,1138
1571,912
1572,884
1573,895
1574,863
1575,1564
1576,1247
1577,603
1578,360
1579,287
1580,300
1581,310
1582,526
1583,1802
1584,766
1585,543
1586,460
1587,493
1588,492
1589,833
1590,2254
1591,982
1592,784
1593,705
1594,751
1595,726
1596,1200
1597,1788
1598,856
1599,653
1600,586
1601,617
1602,597
1603,899
1604,1508
1605,722
1606,452
1607,364
1608,381
1609,359
1610,635
1611,460
1612,259
1613,182
1614,153
1615,145
1616,148
1617,184
1618,2171
1619,1254
1620,1047
1621,1047
1622,984
1623,926
1624,1234
1625,551
1626,223
1627,129
1628,99
1629,95
1630,114
1631,193
1632,1666
1633,793
1634,595
1635,501
1636,535
1637,517
1638,840
1639,2224
1640,1056
1641,864
1642,795
1643,821
1644,786
1645,1219
1646,1519
1647,820
1648,583
1649,513
1650,529
1651,508
1652,677
1653,697
1654,353
1655,239
1656,190
1657,175
1658,179
1659,254
1660,1642
1661,964
1662,726
1663,659
1664,653
1665,608
1666,830
1667,5285
1668,2572
1669,2510
1670,2411
1671,2467
1672,2479
1673,4012
1674,920
1675,408
1676,252
1677,174
1678,179
1679,201
1680,361
1681,1580
1682,849
1683,585
1684,488
1685,489
1686,460
1687,699
1688,926
1689,441
1690,298
1691,208
1692,209
1693,214
1694,352
1695,5504
1696,2957
1697,2932
1698,2912
1699,2972
1700,2981
1701,4653
1702,5760
1703,3000
1704,2918
1705,2903
1706,2988
1707,3010
1708,4745
1709,1011
1710,524
1711,343
1712,263
1713,263
1714,263
1715,419
1716,1119
1717,647
1718,411
1719,346
1720,365
1721,350
1722,490
1723,1804
1724,813
1725,630
1726,527
1727,558
1728,546
1729,876
1730,867
1731,540
1732,395
1733,329
1734,306
1735,290
1736,351
1737,5604
1738,3368
1739,3214
1740,3144
1741,3160
1742,3157
1743,4069
1744,504
1745,229
1746,146
1747,112
1748,104
1749,115
1750,179
1751,2033
1752,878
1753,624
1754,616
1755,664
1756,647
1757,1005
1758,1783
1759,780
1760,554
1761,467
1762,514
1763,503
1764,835
1765,546
1766,278
1767,179
1768,144
1769,125
1770,137
1771,193
1772,554
1773,285
1774,191
1775,162
1776,143
1777,156
1778,205
1779,431
1780,182
1781,109
1782,98
1783,83
1784,100
1785,157
1786,827
1787,349
1788,196
1789,118
1790,126
1791,145
1792,289
1793,3792
1794,1983
1795,1929
1796,1839
1797,1913
1798,1882
1799,2745
1800,53
1801,38
1802,36
1803,25
1804,20
1805,25
1806,18
1807,3203
1808,1697
1809,1557
1810,1501
1811,1530
1812,1482
1813,2202
1814,112
1815,69
1816,66
1817,56
1818,49
1819,57
1820,45
1821,1880
1822,971
1823,796
1824,684
1825,663
1826,637
1827,963
1828,3547
1829,1527
1830,1372
1831,1312
1832,1390
1833,1362
1834,2437
1835,2908
1836,1328
1837,1106
1838,1044
1839,1114
1840,1067
1841,1882
1842,3150
1843,1823
1844,1766
1845,1731
1846,1742
1847,1691
1848,2382
1849,1452
1850,877
1851,699
1852,597
1853,561
1854,510
1855,723
1856,3921
1857,1838
1858,1703
1859,1596
1860,1687
1861,1636
1862,2689
1863,1240
1864,577
1865,320
1866,254
1867,293
1868,306
1869,514
1870,1129
1871,658
1872,424
1873,358
1874,372
1875,352
1876,486
1877,426
1878,179
1879,115
1880,104
1881,89
1882,103
1883,156
1884,1714
1885,990
1886,816
1887,749
1888,745
1889,702
1890,955
1891,1241
1892,776
1893,529
1894,448
1895,453
1896,412
1897,542
1898,1216
1899,609
1900,362
1901,300
1902,325
1903,328
1904,526
1905,5006
1906,2289
1907,2152
1908,2098
1909,2187
1910,2128
1911,3656
1912,1672
1913,800
1914,581
1915,497
1916,489
1917,470
1918,791
1919,1140
1920,686
1921,460
1922,389
1923,387
1924,377
1925,506
1926,936
1927,394
1928,227
1929,148
1930,154
1931,178
1932,348
1933,210
1934,222
1935,206
1936,204
1937,225
1938,156
1939,132
1940,68
1941,78
1942,75
1943,80
1944,114
1945,101
1946,101
1947,15
1948,24
1949,13
1950,12
1951,41
1952,57
1953,55
1954,135
1955,157
1956,141
1957,144
1958,176
1959,121
1960,120
1961,41
1962,68
1963,68
1964,48
1965,77
1966,58
1967,37
1968,16
1969,29
1970,16
1971,19
1972,38
1973,70
1974,83
1975,123
1976,148
1977,149
1978,158
1979,182
1980,147
1981,135
1982,20
1983,26
1984,24
1985,20
1986,42
1987,58
1988,50
1989,119
1990,160
1991,143
1992,131
1993,149
1994,122
1995,105
1996,195
1997,220
1998,213
1999,201
2000,218
2001,176
2002,149
2003,38
2004,30
2005,31
2006,41
2007,62
2008,76
2009,77
2010,69
2011,96
2012,72
2013,61
2014,85
2015,61
2016,60
2017,52
2018,70
2019,64
2020,75
2021,103
2022,103
2023,93
2024,41
2025,77
2026,70
2027,56
2028,80
2029,72
2030,60
2031,161
2032,160
2033,135
2034,141
2035,184
2036,130
2037,114
2038,39
2039,62
2040,51
2041,32
2042,65
2043,47
2044,50
2045,44
2046,66
2047,49
2048,23
2049,50
2050,35
2051,36
2052,46
2053,94
2054,78
2055,41
2056,61
2057,51
2058,41
2059,158
2060,188
2061,171
2062,172
2063,186
2064,139
2065,124
2066,60
2067,123
2068,101
2069,85
2070,93
2071,61
2072,61
2073,0
2074,34
2075,25
2076,9
2077,22
2078,19
2079,17
2080,101
2081,105
2082,84
2083,108
2084,138
2085,136
2086,138
2087,199
2088,185
2089,169
2090,177
2091,198
2092,147
2093,141
2094,132
2095,183
2096,173
2097,167
2098,182
2099,137
2100,115
2101,33
2102,50
2103,42
2104,57
2105,96
2106,96
2107,92
2108,63
2109,125
2110,107
2111,75
2112,86
2113,72
2114,47
2115,130
2116,159
2117,154
2118,159
2119,176
2120,133
2121,116
2122,3
2123,14
2124,18
2125,19
2126,42
2127,48
2128,39
2129,106
2130,99
2131,80
2132,103
2133,127
2134,132
2135,134
2136,83
2137,141
2138,125
2139,123
2140,132
2141,85
2142,72
2143,118
2144,140
2145,138
2146,129
2147,148
2148,129
2149,108
2150,39
2151,50
2152,38
2153,47
2154,71
2155,90
2156,99
2157,69
2158,122
2159,95
2160,71
2161,76
2162,53
2163,41
2164,38
2165,52
2166,53
2167,42
2168,67
2169,78
2170,72
2171,114
2172,146
2173,128
2174,120
2175,148
2176,100
2177,84
2178,56
2179,68
2180,63
2181,61
2182,92
2183,79
2184,67
2185,48
2186,89
2187,68
2188,48
2189,73
2190,66
2191,70
2192,127
2193,129
2194,118
2195,155
2196,183
2197,181
2198,179
2199,82
2200,74
2201,70
2202,61
2203,100
2204,92
2205,85
2206,100
2207,106
2208,99
2209,69
2210,96
2211,86
2212,65
2213,170
2214,216
2215,200
2216,179
2217,193
2218,131
2219,98
2220,114
2221,133
2222,125
2223,136
2224,166
2225,119
2226,98
2227,73
2228,105
2229,90
2230,69
2231,111
2232,94
2233,78
2234,98
2235,129
2236,120
2237,118
2238,138
2239,89
2240,79
2241,124
2242,142
2243,114
2244,119
2245,154
2246,121
2247,116
2248,59
2249,70
2250,58
2251,90
2252,115
2253,119
2254,112
2255,20
2256,48
2257,45
2258,30
2259,50
2260,52
2261,33
2262,45
2263,103
2264,84
2265,76
2266,95
2267,70
2268,55
2269,164
2270,203
2271,178
2272,185
2273,196
2274,133
2275,118
2276,91
2277,75
2278,62
2279,95
2280,135
2281,130
2282,130
2283,64
2284,100
2285,97
2286,75
2287,102
2288,89
2289,86
2290,40
2291,62
2292,57
2293,39
2294,51
2295,44
2296,41
2297,21
2298,50
2299,45
2300,20
2301,50
2302,49
2303,40
2304,89
2305,100
2306,104
2307,104
2308,123
2309,113
2310,100
2311,138
2312,142
2313,126
2314,118
2315,135
2316,113
2317,102
2318,129
2319,176
2320,147
2321,151
2322,177
2323,112
2324,87
2325,2
2326,43
2327,40
2328,51
2329,66
2330,94
2331,98
2332,37
2333,29
2334,31
2335,41
2336,61
2337,76
2338,77
2339,64
2340,108
2341,102
2342,94
2343,117
2344,96
2345,86
2346,143
2347,172
2348,147
2349,139
2350,147
2351,97
2352,88
2353,66
2354,63
2355,71
2356,53
2357,84
2358,79
2359,85
2360,281
2361,143
2362,111
2363,105
2364,121
2365,88
2366,107
2367,176
2368,108
2369,103
2370,95
2371,104
2372,73
2373,93
2374,31
2375,13
2376,12
2377,3
2378,0
2379,6
2380,0
2381,134
2382,51
2383,47
2384,43
2385,45
2386,45
2387,61
2388,24
2389,5
2390,4
2391,3
2392,18
2393,4
2394,8
2395,494
2396,209
2397,137
2398,114
2399,138
2400,103
2401,164
2402,45
2403,28
2404,28
2405,21
2406,25
2407,31
2408,18
2409,118
2410,35
2411,28
2412,24
2413,40
2414,34
2415,56
2416,32
2417,27
2418,24
2419,19
2420,18
2421,11
2422,7
2423,72
2424,47
2425,44
2426,38
2427,43
2428,36
2429,33
2430,114
2431,70
2432,65
2433,57
2434,82
2435,45
2436,54
2437,0
2438,1
2439,2
2440,3
2441,10
2442,15
2443,31
2444,9
2445,11
2446,12
2447,7
2448,2
2449,3
2450,4
2451,288
2452,160
2453,132
2454,121
2455,115
2456,104
2457,106
2458,15
2459,21
2460,23
2461,25
2462,29
2463,30
2464,32
2465,165
2466,74
2467,69
2468,66
2469,85
2470,61
2471,82
2472,112
2473,80
2474,77
2475,65
2476,55
2477,46
2478,47
2479,46
2480,29
2481,29
2482,27
2483,34
2484,26
2485,26
2486,100
2487,56
2488,53
2489,49
2490,76
2491,44
2492,51
2493,22
2494,7
2495,7
2496,5
2497,8
2498,3
2499,8
2500,136
2501,60
2502,51
2503,40
2504,33
2505,27
2506,49
2507,16
2508,20
2509,20
2510,19
2511,30
2512,34
2513,42
2514,79
2515,58
2516,54
2517,46
2518,40
2519,39
2520,37
2521,1
2522,11
2523,13
2524,13
2525,12
2526,24
2527,30
2528,116
2529,44
2530,39
2531,34
2532,32
2533,29
2534,49
2535,138
2536,69
2537,62
2538,52
2539,47
2540,43
2541,44
2542,148
2543,79
2544,71
2545,60
2546,49
2547,42
2548,63
2549,29
2550,29
2551,26
2552,16
2553,8
2554,13
2555,18
2556,316
2557,133
2558,111
2559,103
2560,134
2561,89
2562,126
2563,62
2564,58
2565,56
2566,47
2567,54
2568,40
2569,27
2570,644
2571,291
2572,246
2573,255
2574,298
2575,205
2576,238
2577,135
2578,113
2579,110
2580,99
2581,89
2582,67
2583,61
2584,217
2585,111
2586,105
2587,100
2588,126
2589,76
2590,89
2591,72
2592,57
2593,56
2594,49
2595,44
2596,37
2597,36
2598,63
2599,51
2600,49
2601,45
2602,48
2603,34
2604,33
2605,90
2606,32
2607,32
2608,30
2609,50
2610,44
2611,45
2612,47
2613,32
2614,24
2615,11
2616,5
2617,10
2618,12
2619,255
2620,136
2621,116
2622,106
2623,118
2624,94
2625,98
2626,14
2627,18
2628,19
2629,22
2630,37
2631,34
2632,37
2633,310
2634,160
2635,125
2636,117
2637,129
2638,100
2639,114
2640,145
2641,86
2642,80
2643,69
2644,65
2645,56
2646,63
2647,44
2648,8
2649,6
2650,4
2651,24
2652,13
2653,15
2654,129
2655,67
2656,59
2657,52
2658,45
2659,39
2660,52
2661,187
2662,94
2663,89
2664,82
2665,83
2666,55
2667,89
2668,208
2669,95
2670,86
2671,81
2672,115
2673,77
2674,89
2675,191
2676,89
2677,76
2678,68
2679,87
2680,58
2681,69
2682,95
2683,49
2684,43
2685,38
2686,54
2687,31
2688,32
2689,153
2690,64
2691,55
2692,47
2693,45
2694,34
2695,61
2696,763
2697,382
2698,302
2699,306
2700,335
2701,277
2702,284
2703,93
2704,60
2705,54
2706,47
2707,50
2708,32
2709,44
2710,396
2711,227
2712,205
2713,176
2714,192
2715,147
2716,159
2717,91
2718,53
2719,46
2720,32
2721,32
2722,28
2723,37
2724,38
2725,16
2726,15
2727,12
2728,14
2729,9
2730,13
2731,116
2732,61
2733,56
2734,49
2735,49
2736,45
2737,52
2738,51
2739,43
2740,42
2741,39
2742,46
2743,34
2744,26
2745,10
2746,14
2747,15
2748,17
2749,22
2750,30
2751,41
2752,193
2753,144
2754,144
2755,132
2756,109
2757,84
2758,92
2759,15
2760,10
2761,13
2762,16
2763,51
2764,40
2765,52
2766,65
2767,25
2768,19
2769,10
2770,7
2771,1
2772,21
2773,59
2774,47
2775,45
2776,40
2777,46
2778,50
2779,27
2780,231
2781,151
2782,147
2783,135
2784,127
2785,97
2786,110
2787,3
2788,9
2789,10
2790,10
2791,12
2792,22
2793,45
2794,146
2795,109
2796,103
2797,91
2798,87
2799,75
2800,77
2801,248
2802,113
2803,89
2804,80
2805,103
2806,64
2807,89
2808,106
2809,75
2810,69
2811,58
2812,46
2813,37
2814,51
2815,77
2816,34
2817,28
2818,21
2819,17
2820,19
2821,35
2822,220
2823,98
2824,88
2825,80
2826,104
2827,56
2828,82
2829,272
2830,131
2831,111
2832,104
2833,124
2834,77
2835,120
2836,49
2837,25
2838,26
2839,22
2840,19
2841,22
2842,29
2843,137
2844,88
2845,80
2846,68
2847,65
2848,47
2849,56
2850,60
2851,28
2852,29
2853,24
2854,31
2855,20
2856,26
2857,25
2858,31
2859,31
2860,21
2861,11
2862,7
2863,14
2864,421
2865,215
2866,188
2867,155
2868,146
2869,122
2870,144
2871,77
2872,33
2873,32
2874,30
2875,64
2876,43
2877,42
2878,188
2879,90
2880,83
2881,78
2882,96
2883,74
2884,90
2885,55
2886,35
2887,30
2888,19
2889,16
2890,17
2891,17
2892,54
2893,21
2894,20
2895,14
2896,26
2897,17
2898,23
2899,2
2900,10
2901,11
2902,14
2903,31
2904,23
2905,39
2906,166
2907,96
2908,88
2909,80
2910,86
2911,65
2912,71
2913,59
2914,49
2915,50
2916,45
2917,52
2918,43
2919,30
2920,36
2921,40
2922,40
2923,34
2924,33
2925,40
2926,15
2927,167
2928,56
2929,47
2930,41
2931,52
2932,45
2933,68
2934,95
2935,60
2936,58
2937,53
2938,52
2939,47
2940,58
2941,165
2942,105
2943,96
2944,89
2945,80
2946,66
2947,83
2948,38
2949,53
2950,53
2951,45
2952,35
2953,37
2954,8
2955,204
2956,99
2957,87
2958,81
2959,110
2960,72
2961,78
2962,34
2963,19
2964,19
2965,21
2966,23
2967,27
2968,21
2969,78
2970,54
2971,49
2972,39
2973,32
2974,28
2975,34
2976,0
2977,0
2978,0
2979,0
2980,0
2981,9
2982,21
2983,23
2984,32
2985,34
2986,37
2987,53
2988,58
2989,55
2990,107
2991,89
2992,83
2993,70
2994,56
2995,43
2996,58
2997,358
2998,151
2999,119
3000,111
3001,114
3002,97
3003,133
3004,21
3005,13
3006,14
3007,11
3008,8
3009,13
3010,4
3011,74
3012,63
3013,63
3014,56
3015,48
3016,44
3017,35
3018,82
3019,30
3020,24
3021,18
3022,23
3023,23
3024,41
3025,103
3026,64
3027,70
3028,64
3029,61
3030,67
3031,68
3032,140
3033,46
3034,50
3035,46
3036,45
3037,43
3038,67
3039,167
3040,91
3041,96
3042,90
3043,81
3044,84
3045,86
3046,44
3047,26
3048,29
3049,25
3050,24
3051,35
3052,33
3053,68
3054,47
3055,54
3056,51
3057,45
3058,46
3059,41
3060,98
3061,42
3062,40
3063,36
3064,36
3065,43
3066,50
3067,107
3068,52
3069,53
3070,48
3071,43
3072,53
3073,59
3074,70
3075,43
3076,47
3077,40
3078,33
3079,42
3080,40
3081,75
3082,35
3083,35
3084,26
3085,25
3086,33
3087,30
3088,25
3089,15
3090,20
3091,15
3092,13
3093,25
3094,11
3095,432
3096,185
3097,160
3098,101
3099,104
3100,105
3101,153
3102,60
3103,45
3104,51
3105,47
3106,48
3107,58
3108,39
3109,34
3110,24
3111,30
3112,27
3113,23
3114,29
3115,23
3116,53
3117,16
3118,24
3119,20
3120,26
3121,39
3122,27
3123,49
3124,13
3125,20
3126,18
3127,16
3128,31
3129,34
3130,16
3131,12
3132,16
3133,16
3134,19
3135,22
3136,18
3137,0
3138,13
3139,21
3140,19
3141,7
3142,19
3143,15
3144,22
3145,8
3146,11
3147,11
3148,16
3149,21
3150,19
3151,68
3152,29
3153,30
3154,28
3155,28
3156,35
3157,42
3158,88
3159,30
3160,33
3161,31
3162,28
3163,33
3164,42
3165,231
3166,60
3167,58
3168,54
3169,56
3170,50
3171,87
3172,39
3173,26
3174,30
3175,30
3176,41
3177,80
3178,82
3179,79
3180,42
3181,50
3182,44
3183,53
3184,68
3185,53
3186,20
3187,15
3188,22
3189,24
3190,25
3191,58
3192,52
3193,100
3194,22
3195,23
3196,21
3197,27
3198,34
3199,49
3200,119
3201,58
3202,61
3203,59
3204,51
3205,57
3206,69
3207,168
3208,69
3209,75
3210,72
3211,66
3212,63
3213,83
3214,23
3215,12
3216,15
3217,15
3218,28
3219,38
3220,34
3221,91
3222,58
3223,58
3224,52
3225,46
3226,53
3227,46
3228,56
3229,41
3230,47
3231,46
3232,42
3233,48
3234,43
3235,47
3236,34
3237,41
3238,40
3239,43
3240,48
3241,41
3242,147
3243,70
3244,66
3245,61
3246,52
3247,52
3248,70
3249,89
3250,70
3251,80
3252,112
3253,54
3254,21
3255,27
3256,126
3257,99
3258,113
3259,177
3260,83
3261,38
3262,44
3263,4
3264,0
3265,10
3266,66
3267,8
3268,0
3269,6
3270,313
3271,117
3272,114
3273,220
3274,117
3275,77
3276,117
3277,88
3278,37
3279,48
3280,130
3281,36
3282,2
3283,22
3284,36
3285,0
3286,11
3287,117
3288,30
3289,11
3290,30
3291,228
3292,136
3293,131
3294,165
3295,110
3296,70
3297,90
3298,89
3299,80
3300,102
3301,170
3302,103
3303,57
3304,56
3305,74
3306,91
3307,109
3308,181
3309,97
3310,63
3311,61
3312,588
3313,380
3314,312
3315,344
3316,231
3317,185
3318,225
3319,122
3320,71
3321,89
3322,201
3323,72
3324,42
3325,46
3326,45
3327,17
3328,22
3329,38
3330,19
3331,0
3332,8
3333,159
3334,83
3335,90
3336,136
3337,70
3338,58
3339,82
3340,93
3341,114
3342,112
3343,115
3344,87
3345,39
3346,44
3347,3
3348,27
3349,48
3350,69
3351,48
3352,63
3353,72
3354,33
3355,45
3356,35
3357,54
3358,14
3359,2
3360,4
3361,106
3362,25
3363,34
3364,134
3365,35
3366,10
3367,38
3368,402
3369,160
3370,146
3371,215
3372,108
3373,71
3374,132
3375,36
3376,40
3377,37
3378,44
3379,5
3380,0
3381,0
3382,923
3383,486
3384,346
3385,351
3386,256
3387,205
3388,395
3389,0
3390,28
3391,53
3392,66
3393,55
3394,51
3395,56
3396,0
3397,16
3398,38
3399,76
3400,46
3401,51
3402,58
3403,328
3404,174
3405,155
3406,272
3407,110
3408,73
3409,102
3410,6
3411,24
3412,34
3413,161
3414,39
3415,16
3416,15
3417,24
3418,39
3419,47
3420,92
3421,46
3422,19
3423,27
3424,72
3425,33
3426,44
3427,118
3428,41
3429,15
3430,27
3431,395
3432,174
3433,158
3434,267
3435,122
3436,80
3437,136
3438,65
3439,41
3440,51
3441,99
3442,39
3443,21
3444,31
3445,80
3446,80
3447,103
3448,208
3449,105
3450,69
3451,68
3452,257
3453,100
3454,70
3455,178
3456,55
3457,38
3458,75
3459,154
3460,81
3461,96
3462,171
3463,82
3464,58
3465,70
3466,194
3467,92
3468,78
3469,132
3470,69
3471,40
3472,73
3473,51
3474,51
3475,75
3476,163
3477,67
3478,31
3479,31
3480,0
3481,9
3482,15
3483,42
3484,30
3485,42
3486,45
3487,113
3488,101
3489,101
3490,103
3491,77
3492,44
3493,43
3494,27
3495,29
3496,59
3497,175
3498,52
3499,50
3500,52
3501,149
3502,50
3503,62
3504,175
3505,46
3506,13
3507,42
3508,100
3509,55
3510,73
3511,155
3512,65
3513,28
3514,39
3515,11
3516,8
3517,26
3518,52
3519,35
3520,30
3521,32
3522,225
3523,135
3524,130
3525,194
3526,107
3527,85
3528,94
3529,39
3530,48
3531,65
3532,87
3533,53
3534,26
3535,23
3536,52
3537,16
3538,30
3539,160
3540,39
3541,12
3542,25
3543,27
3544,34
3545,63
3546,105
3547,56
3548,49
3549,54
3550,24
3551,75
3552,87
3553,86
3554,55
3555,24
3556,16
3557,273
3558,117
3559,115
3560,240
3561,93
3562,72
3563,99
3564,0
3565,0
3566,5
3567,59
3568,17
3569,23
3570,30
3571,185
3572,136
3573,135
3574,143
3575,117
3576,87
3577,94
3578,62
3579,44
3580,65
3581,148
3582,58
3583,26
3584,38
3585,100
3586,44
3587,56
3588,59
3589,37
3590,13
3591,22
3592,44
3593,53
3594,53
3595,99
3596,47
3597,21
3598,20
3599,2487
3600,1313
3601,1076
3602,1015
3603,954
3604,931
3605,1371
3606,2769
3607,1417
3608,1260
3609,1188
3610,1098
3611,1061
3612,1500
3613,573
3614,203
3615,83
3616,49
3617,35
3618,38
3619,128
3620,250
3621,102
3622,67
3623,57
3624,45
3625,38
3626,63
3627,1221
3628,553
3629,301
3630,258
3631,245
3632,247
3633,433
3634,282
3635,68
3636,32
3637,24
3638,22
3639,26
3640,60
3641,3625
3642,1832
3643,1777
3644,1722
3645,1709
3646,1697
3647,2371
3648,399
3649,218
3650,152
3651,125
3652,107
3653,98
3654,105
3655,387
3656,178
3657,135
3658,98
3659,89
3660,81
3661,117
3662,644
3663,194
3664,75
3665,38
3666,34
3667,59
3668,157
3669,1212
3670,614
3671,432
3672,354
3673,314
3674,288
3675,405
3676,555
3677,283
3678,192
3679,148
3680,135
3681,129
3682,170
3683,283
3684,184
3685,140
3686,126
3687,100
3688,88
3689,94
3690,1260
3691,694
3692,476
3693,402
3694,373
3695,339
3696,435
3697,558
3698,183
3699,98
3700,79
3701,70
3702,80
3703,148
3704,454
3705,233
3706,141
3707,93
3708,76
3709,71
3710,127
3711,1126
3712,573
3713,413
3714,362
3715,321
3716,322
3717,394
3718,451
3719,134
3720,88
3721,78
3722,68
3723,74
3724,125
3725,625
3726,334
3727,232
3728,195
3729,173
3730,175
3731,214
3732,388
3733,133
3734,95
3735,86
3736,77
3737,77
3738,117
3739,285
3740,105
3741,54
3742,40
3743,29
3744,22
3745,52
3746,671
3747,238
3748,123
3749,84
3750,79
3751,95
3752,186
3753,910
3754,549
3755,392
3756,343
3757,311
3758,288
3759,370
3760,592
3761,248
3762,149
3763,119
3764,108
3765,116
3766,181
3767,3334
3768,1757
3769,1655
3770,1574
3771,1624
3772,1604
3773,2151
3774,491
3775,155
3776,65
3777,60
3778,55
3779,64
3780,121
3781,611
3782,257
3783,131
3784,83
3785,63
3786,64
3787,150
3788,470
3789,178
3790,126
3791,94
3792,78
3793,83
3794,127
3795,393
3796,238
3797,178
3798,166
3799,143
3800,137
3801,151
3802,321
3803,119
3804,62
3805,45
3806,27
3807,27
3808,92
3809,1143
3810,608
3811,367
3812,309
3813,300
3814,278
3815,501
3816,866
3817,427
3818,260
3819,197
3820,174
3821,164
3822,289
3823,282
3824,132
3825,87
3826,78
3827,64
3828,59
3829,80
3830,283
3831,155
3832,101
3833,76
3834,52
3835,45
3836,73
3837,1955
3838,916
3839,629
3840,511
3841,452
3842,467
3843,893
3844,372
3845,213
3846,164
3847,137
3848,126
3849,120
3850,127
3851,4688
3852,2913
3853,2869
3854,2842
3855,2850
3856,2855
3857,3625
3858,635
3859,411
3860,303
3861,241
3862,205
3863,191
3864,211
3865,1324
3866,681
3867,422
3868,349
3869,306
3870,298
3871,517
3872,310
3873,127
3874,70
3875,57
3876,61
3877,61
3878,79
3879,636
3880,382
3881,274
3882,231
3883,211
3884,209
3885,253
3886,661
3887,380
3888,286
3889,231
3890,213
3891,197
3892,225
3893,602
3894,180
3895,84
3896,58
3897,54
3898,63
3899,147
3900,182
3901,60
3902,13
3903,8
3904,4
3905,4
3906,25
3907,244
3908,128
3909,88
3910,74
3911,60
3912,56
3913,76
3914,1286
3915,666
3916,421
3917,340
3918,316
3919,289
3920,529
3921,174
3922,114
3923,98
3924,86
3925,63
3926,50
3927,52
3928,532
3929,272
3930,183
3931,151
3932,142
3933,143
3934,179
3935,1808
3936,900
3937,641
3938,555
3939,510
3940,491
3941,830
3942,900
3943,515
3944,351
3945,281
3946,234
3947,223
3948,266
3949,1313
3950,506
3951,252
3952,207
3953,207
3954,229
3955,441
3956,141
3957,71
3958,31
3959,18
3960,14
3961,12
3962,22
3963,839
3964,301
3965,154
3966,88
3967,77
3968,102
3969,268
3970,1028
3971,502
3972,288
3973,223
3974,195
3975,178
3976,366
3977,251
3978,120
3979,96
3980,90
3981,75
3982,64
3983,90
3984,840
3985,378
3986,219
3987,155
3988,142
3989,146
3990,268
3991,2094
3992,1022
3993,772
3994,653
3995,581
3996,595
3997,1010
3998,1221
3999,657
4000,389
4001,330
4002,303
4003,289
4004,512
4005,699
4006,340
4007,219
4008,165
4009,142
4010,140
4011,197
4012,1655
4013,797
4014,533
4015,414
4016,382
4017,376
4018,703
4019,5564
4020,3594
4021,3522
4022,3547
4023,3546
4024,3553
4025,4452
4026,430
4027,188
4028,137
4029,104
4030,86
4031,79
4032,121
4033,667
4034,288
4035,192
4036,128
4037,112
4038,102
4039,148
4040,449
4041,103
4042,38
4043,29
4044,30
4045,39
4046,98
4047,878
4048,337
4049,163
4050,111
4051,100
4052,113
4053,229
4054,798
4055,328
4056,186
4057,125
4058,111
4059,120
4060,218
4061,467
4062,232
4063,184
4064,154
4065,147
4066,142
4067,163
4068,409
4069,160
4070,115
4071,79
4072,68
4073,57
4074,118
4075,603
4076,410
4077,294
4078,242
4079,211
4080,199
4081,201
4082,363
4083,106
4084,71
4085,66
4086,61
4087,64
4088,103
4089,424
4090,161
4091,110
4092,77
4093,66
4094,69
4095,123
4096,942
4097,512
4098,354
4099,311
4100,274
4101,268
4102,361
4103,1300
4104,810
4105,550
4106,467
4107,409
4108,375
4109,495
4110,533
4111,292
4112,215
4113,164
4114,150
4115,148
4116,205
4117,465
4118,310
4119,229
4120,194
4121,170
4122,167
4123,166
4124,2025
4125,961
4126,656
4127,565
4128,515
4129,535
4130,960
4131,285
4132,108
4133,74
4134,65
4135,53
4136,51
4137,76
4138,400
4139,200
4140,143
4141,130
4142,107
4143,107
4144,134
4145,479
4146,159
4147,107
4148,85
4149,73
4150,80
4151,134
4152,2469
4153,1110
4154,889
4155,878
4156,783
4157,785
4158,1254
4159,1451
4160,745
4161,472
4162,395
4163,330
4164,330
4165,601
4166,889
4167,387
4168,253
4169,204
4170,191
4171,193
4172,289
4173,552
4174,318
4175,217
4176,168
4177,152
4178,140
4179,169
4180,374
4181,147
4182,79
4183,54
4184,42
4185,48
4186,110
4187,2775
4188,1380
4189,1231
4190,1142
4191,1080
4192,1027
4193,1745
4194,2612
4195,1385
4196,1237
4197,1193
4198,1082
4199,1032
4200,1437
4201,192
4202,58
4203,36
4204,32
4205,32
4206,31
4207,50
4208,2080
4209,938
4210,673
4211,522
4212,470
4213,493
4214,890
4215,554
4216,215
4217,116
4218,106
4219,117
4220,126
4221,175
4222,517
4223,218
4224,125
4225,93
4226,75
4227,73
4228,140
4229,411
4230,152
4231,105
4232,99
4233,82
4234,88
4235,126
4236,394
4237,175
4238,118
4239,87
4240,77
4241,83
4242,133
4243,224
4244,67
4245,45
4246,38
4247,33
4248,32
4249,56
4250,796
4251,407
4252,284
4253,237
4254,210
4255,219
4256,273
4257,785
4258,430
4259,307
4260,258
4261,226
4262,223
4263,244
4264,574
4265,354
4266,247
4267,183
4268,153
4269,134
4270,170
4271,1423
4272,659
4273,374
4274,311
4275,291
4276,298
4277,575
4278,749
4279,327
4280,206
4281,154
4282,132
4283,137
4284,212
4285,1981
4286,1077
4287,870
4288,740
4289,680
4290,652
4291,942
4292,565
4293,358
4294,259
4295,200
4296,162
4297,150
4298,170
4299,1188
4300,560
4301,339
4302,291
4303,275
4304,263
4305,493
4306,579
4307,210
4308,155
4309,134
4310,123
4311,130
4312,164
4313,818
4314,521
4315,373
4316,325
4317,301
4318,273
4319,360
4320,402
4321,137
4322,80
4323,71
4324,63
4325,73
4326,128
4327,484
4328,291
4329,217
4330,184
4331,164
4332,159
4333,155
4334,368
4335,248
4336,181
4337,151
4338,127
4339,116
4340,116
4341,587
4342,243
4343,147
4344,108
4345,99
4346,99
4347,167
4348,372
4349,201
4350,151
4351,116
4352,101
4353,97
4354,132
4355,2399
4356,1137
4357,896
4358,815
4359,734
4360,710
4361,1164
4362,432
4363,188
4364,135
4365,103
4366,91
4367,93
4368,124
4369,245
4370,135
4371,115
4372,102
4373,78
4374,70
4375,71
4376,1237
4377,588
4378,352
4379,293
4380,287
4381,292
4382,462
4383,508
4384,478
4385,280
4386,238
4387,182
4388,436
4389,315
4390,250
4391,237
4392,158
4393,139
4394,108
4395,330
4396,264
4397,485
4398,480
4399,223
4400,199
4401,147
4402,388
4403,294
4404,217
4405,208
4406,87
4407,79
4408,70
4409,179
4410,105
4411,60
4412,52
4413,47
4414,41
4415,26
4416,192
4417,146
4418,269
4419,267
4420,161
4421,146
4422,118
4423,262
4424,229
4425,305
4426,301
4427,174
4428,148
4429,120
4430,214
4431,200
4432,230
4433,216
4434,116
4435,109
4436,89
4437,330
4438,250
4439,140
4440,134
4441,75
4442,69
4443,49
4444,138
4445,100
4446,73
4447,67
4448,58
4449,53
4450,46
4451,201
4452,180
4453,685
4454,645
4455,335
4456,304
4457,238
4458,502
4459,377
4460,213
4461,195
4462,159
4463,147
4464,111
4465,260
4466,214
4467,601
4468,564
4469,294
4470,253
4471,202
4472,407
4473,274
4474,160
4475,150
4476,98
4477,90
4478,72
4479,271
4480,230
4481,140
4482,129
4483,83
4484,79
4485,59
4486,189
4487,131
4488,446
4489,441
4490,206
4491,183
4492,141
4493,243
4494,161
4495,43
4496,49
4497,36
4498,38
4499,37
4500,155
4501,136
4502,356
4503,346
4504,167
4505,142
4506,120
4507,300
4508,220
4509,201
4510,193
4511,78
4512,67
4513,53
4514,179
4515,125
4516,121
4517,115
4518,63
4519,58
4520,51
4521,228
4522,163
4523,16
4524,28
4525,12
4526,16
4527,18
4528,152
4529,127
4530,1168
4531,1071
4532,556
4533,528
4534,420
4535,690
4536,567
4537,113
4538,103
4539,71
4540,63
4541,43
4542,111
4543,91
4544,154
4545,148
4546,67
4547,59
4548,45
4549,162
4550,109
4551,127
4552,120
4553,87
4554,81
4555,59
4556,165
4557,140
4558,106
4559,98
4560,82
4561,73
4562,59
4563,200
4564,171
4565,183
4566,171
4567,109
4568,102
4569,78
4570,217
4571,198
4572,385
4573,382
4574,161
4575,135
4576,100
4577,319
4578,237
4579,883
4580,838
4581,400
4582,373
4583,295
4584,510
4585,384
4586,307
4587,302
4588,166
4589,142
4590,117
4591,340
4592,275
4593,277
4594,267
4595,155
4596,136
4597,108
4598,309
4599,243
4600,220
4601,211
4602,162
4603,137
4604,117
4605,135
4606,123
4607,313
4608,300
4609,145
4610,121
4611,103
4612,300
4613,232
4614,176
4615,171
4616,104
4617,97
4618,79
4619,186
4620,131
4621,78
4622,68
4623,49
4624,42
4625,41
4626,89
4627,81
4628,41
4629,28
4630,31
4631,30
4632,35
4633,43
4634,31
4635,5
4636,22
4637,23
4638,25
4639,23
4640,36
4641,41
4642,397
4643,128
4644,89
4645,85
4646,89
4647,97
4648,149
4649,289
4650,98
4651,71
4652,66
4653,73
4654,77
4655,103
4656,2
4657,18
4658,17
4659,20
4660,25
4661,37
4662,33
4663,46
4664,0
4665,0
4666,0
4667,0
4668,12
4669,21
4670,20
4671,21
4672,26
4673,24
4674,29
4675,55
4676,52
4677,190
4678,83
4679,59
4680,52
4681,67
4682,57
4683,74
4684,2
4685,6
4686,8
4687,8
4688,22
4689,45
4690,49
4691,54
4692,65
4693,58
4694,58
4695,69
4696,110
4697,107
4698,13
4699,21
4700,23
4701,26
4702,32
4703,54
4704,50
4705,23
4706,14
4707,4
4708,0
4709,0
4710,0
4711,0
4712,77
4713,26
4714,17
4715,18
4716,18
4717,24
4718,39
4719,490
4720,289
4721,215
4722,180
4723,174
4724,163
4725,180
4726,53
4727,24
4728,25
4729,25
4730,32
4731,43
4732,34
4733,34
4734,8
4735,8
4736,1
4737,2
4738,8
4739,12
4740,157
4741,69
4742,61
4743,58
4744,63
4745,61
4746,71
4747,21
4748,43
4749,37
4750,36
4751,40
4752,63
4753,61
4754,17
4755,24
4756,25
4757,29
4758,30
4759,70
4760,71
4761,29
4762,13
4763,14
4764,10
4765,15
4766,24
4767,17
4768,14
4769,26
4770,27
4771,29
4772,34
4773,42
4774,41
4775,143
4776,33
4777,28
4778,28
4779,41
4780,46
4781,65
4782,37
4783,52
4784,48
4785,49
4786,57
4787,63
4788,56
4789,530
4790,194
4791,114
4792,88
4793,90
4794,104
4795,196
4796,46
4797,66
4798,59
4799,59
4800,70
4801,92
4802,87
4803,0
4804,7
4805,1
4806,0
4807,0
4808,1
4809,2
4810,14
4811,27
4812,25
4813,23
4814,31
4815,49
4816,50
4817,346
4818,99
4819,74
4820,70
4821,79
4822,75
4823,129
4824,580
4825,248
4826,158
4827,118
4828,121
4829,144
4830,208
4831,19
4832,24
4833,26
4834,26
4835,24
4836,21
4837,17
4838,148
4839,67
4840,48
4841,45
4842,52
4843,52
4844,63
4845,45
4846,2
4847,1
4848,0
4849,7
4850,22
4851,27
4852,25
4853,16
4854,9
4855,4
4856,5
4857,5
4858,2
4859,65
4860,22
4861,17
4862,18
4863,20
4864,28
4865,32
4866,1
4867,7
4868,8
4869,12
4870,22
4871,42
4872,39
4873,28
4874,0
4875,0
4876,0
4877,6
4878,22
4879,20
4880,711
4881,274
4882,140
4883,106
4884,113
4885,140
4886,263
4887,36
4888,19
4889,16
4890,8
4891,9
4892,1
4893,0
4894,69
4895,24
4896,15
4897,8
4898,2
4899,5
4900,20
4901,44
4902,43
4903,46
4904,46
4905,52
4906,91
4907,94
4908,371
4909,133
4910,75
4911,55
4912,48
4913,59
4914,110
4915,70
4916,18
4917,13
4918,4
4919,2
4920,7
4921,15
4922,28
4923,26
4924,17
4925,20
4926,27
4927,39
4928,29
4929,4
4930,23
4931,17
4932,16
4933,20
4934,42
4935,38
4936,56
4937,51
4938,45
4939,43
4940,48
4941,41
4942,27
4943,24
4944,0
4945,0
4946,0
4947,2
4948,18
4949,14
4950,337
4951,99
4952,71
4953,64
4954,69
4955,67
4956,121
4957,216
4958,93
4959,76
4960,73
4961,83
4962,87
4963,95
4964,1
4965,9
4966,14
4967,12
4968,13
4969,46
4970,48
4971,52
4972,57
4973,43
4974,35
4975,29
4976,32
4977,19
4978,31
4979,18
4980,15
4981,12
4982,15
4983,16
4984,18
4985,1
4986,30
4987,19
4988,19
4989,21
4990,21
4991,19
4992,155
4993,70
4994,64
4995,63
4996,70
4997,63
4998,62
4999,80
5000,48
5001,40
5002,39
5003,47
5004,53
5005,52
5006,3
5007,19
5008,22
5009,23
5010,21
5011,30
5012,32
5013,24
5014,30
5015,24
5016,23
5017,29
5018,45
5019,43
5020,352
5021,170
5022,144
5023,138
5024,140
5025,137
5026,144
5027,23
5028,28
5029,31
5030,24
5031,24
5032,34
5033,24
5034,116
5035,27
5036,15
5037,13
5038,25
5039,26
5040,50
5041,16
5042,15
5043,6
5044,7
5045,10
5046,21
5047,12
5048,23
5049,14
5050,14
5051,16
5052,20
5053,26
5054,16
5055,21
5056,47
5057,37
5058,26
5059,21
5060,21
5061,9
5062,97
5063,45
5064,29
5065,27
5066,39
5067,40
5068,41
5069,159
5070,67
5071,61
5072,56
5073,63
5074,57
5075,77
5076,16
5077,28
5078,28
5079,31
5080,35
5081,63
5082,60
5083,0
5084,8
5085,5
5086,4
5087,10
5088,27
5089,29
5090,19
5091,35
5092,37
5093,39
5094,45
5095,61
5096,54
5097,14
5098,42
5099,35
5100,35
5101,41
5102,55
5103,47
5104,13
5105,22
5106,23
5107,26
5108,32
5109,54
5110,49
5111,45
5112,38
5113,36
5114,33
5115,36
5116,44
5117,34
5118,93
5119,35
5120,28
5121,28
5122,38
5123,41
5124,47
5125,21
5126,5
5127,7
5128,3
5129,0
5130,0
5131,0
5132,57
5133,38
5134,39
5135,40
5136,40
5137,49
5138,39
5139,165
5140,70
5141,60
5142,47
5143,48
5144,29
5145,53
5146,94
5147,34
5148,34
5149,33
5150,34
5151,44
5152,55
5153,31
5154,3
5155,5
5156,7
5157,13
5158,25
5159,25
5160,2
5161,18
5162,17
5163,20
5164,25
5165,37
5166,33
5167,39
5168,29
5169,34
5170,39
5171,50
5172,68
5173,65
5174,5
5175,10
5176,12
5177,12
5178,9
5179,32
5180,36
5181,54
5182,37
5183,40
5184,39
5185,45
5186,52
5187,48
5188,49
5189,23
5190,24
5191,25
5192,32
5193,40
5194,33
5195,36
5196,40
5197,43
5198,43
5199,49
5200,66
5201,69
5202,33
5203,20
5204,20
5205,20
5206,24
5207,37
5208,30
5209,35
5210,46
5211,39
5212,35
5213,35
5214,41
5215,34
5216,39
5217,40
5218,42
5219,44
5220,54
5221,79
5222,77
5223,37
5224,52
5225,47
5226,48
5227,57
5228,63
5229,57
5230,74
5231,15
5232,11
5233,10
5234,15
5235,20
5236,31
5237,47
5238,67
5239,60
5240,59
5241,70
5242,92
5243,86
5244,15
5245,28
5246,26
5247,23
5248,30
5249,49
5250,50
5251,5
5252,8
5253,0
5254,0
5255,0
5256,3
5257,0
5258,10
5259,26
5260,21
5261,23
5262,27
5263,58
5264,61
5265,0
5266,16
5267,16
5268,15
5269,13
5270,22
5271,15
5272,14
5273,19
5274,20
5275,24
5276,33
5277,69
5278,75
5279,18
5280,17
5281,19
5282,21
5283,29
5284,71
5285,69
5286,149
5287,53
5288,42
5289,39
5290,52
5291,53
5292,66
5293,24
5294,20
5295,19
5296,16
5297,16
5298,23
5299,11
5300,32
5301,44
5302,35
5303,39
5304,52
5305,88
5306,89
5307,29
5308,40
5309,35
5310,30
5311,22
5312,27
5313,13
5314,45
5315,9
5316,9
5317,8
5318,16
5319,27
5320,31
5321,67
5322,22
5323,20
5324,22
5325,24
5326,35
5327,31
5328,3
5329,31
5330,20
5331,20
5332,22
5333,22
5334,21
5335,27
5336,33
5337,34
5338,38
5339,46
5340,78
5341,75
5342,24
5343,32
5344,30
5345,31
5346,39
5347,47
5348,50
5349,36
5350,23
5351,24
5352,21
5353,24
5354,31
5355,22
5356,32
5357,45
5358,49
5359,48
5360,54
5361,72
5362,70
5363,17
5364,18
5365,15
5366,19
5367,27
5368,64
5369,64
5370,24
5371,53
5372,43
5373,32
5374,22
5375,19
5376,7
5377,14
5378,43
5379,35
5380,35
5381,41
5382,55
5383,47
5384,57
5385,24
5386,24
5387,21
5388,24
5389,40
5390,39
5391,13
5392,0
5393,4
5394,2
5395,0
5396,0
5397,0
5398,2869
5399,2546
5400,1571
5401,1360
5402,1228
5403,1211
5404,1161
5405,4678
5406,4392
5407,3180
5408,2750
5409,2473
5410,2465
5411,2430
5412,1130
5413,1061
5414,583
5415,504
5416,366
5417,288
5418,289
5419,576
5420,558
5421,302
5422,241
5423,163
5424,117
5425,125
5426,1749
5427,1626
5428,831
5429,659
5430,532
5431,483
5432,489
5433,102
5434,94
5435,79
5436,71
5437,56
5438,47
5439,40
5440,669
5441,655
5442,310
5443,249
5444,159
5445,127
5446,146
5447,4851
5448,4506
5449,2995
5450,2626
5451,2348
5452,2379
5453,2409
5454,809
5455,780
5456,468
5457,387
5458,290
5459,241
5460,235
5461,865
5462,818
5463,414
5464,353
5465,263
5466,240
5467,248
5468,899
5469,879
5470,394
5471,337
5472,249
5473,220
5474,246
5475,1035
5476,985
5477,555
5478,481
5479,377
5480,317
5481,296
5482,852
5483,833
5484,439
5485,363
5486,271
5487,242
5488,243
5489,645
5490,618
5491,389
5492,324
5493,227
5494,186
5495,189
5496,1183
5497,1116
5498,648
5499,574
5500,437
5501,370
5502,340
5503,239
5504,227
5505,112
5506,100
5507,79
5508,64
5509,54
5510,211
5511,197
5512,110
5513,93
5514,71
5515,54
5516,48
5517,1109
5518,1077
5519,622
5520,518
5521,411
5522,347
5523,328
5524,491
5525,480
5526,257
5527,209
5528,142
5529,103
5530,112
5531,2709
5532,2363
5533,1699
5534,1487
5535,1353
5536,1270
5537,1219
5538,468
5539,461
5540,238
5541,202
5542,140
5543,108
5544,119
5545,813
5546,776
5547,385
5548,291
5549,200
5550,156
5551,168
5552,1081
5553,1025
5554,560
5555,460
5556,362
5557,317
5558,300
5559,1995
5560,1766
5561,1062
5562,867
5563,707
5564,632
5565,594
5566,455
5567,455
5568,251
5569,203
5570,147
5571,117
5572,123
5573,3156
5574,2761
5575,1695
5576,1545
5577,1362
5578,1345
5579,1397
5580,652
5581,637
5582,319
5583,257
5584,177
5585,141
5586,158
5587,2082
5588,1814
5589,1082
5590,919
5591,764
5592,686
5593,659
5594,643
5595,633
5596,329
5597,269
5598,188
5599,146
5600,159
5601,614
5602,596
5603,381
5604,318
5605,245
5606,201
5607,195
5608,475
5609,460
5610,240
5611,196
5612,130
5613,89
5614,102
5615,1390
5616,1330
5617,679
5618,562
5619,433
5620,362
5621,341
5622,1032
5623,984
5624,575
5625,477
5626,373
5627,325
5628,300
5629,1111
5630,1040
5631,655
5632,555
5633,414
5634,333
5635,318
5636,162
5637,149
5638,83
5639,74
5640,58
5641,48
5642,44
5643,491
5644,476
5645,258
5646,214
5647,148
5648,105
5649,117
5650,2807
5651,2373
5652,1185
5653,1004
5654,862
5655,867
5656,916
5657,1440
5658,1345
5659,774
5660,649
5661,517
5662,455
5663,433
5664,6633
5665,6400
5666,4327
5667,4017
5668,3745
5669,3725
5670,3790
5671,1880
5672,1683
5673,1038
5674,863
5675,742
5676,656
5677,623
5678,3595
5679,3234
5680,1766
5681,1618
5682,1329
5683,1335
5684,1358
5685,816
5686,785
5687,454
5688,398
5689,308
5690,265
5691,244
5692,2241
5693,1930
5694,1238
5695,1073
5696,931
5697,829
5698,790
5699,1001
5700,949
5701,569
5702,494
5703,391
5704,349
5705,321
5706,1624
5707,1515
5708,729
5709,583
5710,459
5711,410
5712,426
5713,709
5714,689
5715,357
5716,283
5717,185
5718,150
5719,159
5720,381
5721,380
5722,226
5723,186
5724,125
5725,101
5726,101
5727,2408
5728,2096
5729,1202
5730,1026
5731,880
5732,800
5733,763
5734,551
5735,534
5736,301
5737,253
5738,176
5739,131
5740,139
5741,447
5742,442
5743,237
5744,196
5745,133
5746,111
5747,120
5748,252
5749,244
5750,144
5751,117
5752,92
5753,77
5754,67
5755,2646
5756,2212
5757,1312
5758,1145
5759,1001
5760,926
5761,883
5762,1041
5763,991
5764,602
5765,529
5766,421
5767,353
5768,322
5769,680
5770,666
5771,312
5772,251
5773,176
5774,146
5775,165
5776,555
5777,537
5778,291
5779,227
5780,147
5781,97
5782,105
5783,51
5784,41
5785,42
5786,33
5787,25
5788,18
5789,12
5790,414
5791,410
5792,195
5793,173
5794,130
5795,111
5796,109
5797,1977
5798,1728
5799,995
5800,786
5801,620
5802,563
5803,529
5804,965
5805,890
5806,478
5807,406
5808,329
5809,286
5810,291
5811,337
5812,322
5813,175
5814,152
5815,113
5816,98
5817,87
5818,3595
5819,3209
5820,1795
5821,1646
5822,1350
5823,1345
5824,1360
5825,2158
5826,1895
5827,1089
5828,926
5829,770
5830,696
5831,656
5832,885
5833,855
5834,476
5835,412
5836,327
5837,283
5838,283
5839,1281
5840,1221
5841,657
5842,557
5843,423
5844,357
5845,350
5846,6869
5847,6625
5848,4650
5849,4289
5850,4019
5851,4011
5852,4021
5853,1355
5854,1292
5855,732
5856,603
5857,467
5858,375
5859,362
5860,1997
5861,1763
5862,1043
5863,868
5864,706
5865,628
5866,600
5867,773
5868,747
5869,415
5870,320
5871,229
5872,199
5873,197
5874,540
5875,534
5876,272
5877,229
5878,162
5879,119
5880,133
5881,1538
5882,1429
5883,730
5884,597
5885,473
5886,423
5887,446
5888,1576
5889,1478
5890,783
5891,648
5892,512
5893,449
5894,417
5895,1244
5896,1168
5897,670
5898,559
5899,424
5900,383
5901,359
5902,661
5903,648
5904,325
5905,262
5906,176
5907,145
5908,154
5909,558
5910,535
5911,294
5912,248
5913,187
5914,159
5915,169
5916,2110
5917,1766
5918,1169
5919,995
5920,842
5921,757
5922,735
5923,482
5924,479
5925,237
5926,190
5927,138
5928,109
5929,124
5930,583
5931,563
5932,311
5933,249
5934,168
5935,135
5936,147
5937,1562
5938,1478
5939,804
5940,668
5941,536
5942,468
5943,432
5944,1633
5945,1502
5946,888
5947,718
5948,585
5949,517
5950,471
5951,613
5952,594
5953,309
5954,248
5955,177
5956,140
5957,153
5958,2053
5959,1809
5960,1236
5961,1068
5962,919
5963,816
5964,762
5965,2839
5966,2453
5967,1544
5968,1381
5969,1249
5970,1202
5971,1216
5972,297
5973,285
5974,157
5975,135
5976,107
5977,84
5978,73
5979,1262
5980,1191
5981,740
5982,631
5983,498
5984,416
5985,377
5986,401
5987,410
5988,216
5989,186
5990,120
5991,98
5992,107
5993,3026
5994,2654
5995,1512
5996,1289
5997,1156
5998,1170
5999,1189
6000,4586
6001,4304
6002,2780
6003,2408
6004,2131
6005,2199
6006,2225
6007,650
6008,639
6009,339
6010,278
6011,206
6012,165
6013,173
6014,1511
6015,1410
6016,805
6017,645
6018,509
6019,429
6020,416
6021,711
6022,681
6023,348
6024,282
6025,190
6026,163
6027,176
6028,941
6029,871
6030,529
6031,462
6032,372
6033,321
6034,309
6035,4202
6036,3881
6037,2558
6038,2397
6039,2101
6040,2074
6041,2021
6042,675
6043,658
6044,348
6045,280
6046,203
6047,161
6048,173
6049,1381
6050,1318
6051,647
6052,538
6053,411
6054,356
6055,379
6056,1421
6057,1325
6058,683
6059,562
6060,433
6061,379
6062,385
6063,588
6064,566
6065,312
6066,252
6067,177
6068,129
6069,137
6070,396
6071,399
6072,226
6073,178
6074,131
6075,100
6076,103
6077,618
6078,602
6079,309
6080,248
6081,176
6082,142
6083,153
6084,523
6085,510
6086,246
6087,199
6088,137
6089,98
6090,113
6091,2311
6092,1992
6093,1199
6094,1030
6095,883
6096,829
6097,782
6098,93
6099,81
6100,63
6101,51
6102,35
6103,27
6104,23
6105,2600
6106,2180
6107,1347
6108,1192
6109,1043
6110,963
6111,957
6112,147
6113,135
6114,88
6115,78
6116,62
6117,54
6118,47
6119,1751
6120,1602
6121,992
6122,791
6123,655
6124,568
6125,516
6126,1900
6127,1754
6128,899
6129,698
6130,565
6131,533
6132,538
6133,2095
6134,1830
6135,1106
6136,956
6137,804
6138,724
6139,691
6140,2273
6141,1959
6142,1236
6143,1066
6144,923
6145,835
6146,798
6147,1762
6148,1590
6149,1008
6150,800
6151,633
6152,538
6153,501
6154,1799
6155,1661
6156,861
6157,656
6158,530
6159,469
6160,440
6161,393
6162,397
6163,212
6164,179
6165,134
6166,112
6167,103
6168,1653
6169,1519
6170,887
6171,711
6172,576
6173,492
6174,447
6175,237
6176,232
6177,122
6178,105
6179,82
6180,59
6181,58
6182,1398
6183,1325
6184,824
6185,719
6186,586
6187,500
6188,458
6189,1248
6190,1178
6191,756
6192,650
6193,510
6194,415
6195,374
6196,317
6197,279
6198,101
6199,88
6200,83
6201,73
6202,74
6203,1062
6204,1013
6205,565
6206,451
6207,351
6208,297
6209,281
6210,2632
6211,2209
6212,1239
6213,1088
6214,943
6215,930
6216,889
6217,1056
6218,1004
6219,533
6220,456
6221,358
6222,324
6223,324
6224,1083
6225,1042
6226,612
6227,495
6228,387
6229,324
6230,299
6231,674
6232,659
6233,328
6234,278
6235,198
6236,167
6237,178
6238,598
6239,584
6240,327
6241,281
6242,216
6243,180
6244,185
6245,421
6246,415
6247,240
6248,212
6249,150
6250,132
6251,136
6252,474
6253,474
6254,236
6255,191
6256,124
6257,95
6258,105
6259,651
6260,637
6261,296
6262,250
6263,172
6264,131
6265,164
6266,310
6267,295
6268,144
6269,124
6270,103
6271,90
6272,93
6273,642
6274,639
6275,307
6276,269
6277,201
6278,153
6279,171
6280,369
6281,359
6282,169
6283,140
6284,115
6285,96
6286,94
6287,230
6288,220
6289,107
6290,91
6291,73
6292,63
6293,64
6294,818
6295,800
6296,392
6297,326
6298,225
6299,190
6300,210
6301,352
6302,347
6303,175
6304,150
6305,123
6306,99
6307,90
6308,407
6309,402
6310,231
6311,199
6312,135
6313,112
6314,118
6315,394
6316,394
6317,183
6318,160
6319,121
6320,103
6321,103
6322,374
6323,367
6324,154
6325,128
6326,104
6327,87
6328,89
6329,697
6330,684
6331,320
6332,279
6333,210
6334,174
6335,203
6336,558
6337,542
6338,286
6339,237
6340,180
6341,137
6342,149
6343,282
6344,267
6345,142
6346,122
6347,100
6348,91
6349,86
6350,348
6351,340
6352,160
6353,134
6354,111
6355,93
6356,94
6357,270
6358,269
6359,145
6360,120
6361,94
6362,77
6363,69
6364,438
6365,445
6366,208
6367,179
6368,130
6369,109
6370,119
6371,870
6372,852
6373,469
6374,383
6375,286
6376,239
6377,233
6378,724
6379,719
6380,343
6381,280
6382,202
6383,166
6384,190
6385,693
6386,680
6387,377
6388,312
6389,220
6390,190
6391,192
6392,816
6393,786
6394,383
6395,313
6396,223
6397,201
6398,211
6399,695
6400,675
6401,357
6402,298
6403,224
6404,188
6405,205
6406,782
6407,760
6408,361
6409,298
6410,210
6411,183
6412,202
6413,932
6414,911
6415,434
6416,336
6417,249
6418,217
6419,229
6420,731
6421,719
6422,332
6423,271
6424,180
6425,151
6426,173
6427,1510
6428,1455
6429,778
6430,649
6431,515
6432,447
6433,441
6434,2078
6435,1858
6436,1056
6437,867
6438,707
6439,631
6440,612
6441,796
6442,784
6443,380
6444,325
6445,228
6446,198
6447,210
6448,995
6449,966
6450,431
6451,363
6452,264
6453,234
6454,254
6455,722
6456,709
6457,334
6458,286
6459,220
6460,188
6461,207
6462,1030
6463,967
6464,532
6465,449
6466,366
6467,311
6468,302
6469,680
6470,666
6471,401
6472,339
6473,250
6474,207
6475,214
6476,979
6477,905
6478,536
6479,471
6480,387
6481,343
6482,325
6483,119
6484,107
6485,94
6486,116
6487,144
6488,106
6489,100
6490,213
6491,220
6492,203
6493,201
6494,224
6495,156
6496,131
6497,341
6498,254
6499,232
6500,222
6501,246
6502,179
6503,198
6504,159
6505,175
6506,175
6507,180
6508,204
6509,165
6510,152
6511,70
6512,73
6513,70
6514,42
6515,53
6516,51
6517,67
6518,157
6519,185
6520,181
6521,170
6522,191
6523,149
6524,127
6525,196
6526,192
6527,162
6528,166
6529,206
6530,142
6531,119
6532,42
6533,66
6534,49
6535,22
6536,49
6537,29
6538,30
6539,158
6540,145
6541,140
6542,114
6543,133
6544,105
6545,84
6546,68
6547,78
6548,65
6549,46
6550,61
6551,52
6552,47
6553,258
6554,214
6555,199
6556,203
6557,222
6558,166
6559,170
6560,192
6561,227
6562,217
6563,211
6564,220
6565,173
6566,143
6567,169
6568,201
6569,196
6570,195
6571,209
6572,152
6573,133
6574,45
6575,67
6576,54
6577,28
6578,34
6579,31
6580,27
6581,72
6582,85
6583,83
6584,64
6585,92
6586,76
6587,65
6588,164
6589,169
6590,148
6591,143
6592,164
6593,120
6594,104
6595,246
6596,236
6597,209
6598,193
6599,198
6600,142
6601,133
6602,149
6603,171
6604,169
6605,155
6606,173
6607,145
6608,127
6609,38
6610,50
6611,38
6612,46
6613,71
6614,91
6615,99
6616,42
6617,46
6618,42
6619,27
6620,61
6621,67
6622,69
6623,25
6624,61
6625,42
6626,45
6627,57
6628,76
6629,83
6630,93
6631,142
6632,125
6633,119
6634,145
6635,98
6636,83
6637,139
6638,159
6639,131
6640,133
6641,141
6642,93
6643,85
6644,148
6645,140
6646,118
6647,84
6648,104
6649,99
6650,103
6651,366
6652,286
6653,263
6654,252
6655,248
6656,207
6657,219
6658,123
6659,123
6660,113
6661,79
6662,104
6663,98
6664,74
6665,134
6666,157
6667,157
6668,143
6669,172
6670,137
6671,113
6672,53
6673,72
6674,66
6675,51
6676,65
6677,61
6678,62
6679,213
6680,256
6681,238
6682,217
6683,214
6684,154
6685,114
6686,144
6687,162
6688,153
6689,160
6690,187
6691,130
6692,107
6693,93
6694,101
6695,89
6696,61
6697,85
6698,71
6699,49
6700,149
6701,170
6702,155
6703,149
6704,166
6705,105
6706,95
6707,227
6708,195
6709,167
6710,166
6711,197
6712,150
6713,159
6714,147
6715,157
6716,138
6717,142
6718,165
6719,130
6720,112
6721,124
6722,155
6723,129
6724,120
6725,126
6726,94
6727,68
6728,201
6729,228
6730,203
6731,203
6732,212
6733,147
6734,129
6735,95
6736,77
6737,64
6738,97
6739,137
6740,127
6741,127
6742,52
6743,67
6744,60
6745,54
6746,82
6747,87
6748,70
6749,0
6750,17
6751,12
6752,8
6753,39
6754,49
6755,49
6756,152
6757,179
6758,160
6759,150
6760,170
6761,124
6762,95
6763,61
6764,71
6765,69
6766,91
6767,115
6768,121
6769,119
6770,172
6771,167
6772,150
6773,111
6774,111
6775,110
6776,95
6777,115
6778,172
6779,144
6780,150
6781,176
6782,113
6783,87
6784,32
6785,54
6786,45
6787,58
6788,73
6789,67
6790,56
6791,87
6792,124
6793,121
6794,122
6795,141
6796,99
6797,92
6798,142
6799,173
6800,148
6801,134
6802,142
6803,98
6804,90
6805,42
6806,15
6807,16
6808,15
6809,22
6810,25
6811,28
6812,47
6813,49
6814,51
6815,52
6816,62
6817,96
6818,91
6819,15
6820,26
6821,28
6822,29
6823,30
6824,43
6825,38
6826,24
6827,30
6828,32
6829,36
6830,37
6831,71
6832,71
6833,31
6834,39
6835,41
6836,43
6837,50
6838,53
6839,56
6840,45
6841,16
6842,17
6843,19
6844,30
6845,28
6846,36
6847,44
6848,26
6849,27
6850,27
6851,36
6852,43
6853,37
6854,8
6855,16
6856,16
6857,14
6858,20
6859,34
6860,31
6861,43
6862,42
6863,44
6864,48
6865,57
6866,89
6867,88
6868,4
6869,11
6870,13
6871,15
6872,17
6873,51
6874,46
6875,11
6876,13
6877,14
6878,20
6879,27
6880,62
6881,60
6882,102
6883,37
6884,36
6885,31
6886,36
6887,33
6888,54
6889,37
6890,38
6891,40
6892,40
6893,46
6894,83
6895,81
6896,42
6897,39
6898,42
6899,43
6900,53
6901,89
6902,90
6903,40
6904,16
6905,16
6906,14
6907,20
6908,21
6909,26
6910,42
6911,39
6912,41
6913,45
6914,54
6915,90
6916,87
6917,17
6918,19
6919,20
6920,26
6921,33
6922,55
6923,49
6924,57
6925,40
6926,41
6927,41
6928,40
6929,37
6930,43
6931,1
6932,10
6933,10
6934,9
6935,11
6936,19
6937,20
6938,26
6939,24
6940,25
6941,29
6942,38
6943,70
6944,71
6945,129
6946,51
6947,25
6948,24
6949,17
6950,17
6951,22
6952,171
6953,37
6954,21
6955,22
6956,23
6957,30
6958,40
6959,171
6960,27
6961,8
6962,6
6963,5
6964,7
6965,20
6966,60
6967,22
6968,4
6969,6
6970,8
6971,10
6972,9
6973,114
6974,12
6975,9
6976,15
6977,16
6978,54
6979,63
6980,131
6981,9
6982,0
6983,0
6984,0
6985,3
6986,14
6987,10
6988,2
6989,0
6990,0
6991,0
6992,16
6993,18
6994,188
6995,58
6996,53
6997,56
6998,67
6999,94
7000,104
7001,108
7002,35
7003,31
7004,36
7005,31
7006,48
7007,51
7008,132
7009,12
7010,2
7011,4
7012,5
7013,19
7014,19
7015,122
7016,66
7017,32
7018,28
7019,20
7020,17
7021,14
7022,100
7023,37
7024,25
7025,25
7026,23
7027,29
7028,28
7029,213
7030,49
7031,29
7032,29
7033,29
7034,33
7035,36
7036,53
7037,44
7038,43
7039,45
7040,51
7041,64
7042,71
7043,110
7044,41
7045,30
7046,29
7047,26
7048,29
7049,38
7050,85
7051,80
7052,41
7053,39
7054,33
7055,40
7056,37
7057,69
7058,24
7059,4
7060,0
7061,0
7062,0
7063,5
7064,171
7065,32
7066,15
7067,8
7068,3
7069,5
7070,13
7071,49
7072,25
7073,17
7074,15
7075,14
7076,13
7077,13
7078,24
7079,21
7080,9
7081,8
7082,6
7083,11
7084,10
7085,321
7086,96
7087,63
7088,56
7089,47
7090,43
7091,75
7092,126
7093,95
7094,62
7095,56
7096,52
7097,50
7098,46
7099,55
7100,30
7101,9
7102,3
7103,0
7104,0
7105,0
7106,95
7107,61
7108,30
7109,26
7110,24
7111,26
7112,24
7113,100
7114,43
7115,31
7116,34
7117,37
7118,40
7119,39
7120,47
7121,26
7122,6
7123,0
7124,0
7125,0
7126,0
7127,1
7128,3
7129,2
7130,2
7131,1
7132,13
7133,14
7134,122
7135,54
7136,22
7137,20
7138,18
7139,17
7140,20
7141,182
7142,38
7143,5
7144,4
7145,0
7146,0
7147,0
7148,136
7149,54
7150,39
7151,42
7152,45
7153,82
7154,84
7155,147
7156,23
7157,21
7158,24
7159,25
7160,57
7161,67
7162,45
7163,45
7164,34
7165,35
7166,37
7167,51
7168,51
7169,163
7170,33
7171,11
7172,9
7173,5
7174,6
7175,9
7176,76
7177,34
7178,20
7179,19
7180,11
7181,11
7182,14
7183,151
7184,21
7185,18
7186,23
7187,25
7188,63
7189,69
7190,228
7191,49
7192,19
7193,16
7194,14
7195,17
7196,35
7197,294
7198,117
7199,80
7200,76
7201,71
7202,78
7203,79
7204,165
7205,38
7206,14
7207,2
7208,0
7209,0
7210,0
7211,166
7212,52
7213,40
7214,32
7215,27
7216,27
7217,28
7218,103
7219,38
7220,19
7221,19
7222,23
7223,25
7224,20
7225,61
7226,23
7227,21
7228,26
7229,28
7230,44
7231,49
7232,152
7233,53
7234,38
7235,44
7236,52
7237,82
7238,89
7239,112
7240,66
7241,37
7242,35
7243,39
7244,39
7245,35
7246,74
7247,56
7248,33
7249,30
7250,20
7251,18
7252,13
7253,200
7254,28
7255,7
7256,4
7257,4
7258,8
7259,17
7260,217
7261,29
7262,14
7263,13
7264,14
7265,18
7266,36
7267,141
7268,35
7269,13
7270,16
7271,17
7272,21
7273,25
7274,50
7275,12
7276,13
7277,15
7278,12
7279,41
7280,45
7281,119
7282,47
7283,26
7284,26
7285,22
7286,20
7287,21
7288,96
7289,42
7290,32
7291,33
7292,38
7293,47
7294,45
7295,182
7296,20
7297,0
7298,3
7299,2
7300,15
7301,25
7302,109
7303,34
7304,12
7305,11
7306,14
7307,14
7308,12
7309,158
7310,49
7311,19
7312,19
7313,17
7314,18
7315,22
7316,188
7317,42
7318,30
7319,29
7320,27
7321,29
7322,31
7323,65
7324,35
7325,14
7326,8
7327,5
7328,3
7329,1
7330,73
7331,54
7332,42
7333,39
7334,37
7335,38
7336,38
7337,126
7338,32
7339,29
7340,34
7341,38
7342,75
7343,85
7344,59
7345,23
7346,10
7347,3
7348,0
7349,0
7350,0
7351,178
7352,37
7353,24
7354,26
7355,28
7356,34
7357,41
7358,203
7359,190
7360,122
7361,108
7362,94
7363,75
7364,69
7365,417
7366,408
7367,241
7368,202
7369,149
7370,125
7371,111
7372,4
7373,9
7374,11
7375,12
7376,9
7377,3
7378,10
7379,19
7380,41
7381,14
7382,18
7383,18
7384,26
7385,57
7386,13
7387,25
7388,17
7389,18
7390,19
7391,23
7392,37
7393,10
7394,22
7395,11
7396,12
7397,12
7398,14
7399,33
7400,281
7401,277
7402,147
7403,124
7404,98
7405,75
7406,79
7407,36
7408,24
7409,30
7410,27
7411,22
7412,20
7413,17
7414,12
7415,16
7416,16
7417,20
7418,20
7419,26
7420,29
7421,37
7422,33
7423,9
7424,12
7425,13
7426,16
7427,21
7428,44
7429,29
7430,29
7431,27
7432,22
7433,18
7434,14
7435,69
7436,59
7437,41
7438,38
7439,31
7440,32
7441,27
7442,15
7443,15
7444,33
7445,33
7446,29
7447,24
7448,21
7449,66
7450,50
7451,40
7452,38
7453,35
7454,42
7455,38
7456,119
7457,104
7458,89
7459,79
7460,68
7461,56
7462,50
7463,28
7464,15
7465,19
7466,17
7467,13
7468,11
7469,11
7470,33
7471,19
7472,10
7473,9
7474,8
7475,9
7476,7
7477,124
7478,107
7479,83
7480,69
7481,56
7482,44
7483,37
7484,96
7485,81
7486,59
7487,53
7488,49
7489,48
7490,47
7491,23
7492,11
7493,8
7494,7
7495,6
7496,8
7497,7
7498,121
7499,107
7500,58
7501,49
7502,38
7503,27
7504,21
7505,57
7506,46
7507,34
7508,33
7509,31
7510,37
7511,36
7512,23
7513,36
7514,27
7515,32
7516,28
7517,33
7518,50
7519,38
7520,39
7521,28
7522,28
7523,27
7524,26
7525,24
7526,56
7527,46
7528,33
7529,31
7530,27
7531,29
7532,25
7533,21
7534,29
7535,26
7536,30
7537,29
7538,33
7539,41
7540,152
7541,138
7542,67
7543,55
7544,48
7545,41
7546,37
7547,460
7548,452
7549,218
7550,178
7551,127
7552,100
7553,109
7554,70
7555,54
7556,66
7557,59
7558,52
7559,44
7560,40
7561,190
7562,177
7563,93
7564,81
7565,70
7566,60
7567,54
7568,8
7569,7
7570,14
7571,15
7572,10
7573,5
7574,3
7575,62
7576,50
7577,47
7578,41
7579,36
7580,30
7581,26
7582,51
7583,40
7584,36
7585,38
7586,36
7587,43
7588,40
7589,34
7590,19
7591,28
7592,26
7593,19
7594,14
7595,11
7596,0
7597,2
7598,1
7599,2
7600,1
7601,0
7602,10
7603,197
7604,192
7605,103
7606,93
7607,78
7608,63
7609,57
7610,117
7611,102
7612,66
7613,54
7614,45
7615,36
7616,31
7617,43
7618,32
7619,28
7620,29
7621,24
7622,28
7623,25
7624,21
7625,39
7626,13
7627,13
7628,13
7629,19
7630,46
7631,38
7632,23
7633,33
7634,32
7635,26
7636,17
7637,15
7638,42
7639,31
7640,24
7641,24
7642,22
7643,24
7644,20
7645,288
7646,280
7647,155
7648,133
7649,108
7650,84
7651,84
7652,38
7653,29
7654,18
7655,17
7656,13
7657,8
7658,5
7659,27
7660,15
7661,9
7662,10
7663,9
7664,16
7665,14
7666,35
7667,36
7668,21
7669,21
7670,20
7671,26
7672,24
7673,862
7674,836
7675,407
7676,324
7677,227
7678,187
7679,188
7680,44
7681,31
7682,32
7683,32
7684,29
7685,29
7686,27
7687,78
7688,64
7689,49
7690,49
7691,48
7692,56
7693,52
7694,39
7695,22
7696,25
7697,23
7698,18
7699,19
7700,17
7701,15
7702,29
7703,19
7704,20
7705,19
7706,21
7707,36
7708,160
7709,147
7710,81
7711,72
7712,64
7713,60
7714,56
7715,74
7716,61
7717,52
7718,46
7719,39
7720,33
7721,29
7722,55
7723,41
7724,31
7725,29
7726,25
7727,31
7728,26
7729,70
7730,60
7731,40
7732,38
7733,35
7734,42
7735,37
7736,91
7737,74
7738,88
7739,78
7740,66
7741,51
7742,43
7743,22
7744,33
7745,14
7746,18
7747,17
7748,30
7749,47
7750,36
7751,21
7752,16
7753,15
7754,13
7755,16
7756,16
7757,52
7758,41
7759,37
7760,38
7761,37
7762,42
7763,41
7764,48
7765,70
7766,42
7767,47
7768,46
7769,57
7770,91
7771,60
7772,46
7773,51
7774,47
7775,39
7776,29
7777,25
7778,143
7779,132
7780,69
7781,58
7782,46
7783,38
7784,34
7785,12
7786,15
7787,17
7788,17
7789,17
7790,14
7791,18
7792,181
7793,171
7794,80
7795,69
7796,57
7797,49
7798,47
7799,417
7800,403
7801,202
7802,175
7803,135
7804,110
7805,111
7806,2
7807,24
7808,8
7809,8
7810,8
7811,8
7812,39
7813,53
7814,38
7815,41
7816,37
7817,30
7818,25
7819,22
7820,9
7821,13
7822,19
7823,23
7824,20
7825,22
7826,24
7827,152
7828,140
7829,83
7830,71
7831,61
7832,48
7833,42
7834,40
7835,30
7836,22
7837,21
7838,20
7839,22
7840,20
7841,73
7842,63
7843,34
7844,35
7845,35
7846,43
7847,42
7848,47
7849,36
7850,23
7851,24
7852,24
7853,33
7854,31
7855,8
7856,16
7857,19
7858,24
7859,21
7860,15
7861,25
7862,18
7863,29
7864,20
7865,21
7866,22
7867,26
7868,40
7869,9
7870,19
7871,12
7872,15
7873,15
7874,16
7875,32
7876,60
7877,49
7878,44
7879,39
7880,34
7881,27
7882,24
7883,0
7884,8
7885,0
7886,0
7887,0
7888,3
7889,18
7890,118
7891,103
7892,85
7893,74
7894,64
7895,53
7896,45
7897,9
7898,21
7899,17
7900,18
7901,17
7902,20
7903,34
7904,100
7905,84
7906,77
7907,69
7908,57
7909,44
7910,38
7911,60
7912,51
7913,17
7914,15
7915,14
7916,18
7917,16
7918,40
7919,28
7920,23
7921,25
7922,22
7923,28
7924,25
7925,58
7926,46
7927,38
7928,35
7929,32
7930,33
7931,29
7932,77
7933,58
7934,65
7935,61
7936,54
7937,36
7938,32
7939,71
7940,61
7941,41
7942,40
7943,38
7944,33
7945,29
7946,24
7947,28
7948,25
7949,29
7950,29
7951,32
7952,37
7953,27
7954,26
7955,29
7956,29
7957,26
7958,29
7959,27
7960,0
7961,6
7962,0
7963,0
7964,0
7965,0
7966,11
7967,38
7968,37
7969,37
7970,39
7971,37
7972,44
7973,41
7974,52
7975,38
7976,42
7977,40
7978,33
7979,31
7980,27
7981,146
7982,134
7983,73
7984,62
7985,50
7986,40
7987,34
7988,10
7989,24
7990,21
7991,26
7992,25
7993,21
7994,36
7995,43
7996,31
7997,40
7998,39
7999,32
8000,22
8001,18
8002,363
8003,493
8004,469
8005,226
8006,157
8007,125
8008,134
8009,312
8010,392
8011,375
8012,199
8013,157
8014,136
8015,128
8016,399
8017,472
8018,356
8019,163
8020,106
8021,63
8022,73
8023,39
8024,33
8025,33
8026,25
8027,24
8028,23
8029,20
8030,99
8031,144
8032,136
8033,49
8034,36
8035,32
8036,24
8037,372
8038,468
8039,444
8040,187
8041,133
8042,106
8043,118
8044,26
8045,17
8046,16
8047,22
8048,18
8049,11
8050,7
8051,40
8052,36
8053,34
8054,25
8055,19
8056,15
8057,13
8058,57
8059,90
8060,89
8061,30
8062,26
8063,24
8064,28
8065,72
8066,87
8067,82
8068,47
8069,43
8070,36
8071,32
8072,321
8073,398
8074,383
8075,205
8076,139
8077,120
8078,132
8079,23
8080,24
8081,27
8082,52
8083,48
8084,45
8085,38
8086,53
8087,54
8088,53
8089,36
8090,39
8091,41
8092,49
8093,0
8094,9
8095,18
8096,2
8097,2
8098,0
8099,0
8100,90
8101,113
8102,109
8103,71
8104,65
8105,56
8106,62
8107,219
8108,252
8109,237
8110,166
8111,134
8112,114
8113,105
8114,35
8115,47
8116,47
8117,29
8118,21
8119,22
8120,17
8121,409
8122,451
8123,392
8124,252
8125,187
8126,149
8127,152
8128,152
8129,211
8130,200
8131,103
8132,86
8133,78
8134,76
8135,126
8136,187
8137,173
8138,81
8139,65
8140,47
8141,33
8142,39
8143,34
8144,38
8145,29
8146,28
8147,29
8148,32
8149,24
8150,37
8151,43
8152,47
8153,39
8154,37
8155,40
8156,10
8157,3
8158,0
8159,7
8160,2
8161,0
8162,0
8163,35
8164,48
8165,48
8166,20
8167,19
8168,16
8169,10
8170,242
8171,293
8172,254
8173,128
8174,103
8175,89
8176,84
8177,33
8178,25
8179,24
8180,28
8181,26
8182,23
8183,22
8184,18
8185,25
8186,34
8187,25
8188,24
8189,25
8190,28
8191,0
8192,2
8193,7
8194,21
8195,12
8196,8
8197,5
8198,71
8199,110
8200,109
8201,36
8202,31
8203,29
8204,38
8205,72
8206,76
8207,74
8208,69
8209,58
8210,52
8211,57
8212,657
8213,819
8214,694
8215,349
8216,247
8217,197
8218,218
8219,124
8220,153
8221,145
8222,134
8223,110
8224,96
8225,88
8226,389
8227,487
8228,439
8229,195
8230,139
8231,115
8232,127
8233,0
8234,0
8235,0
8236,7
8237,0
8238,0
8239,0
8240,39
8241,29
8242,26
8243,30
8244,28
8245,26
8246,27
8247,121
8248,172
8249,162
8250,92
8251,83
8252,72
8253,75
8254,543
8255,688
8256,594
8257,302
8258,217
8259,173
8260,185
8261,34
8262,22
8263,20
8264,32
8265,33
8266,29
8267,22
8268,19
8269,10
8270,8
8271,10
8272,7
8273,7
8274,1
8275,39
8276,54
8277,51
8278,35
8279,23
8280,23
8281,30
8282,60
8283,73
8284,72
8285,58
8286,50
8287,42
8288,49
8289,39
8290,50
8291,51
8292,17
8293,16
8294,17
8295,22
8296,40
8297,41
8298,36
8299,32
8300,25
8301,20
8302,16
8303,19
8304,13
8305,12
8306,20
8307,18
8308,18
8309,14
8310,371
8311,469
8312,418
8313,202
8314,136
8315,121
8316,137
8317,38
8318,40
8319,41
8320,24
8321,17
8322,11
8323,2
8324,60
8325,64
8326,57
8327,33
8328,24
8329,21
8330,17
8331,95
8332,146
8333,142
8334,56
8335,44
8336,37
8337,42
8338,1762
8339,2061
8340,1867
8341,933
8342,768
8343,660
8344,645
8345,62
8346,87
8347,80
8348,53
8349,44
8350,36
8351,37
8352,110
8353,143
8354,138
8355,92
8356,77
8357,75
8358,78
8359,27
8360,20
8361,17
8362,19
8363,14
8364,6
8365,1
8366,350
8367,464
8368,444
8369,194
8370,137
8371,113
8372,125
8373,108
8374,150
8375,144
8376,82
8377,65
8378,58
8379,58
8380,65
8381,74
8382,70
8383,50
8384,45
8385,43
8386,53
8387,642
8388,670
8389,505
8390,378
8391,275
8392,239
8393,241
8394,76
8395,92
8396,83
8397,57
8398,36
8399,31
8400,40
8401,32
8402,55
8403,67
8404,45
8405,35
8406,35
8407,45
8408,22
8409,14
8410,16
8411,16
8412,10
8413,12
8414,14
8415,76
8416,86
8417,77
8418,70
8419,54
8420,48
8421,48
8422,22
8423,37
8424,46
8425,30
8426,30
8427,32
8428,37
8429,63
8430,66
8431,66
8432,68
8433,58
8434,54
8435,63
8436,269
8437,346
8438,302
8439,137
8440,109
8441,96
8442,94
8443,712
8444,917
8445,770
8446,322
8447,230
8448,200
8449,214
8450,18
8451,12
8452,13
8453,8
8454,12
8455,12
8456,6
8457,56
8458,70
8459,67
8460,66
8461,54
8462,45
8463,49
8464,253
8465,328
8466,315
8467,166
8468,124
8469,110
8470,104
8471,86
8472,130
8473,125
8474,55
8475,47
8476,40
8477,41
8478,110
8479,154
8480,145
8481,61
8482,51
8483,52
8484,61
8485,66
8486,85
8487,84
8488,55
8489,49
8490,48
8491,59
8492,314
8493,405
8494,384
8495,204
8496,157
8497,138
8498,136
8499,18
8500,8
8501,0
8502,0
8503,0
8504,0
8505,0
8506,180
8507,228
8508,221
8509,153
8510,133
8511,112
8512,107
8513,135
8514,170
8515,157
8516,107
8517,88
8518,75
8519,65
8520,45
8521,63
8522,61
8523,24
8524,17
8525,17
8526,26
8527,222
8528,273
8529,254
8530,155
8531,109
8532,94
8533,86
8534,58
8535,63
8536,54
8537,73
8538,55
8539,40
8540,23
8541,69
8542,98
8543,93
8544,53
8545,37
8546,34
8547,40
8548,41
8549,35
8550,37
8551,30
8552,33
8553,34
8554,36
8555,29
8556,43
8557,52
8558,44
8559,45
8560,45
8561,50
8562,141
8563,222
8564,220
8565,105
8566,86
8567,78
8568,76
8569,135
8570,176
8571,159
8572,70
8573,54
8574,48
8575,49
8576,105
8577,147
8578,138
8579,96
8580,81
8581,69
8582,64
8583,128
8584,170
8585,163
8586,98
8587,82
8588,73
8589,71
8590,56
8591,78
8592,76
8593,32
8594,30
8595,28
8596,38
8597,393
8598,457
8599,398
8600,222
8601,163
8602,128
8603,140
8604,65
8605,99
8606,97
8607,49
8608,38
8609,38
8610,42
8611,87
8612,103
8613,95
8614,50
8615,42
8616,40
8617,49
8618,87
8619,131
8620,125
8621,59
8622,52
8623,50
8624,54
8625,29
8626,30
8627,27
8628,25
8629,14
8630,16
8631,10
8632,49
8633,67
8634,69
8635,25
8636,23
8637,22
8638,21
8639,192
8640,260
8641,252
8642,123
8643,98
8644,84
8645,84
8646,114
8647,169
8648,161
8649,76
8650,61
8651,55
8652,62
8653,57
8654,70
8655,71
8656,30
8657,25
8658,21
8659,14
8660,62
8661,75
8662,73
8663,34
8664,30
8665,28
8666,29
8667,51
8668,65
8669,62
8670,30
8671,30
8672,32
8673,30
8674,51
8675,71
8676,69
8677,38
8678,33
8679,31
8680,38
8681,82
8682,93
8683,90
8684,77
8685,70
8686,61
8687,64
8688,37
8689,44
8690,41
8691,26
8692,21
8693,18
8694,27
8695,28
8696,29
8697,16
8698,20
8699,18
8700,26
8701,21
8702,126
8703,144
8704,83
8705,82
8706,72
8707,67
8708,55
8709,62
8710,67
8711,32
8712,28
8713,24
8714,25
8715,19
8716,16
8717,27
8718,16
8719,24
8720,22
8721,36
8722,35
8723,29
8724,57
8725,22
8726,28
8727,28
8728,45
8729,75
8730,21
8731,28
8732,24
8733,26
8734,22
8735,28
8736,25
8737,40
8738,34
8739,15
8740,14
8741,13
8742,23
8743,19
8744,11
8745,23
8746,18
8747,22
8748,19
8749,30
8750,30
8751,83
8752,79
8753,35
8754,34
8755,33
8756,34
8757,29
8758,33
8759,31
8760,15
8761,16
8762,15
8763,24
8764,19
8765,33
8766,30
8767,21
8768,22
8769,19
8770,35
8771,31
8772,26
8773,51
8774,25
8775,31
8776,30
8777,42
8778,63
8779,11
8780,8
8781,11
8782,10
8783,8
8784,8
8785,4
8786,14
8787,42
8788,13
8789,21
8790,21
8791,31
8792,61
8793,0
8794,20
8795,7
8796,9
8797,8
8798,10
8799,24
8800,17
8801,46
8802,16
8803,24
8804,23
8805,36
8806,65
8807,93
8808,107
8809,50
8810,47
8811,35
8812,32
8813,25
8814,25
8815,45
8816,27
8817,32
8818,30
8819,43
8820,55
8821,55
8822,54
8823,25
8824,25
8825,24
8826,40
8827,36
8828,13
8829,35
8830,18
8831,19
8832,17
8833,26
8834,48
8835,23
8836,52
8837,20
8838,24
8839,24
8840,37
8841,68
8842,116
8843,123
8844,62
8845,58
8846,53
8847,48
8848,37
8849,11
8850,39
8851,19
8852,12
8853,10
8854,10
8855,39
8856,36
8857,33
8858,20
8859,20
8860,19
8861,27
8862,24
8863,20
8864,49
8865,19
8866,26
8867,24
8868,36
8869,66
8870,0
8871,15
8872,5
8873,2
8874,1
8875,4
8876,16
8877,50
8878,47
8879,46
8880,43
8881,36
8882,32
8883,27
8884,7
8885,18
8886,10
8887,5
8888,4
8889,11
8890,15
8891,6
8892,14
8893,20
8894,24
8895,20
8896,22
8897,26
8898,221
8899,219
8900,200
8901,187
8902,206
8903,150
8904,121
8905,198
8906,207
8907,193
8908,192
8909,213
8910,153
8911,125
8912,17
8913,36
8914,32
8915,2
8916,17
8917,18
8918,19
8919,164
8920,128
8921,128
8922,122
8923,151
8924,139
8925,143
8926,14
8927,24
8928,13
8929,12
8930,38
8931,57
8932,56
8933,199
8934,194
8935,183
8936,174
8937,201
8938,142
8939,137
8940,68
8941,69
8942,60
8943,88
8944,115
8945,94
8946,88
8947,53
8948,71
8949,71
8950,48
8951,77
8952,59
8953,38
8954,77
8955,72
8956,53
8957,24
8958,43
8959,50
8960,69
8961,100
8962,129
8963,115
8964,120
8965,134
8966,108
8967,97
8968,100
8969,131
8970,117
8971,98
8972,124
8973,106
8974,82
8975,152
8976,175
8977,180
8978,178
8979,202
8980,172
8981,152
8982,51
8983,74
8984,67
8985,40
8986,60
8987,51
8988,40
8989,246
8990,257
8991,233
8992,211
8993,214
8994,185
8995,162
8996,11
8997,14
8998,14
8999,20
9000,47
9001,62
9002,68
9003,246
9004,258
9005,249
9006,231
9007,238
9008,196
9009,169
9010,82
9011,103
9012,84
9013,66
9014,88
9015,71
9016,65
9017,48
9018,68
9019,62
9020,73
9021,100
9022,106
9023,97
9024,49
9025,81
9026,75
9027,60
9028,85
9029,75
9030,65
9031,230
9032,217
9033,190
9034,183
9035,218
9036,162
9037,134
9038,52
9039,66
9040,49
9041,22
9042,45
9043,29
9044,31
9045,146
9046,155
9047,137
9048,83
9049,97
9050,83
9051,87
9052,202
9053,222
9054,202
9055,199
9056,211
9057,169
9058,146
9059,68
9060,117
9061,95
9062,79
9063,84
9064,54
9065,55
9066,217
9067,183
9068,175
9069,142
9070,152
9071,124
9072,107
9073,26
9074,80
9075,67
9076,27
9077,36
9078,20
9079,10
9080,247
9081,196
9082,167
9083,155
9084,184
9085,157
9086,159
9087,704
9088,513
9089,402
9090,376
9091,360
9092,281
9093,298
9094,204
9095,239
9096,227
9097,213
9098,215
9099,175
9100,153
9101,115
9102,131
9103,119
9104,104
9105,136
9106,93
9107,85
9108,73
9109,91
9110,86
9111,87
9112,109
9113,107
9114,95
9115,46
9116,57
9117,42
9118,25
9119,59
9120,50
9121,52
9122,3
9123,14
9124,18
9125,19
9126,42
9127,48
9128,39
9129,309
9130,270
9131,249
9132,226
9133,231
9134,184
9135,163
9136,59
9137,106
9138,97
9139,90
9140,97
9141,79
9142,64
9143,30
9144,56
9145,53
9146,36
9147,61
9148,68
9149,64
9150,238
9151,238
9152,207
9153,192
9154,193
9155,139
9156,127
9157,80
9158,82
9159,83
9160,100
9161,116
9162,139
9163,135
9164,38
9165,43
9166,35
9167,44
9168,84
9169,98
9170,104
9171,67
9172,115
9173,92
9174,68
9175,75
9176,56
9177,47
9178,211
9179,198
9180,181
9181,163
9182,187
9183,141
9184,129
9185,105
9186,127
9187,99
9188,104
9189,111
9190,73
9191,70
9192,120
9193,125
9194,102
9195,71
9196,93
9197,90
9198,89
9199,301
9200,247
9201,232
9202,227
9203,238
9204,200
9205,195
9206,122
9207,140
9208,117
9209,66
9210,88
9211,69
9212,60
9213,213
9214,227
9215,212
9216,199
9217,206
9218,196
9219,166
9220,168
9221,179
9222,150
9223,123
9224,135
9225,96
9226,83
9227,81
9228,83
9229,81
9230,55
9231,81
9232,84
9233,65
9234,150
9235,156
9236,161
9237,147
9238,182
9239,146
9240,121
9241,23
9242,36
9243,32
9244,41
9245,60
9246,71
9247,75
9248,255
9249,292
9250,274
9251,245
9252,243
9253,182
9254,135
9255,109
9256,85
9257,68
9258,53
9259,90
9260,77
9261,98
9262,68
9263,79
9264,66
9265,34
9266,52
9267,36
9268,39
9269,192
9270,199
9271,180
9272,152
9273,175
9274,155
9275,124
9276,35
9277,26
9278,21
9279,19
9280,42
9281,62
9282,55
9283,246
9284,245
9285,218
9286,194
9287,202
9288,180
9289,148
9290,217
9291,212
9292,190
9293,174
9294,182
9295,128
9296,118
9297,16
9298,41
9299,33
9300,45
9301,69
9302,76
9303,77
9304,244
9305,202
9306,173
9307,163
9308,191
9309,152
9310,150
9311,196
9312,194
9313,173
9314,169
9315,189
9316,158
9317,140
9318,0
9319,1
9320,5
9321,10
9322,37
9323,70
9324,67
9325,158
9326,179
9327,154
9328,128
9329,137
9330,109
9331,91
9332,56
9333,69
9334,62
9335,26
9336,41
9337,35
9338,33
9339,215
9340,231
9341,205
9342,208
9343,217
9344,152
9345,131
9346,56
9347,55
9348,53
9349,33
9350,59
9351,48
9352,48
9353,134
9354,121
9355,103
9356,112
9357,147
9358,127
9359,107
9360,124
9361,143
9362,139
9363,102
9364,120
9365,111
9366,107
9367,46
9368,64
9369,59
9370,42
9371,54
9372,46
9373,46
9374,2
9375,19
9376,18
9377,14
9378,50
9379,59
9380,53
9381,24
9382,57
9383,34
9384,1
9385,22
9386,18
9387,14
9388,148
9389,182
9390,159
9391,153
9392,163
9393,126
9394,96
9395,135
9396,155
9397,139
9398,102
9399,114
9400,101
9401,84
9402,155
9403,146
9404,130
9405,119
9406,135
9407,113
9408,108
9409,91
9410,109
9411,91
9412,67
9413,73
9414,82
9415,64
9416,155
9417,197
9418,168
9419,170
9420,193
9421,129
9422,98
9423,128
9424,156
9425,147
9426,134
9427,150
9428,103
9429,96
9430,38
9431,99
9432,92
9433,74
9434,83
9435,70
9436,61
9437,2
9438,49
9439,39
9440,15
9441,25
9442,25
9443,24
9444,260
9445,246
9446,215
9447,193
9448,192
9449,143
9450,139
9451,54
9452,59
9453,56
9454,38
9455,49
9456,48
9457,37
9458,43
9459,92
9460,78
9461,45
9462,57
9463,43
9464,41
9465,79
9466,85
9467,84
9468,63
9469,88
9470,93
9471,91
9472,243
9473,228
9474,144
9475,132
9476,100
9477,307
9478,234
9479,675
9480,660
9481,408
9482,381
9483,309
9484,514
9485,395
9486,122
9487,109
9488,47
9489,39
9490,30
9491,107
9492,90
9493,751
9494,725
9495,366
9496,334
9497,279
9498,412
9499,335
9500,1098
9501,1060
9502,538
9503,505
9504,422
9505,648
9506,492
9507,130
9508,120
9509,71
9510,66
9511,59
9512,183
9513,131
9514,91
9515,81
9516,58
9517,51
9518,35
9519,220
9520,156
9521,190
9522,175
9523,119
9524,108
9525,84
9526,322
9527,214
9528,271
9529,262
9530,140
9531,126
9532,101
9533,155
9534,115
9535,50
9536,44
9537,37
9538,36
9539,27
9540,94
9541,87
9542,232
9543,227
9544,172
9545,152
9546,124
9547,293
9548,240
9549,443
9550,437
9551,222
9552,189
9553,142
9554,303
9555,231
9556,667
9557,656
9558,419
9559,382
9560,318
9561,358
9562,311
9563,293
9564,290
9565,158
9566,134
9567,113
9568,237
9569,176
9570,753
9571,723
9572,400
9573,370
9574,304
9575,574
9576,431
9577,274
9578,261
9579,145
9580,128
9581,101
9582,137
9583,110
9584,418
9585,420
9586,230
9587,190
9588,149
9589,261
9590,189
9591,300
9592,290
9593,181
9594,157
9595,133
9596,320
9597,267
9598,341
9599,336
9600,167
9601,145
9602,111
9603,213
9604,164
9605,687
9606,664
9607,375
9608,346
9609,278
9610,391
9611,286
9612,318
9613,306
9614,174
9615,149
9616,112
9617,197
9618,162
9619,983
9620,939
9621,447
9622,433
9623,362
9624,568
9625,443
9626,379
9627,368
9628,228
9629,202
9630,146
9631,207
9632,161
9633,1926
9634,1741
9635,958
9636,816
9637,663
9638,944
9639,787
9640,548
9641,523
9642,339
9643,308
9644,246
9645,379
9646,310
9647,736
9648,698
9649,355
9650,331
9651,272
9652,430
9653,290
9654,434
9655,430
9656,279
9657,236
9658,189
9659,394
9660,326
9661,323
9662,310
9663,190
9664,170
9665,121
9666,258
9667,176
9668,524
9669,520
9670,264
9671,221
9672,179
9673,286
9674,190
9675,318
9676,312
9677,149
9678,122
9679,94
9680,121
9681,101
9682,78
9683,68
9684,49
9685,43
9686,38
9687,114
9688,99
9689,752
9690,726
9691,377
9692,346
9693,288
9694,412
9695,320
9696,54
9697,42
9698,52
9699,45
9700,38
9701,135
9702,107
9703,892
9704,867
9705,440
9706,396
9707,329
9708,503
9709,376
9710,292
9711,282
9712,160
9713,138
9714,111
9715,336
9716,257
9717,237
9718,229
9719,94
9720,84
9721,69
9722,190
9723,137
9724,440
9725,429
9726,248
9727,207
9728,167
9729,294
9730,208
9731,257
9732,244
9733,150
9734,134
9735,106
9736,248
9737,198
9738,861
9739,823
9740,454
9741,445
9742,368
9743,560
9744,433
9745,265
9746,259
9747,146
9748,129
9749,106
9750,268
9751,191
9752,503
9753,507
9754,273
9755,225
9756,165
9757,259
9758,206
9759,1343
9760,1273
9761,730
9762,657
9763,532
9764,739
9765,587
9766,353
9767,349
9768,192
9769,169
9770,125
9771,206
9772,149
9773,691
9774,669
9775,393
9776,368
9777,301
9778,508
9779,363
9780,575
9781,554
9782,317
9783,289
9784,234
9785,350
9786,250
9787,668
9788,663
9789,360
9790,338
9791,279
9792,404
9793,276
9794,320
9795,314
9796,171
9797,150
9798,110
9799,186
9800,150
9801,449
9802,442
9803,335
9804,300
9805,237
9806,330
9807,283
9808,349
9809,332
9810,167
9811,146
9812,108
9813,217
9814,156
9815,260
9816,249
9817,149
9818,126
9819,85
9820,139
9821,104
9822,242
9823,233
9824,153
9825,137
9826,118
9827,293
9828,222
9829,443
9830,444
9831,287
9832,243
9833,192
9834,305
9835,234
9836,285
9837,271
9838,173
9839,149
9840,128
9841,273
9842,228
9843,642
9844,615
9845,322
9846,292
9847,243
9848,400
9849,320
9850,436
9851,418
9852,261
9853,220
9854,174
9855,321
9856,274
9857,957
9858,921
9859,443
9860,428
9861,348
9862,557
9863,437
9864,695
9865,655
9866,327
9867,300
9868,242
9869,465
9870,329
9871,252
9872,250
9873,143
9874,128
9875,110
9876,211
9877,143
9878,431
9879,417
9880,248
9881,215
9882,160
9883,318
9884,258
9885,298
9886,282
9887,168
9888,145
9889,99
9890,185
9891,130
9892,206
9893,192
9894,140
9895,121
9896,90
9897,171
9898,141
9899,592
9900,578
9901,334
9902,301
9903,245
9904,453
9905,345
9906,246
9907,236
9908,112
9909,97
9910,75
9911,144
9912,112
9913,485
9914,482
9915,262
9916,219
9917,176
9918,316
9919,239
9920,170
9921,156
9922,90
9923,81
9924,68
9925,143
9926,111
9927,171
9928,162
9929,80
9930,71
9931,56
9932,150
9933,94
9934,552
9935,539
9936,307
9937,267
9938,215
9939,413
9940,324
9941,393
9942,389
9943,237
9944,215
9945,170
9946,297
9947,228
9948,331
9949,321
9950,230
9951,186
9952,160
9953,190
9954,160
9955,210
9956,203
9957,90
9958,82
9959,73
9960,275
9961,207
9962,720
9963,700
9964,408
9965,376
9966,299
9967,423
9968,303
9969,577
9970,556
9971,343
9972,314
9973,246
9974,366
9975,304
9976,360
9977,349
9978,256
9979,208
9980,169
9981,230
9982,197
9983,338
9984,321
9985,165
9986,142
9987,118
9988,296
9989,209
9990,256
9991,246
9992,165
9993,141
9994,112
9995,204
9996,166
9997,130
9998,122
9999,57
10000,50
10001,40
10002,123
10003,88
10004,233
10005,222
10006,167
10007,154
10008,135
10009,274
10010,205
10011,301
10012,288
10013,198
10014,176
10015,124
10016,274
10017,238
10018,778
10019,756
10020,402
10021,372
10022,315
10023,487
10024,363
10025,252
10026,243
10027,144
10028,130
10029,107
10030,159
10031,119
10032,493
10033,496
10034,258
10035,213
10036,170
10037,324
10038,232
10039,193
10040,183
10041,111
10042,95
10043,79
10044,75
10045,67
10046,406
10047,402
10048,236
10049,210
10050,149
10051,151
10052,145
10053,10
10054,20
10055,22
10056,27
10057,27
10058,24
10059,36
10060,19
10061,9
10062,0
10063,1
10064,1
10065,3
10066,6
10067,423
10068,430
10069,194
10070,170
10071,115
10072,114
10073,129
10074,0
10075,0
10076,0
10077,0
10078,0
10079,0
10080,0
10081,14
10082,2
10083,7
10084,5
10085,4
10086,11
10087,16
10088,15
10089,37
10090,8
10091,13
10092,14
10093,20
10094,61
10095,69
10096,54
10097,38
10098,38
10099,30
10100,27
10101,39
10102,97
10103,92
10104,63
10105,55
10106,48
10107,57
10108,43
10109,20
10110,8
10111,40
10112,36
10113,32
10114,27
10115,22
10116,85
10117,72
10118,53
10119,52
10120,47
10121,49
10122,51
10123,60
10124,52
10125,40
10126,42
10127,39
10128,48
10129,51
10130,95
10131,81
10132,86
10133,74
10134,60
10135,52
10136,58
10137,21
10138,9
10139,22
10140,10
10141,7
10142,6
10143,7
10144,13
10145,7
10146,5
10147,0
10148,1
10149,3
10150,4
10151,94
10152,82
10153,69
10154,54
10155,41
10156,46
10157,30
10158,93
10159,77
10160,41
10161,38
10162,36
10163,47
10164,38
10165,11
10166,20
10167,24
10168,15
10169,16
10170,23
10171,32
10172,77
10173,63
10174,31
10175,25
10176,14
10177,5
10178,6
10179,44
10180,39
10181,26
10182,27
10183,25
10184,33
10185,37
10186,27
10187,38
10188,45
10189,41
10190,36
10191,42
10192,63
10193,0
10194,15
10195,16
10196,19
10197,14
10198,12
10199,30
10200,34
10201,26
10202,12
10203,9
10204,9
10205,9
10206,15
10207,49
10208,33
10209,23
10210,21
10211,16
10212,23
10213,27
10214,15
10215,24
10216,27
10217,30
10218,29
10219,34
10220,42
10221,163
10222,151
10223,56
10224,49
10225,41
10226,50
10227,49
10228,41
10229,32
10230,40
10231,35
10232,32
10233,39
10234,37
10235,667
10236,648
10237,272
10238,233
10239,161
10240,147
10241,178
10242,127
10243,115
10244,111
10245,96
10246,81
10247,88
10248,78
10249,310
10250,297
10251,148
10252,125
10253,108
10254,104
10255,110
10256,46
10257,31
10258,35
10259,32
10260,30
10261,34
10262,33
10263,73
10264,61
10265,48
10266,49
10267,43
10268,46
10269,51
10270,122
10271,114
10272,46
10273,43
10274,39
10275,51
10276,44
10277,17
10278,2
10279,20
10280,9
10281,2
10282,0
10283,1
10284,341
10285,342
10286,192
10287,167
10288,121
10289,110
10290,104
10291,12
10292,25
10293,25
10294,32
10295,31
10296,35
10297,44
10298,4
10299,17
10300,15
10301,15
10302,13
10303,13
10304,22
10305,111
10306,96
10307,58
10308,40
10309,32
10310,39
10311,34
10312,48
10313,36
10314,38
10315,32
10316,27
10317,34
10318,31
10319,54
10320,48
10321,15
10322,12
10323,12
10324,22
10325,31
10326,21
10327,8
10328,33
10329,23
10330,17
10331,17
10332,14
10333,16
10334,37
10335,27
10336,25
10337,25
10338,29
10339,60
10340,0
10341,4
10342,17
10343,16
10344,14
10345,14
10346,22
10347,252
10348,240
10349,116
10350,106
10351,91
10352,90
10353,90
10354,66
10355,55
10356,33
10357,25
10358,19
10359,12
10360,13
10361,48
10362,41
10363,15
10364,12
10365,11
10366,19
10367,25
10368,1055
10369,1015
10370,440
10371,361
10372,285
10373,274
10374,319
10375,57
10376,42
10377,41
10378,34
10379,24
10380,23
10381,26
10382,85
10383,70
10384,57
10385,51
10386,50
10387,57
10388,66
10389,118
10390,110
10391,50
10392,50
10393,46
10394,58
10395,57
10396,62
10397,54
10398,44
10399,43
10400,36
10401,29
10402,29
10403,49
10404,33
10405,31
10406,29
10407,27
10408,33
10409,30
10410,87
10411,76
10412,50
10413,45
10414,35
10415,36
10416,32
10417,143
10418,128
10419,121
10420,104
10421,84
10422,78
10423,60
10424,30
10425,41
10426,20
10427,27
10428,26
10429,39
10430,59
10431,30
10432,20
10433,12
10434,12
10435,9
10436,14
10437,19
10438,58
10439,43
10440,43
10441,29
10442,22
10443,29
10444,33
10445,52
10446,44
10447,48
10448,37
10449,35
10450,45
10451,44
10452,7
10453,20
10454,23
10455,16
10456,17
10457,21
10458,42
10459,105
10460,91
10461,77
10462,64
10463,50
10464,54
10465,45
10466,123
10467,114
10468,43
10469,39
10470,30
10471,38
10472,37
10473,56
10474,68
10475,69
10476,66
10477,63
10478,72
10479,86
10480,202
10481,189
10482,74
10483,66
10484,55
10485,60
10486,54
10487,597
10488,577
10489,292
10490,246
10491,190
10492,181
10493,202
10494,5
10495,28
10496,10
10497,14
10498,14
10499,13
10500,46
10501,71
10502,57
10503,67
10504,52
10505,43
10506,35
10507,35
10508,35
10509,43
10510,44
10511,44
10512,43
10513,49
10514,57
10515,209
10516,197
10517,98
10518,88
10519,77
10520,75
10521,72
10522,113
10523,102
10524,53
10525,44
10526,32
10527,37
10528,30
10529,81
10530,64
10531,29
10532,30
10533,33
10534,45
10535,52
10536,9
10537,13
10538,20
10539,26
10540,24
10541,21
10542,30
10543,16
10544,31
10545,29
10546,23
10547,23
10548,28
10549,44
10550,88
10551,71
10552,47
10553,47
10554,45
10555,53
10556,44
10557,159
10558,148
10559,106
10560,99
10561,85
10562,89
10563,75
10564,157
10565,141
10566,96
10567,90
10568,72
10569,62
10570,57
10571,61
10572,50
10573,19
10574,12
10575,10
10576,15
10577,21
10578,32
10579,20
10580,21
10581,11
10582,11
10583,16
10584,27
10585,93
10586,82
10587,45
10588,41
10589,32
10590,36
10591,25
10592,47
10593,29
10594,64
10595,50
10596,36
10597,21
10598,18
10599,70
10600,54
10601,42
10602,31
10603,28
10604,25
10605,34
10606,25
10607,34
10608,27
10609,33
10610,34
10611,40
10612,46
10613,25
10614,11
10615,20
10616,16
10617,15
10618,19
10619,18
10620,60
10621,48
10622,56
10623,53
10624,47
10625,43
10626,38
10627,43
10628,28
10629,52
10630,41
10631,32
10632,30
10633,35
10634,52
10635,37
10636,42
10637,40
10638,35
10639,41
10640,41
10641,107
10642,97
10643,48
10644,44
10645,41
10646,46
10647,45
10648,15
10649,22
10650,22
10651,29
10652,29
10653,26
10654,34
10655,9
10656,18
10657,28
10658,30
10659,26
10660,25
10661,31
10662,983
10663,955
10664,450
10665,381
10666,305
10667,293
10668,311
10669,763
10670,732
10671,421
10672,352
10673,265
10674,245
10675,253
10676,389
10677,383
10678,198
10679,157
10680,99
10681,89
10682,78
10683,35
10684,16
10685,22
10686,16
10687,11
10688,7
10689,2
10690,555
10691,554
10692,263
10693,219
10694,156
10695,137
10696,151
10697,216
10698,209
10699,98
10700,84
10701,67
10702,46
10703,43
10704,1456
10705,1398
10706,599
10707,487
10708,368
10709,351
10710,386
10711,57
10712,42
10713,32
10714,29
10715,21
10716,29
10717,17
10718,88
10719,71
10720,42
10721,35
10722,29
10723,37
10724,31
10725,232
10726,220
10727,90
10728,79
10729,63
10730,61
10731,60
10732,252
10733,240
10734,135
10735,121
10736,93
10737,70
10738,73
10739,279
10740,276
10741,157
10742,131
10743,105
10744,97
10745,79
10746,61
10747,47
10748,61
10749,51
10750,50
10751,49
10752,32
10753,526
10754,504
10755,297
10756,258
10757,201
10758,200
10759,199
10760,223
10761,210
10762,95
10763,91
10764,74
10765,77
10766,65
10767,64
10768,55
10769,35
10770,33
10771,25
10772,30
10773,20
10774,477
10775,484
10776,280
10777,238
10778,176
10779,168
10780,163
10781,339
10782,331
10783,163
10784,136
10785,97
10786,89
10787,81
10788,355
10789,342
10790,231
10791,192
10792,151
10793,136
10794,121
10795,92
10796,76
10797,44
10798,39
10799,27
10800,33
10801,29
10802,43
10803,29
10804,17
10805,2
10806,0
10807,0
10808,0
10809,353
10810,335
10811,180
10812,152
10813,119
10814,113
10815,103
10816,421
10817,424
10818,281
10819,224
10820,170
10821,162
10822,141
10823,251
10824,246
10825,138
10826,125
10827,103
10828,91
10829,77
10830,712
10831,679
10832,340
10833,283
10834,223
10835,209
10836,231
10837,295
10838,283
10839,149
10840,114
10841,90
10842,84
10843,81
10844,429
10845,425
10846,222
10847,167
10848,116
10849,97
10850,95
10851,214
10852,207
10853,100
10854,94
10855,79
10856,79
10857,72
10858,150
10859,137
10860,103
10861,87
10862,71
10863,75
10864,67
10865,214
10866,202
10867,118
10868,93
10869,63
10870,37
10871,38
10872,525
10873,522
10874,246
10875,189
10876,125
10877,111
10878,126
10879,335
10880,316
10881,166
10882,140
10883,101
10884,90
10885,88
10886,100
10887,86
10888,60
10889,52
10890,39
10891,42
10892,31
10893,89
10894,74
10895,60
10896,42
10897,25
10898,15
10899,13
10900,651
10901,632
10902,289
10903,221
10904,167
10905,158
10906,202
10907,171
10908,158
10909,117
10910,101
10911,85
10912,85
10913,68
10914,2519
10915,2164
10916,1261
10917,1076
10918,947
10919,902
10920,969
10921,378
10922,364
10923,288
10924,238
10925,193
10926,178
10927,155
10928,538
10929,529
10930,261
10931,212
10932,157
10933,150
10934,165
10935,211
10936,190
10937,107
10938,86
10939,65
10940,70
10941,53
10942,271
10943,256
10944,180
10945,159
10946,126
10947,108
10948,93
10949,281
10950,267
10951,155
10952,137
10953,111
10954,105
10955,96
10956,430
10957,429
10958,185
10959,152
10960,107
10961,104
10962,112
10963,188
10964,176
10965,116
10966,91
10967,63
10968,36
10969,32
10970,35
10971,24
10972,19
10973,20
10974,17
10975,11
10976,10
10977,911
10978,898
10979,403
10980,323
10981,240
10982,227
10983,245
10984,93
10985,78
10986,56
10987,50
10988,41
10989,45
10990,27
10991,330
10992,322
10993,167
10994,136
10995,105
10996,107
10997,103
10998,612
10999,587
11000,290
11001,227
11002,171
11003,162
11004,191
11005,270
11006,258
11007,172
11008,144
11009,115
11010,101
11011,86
11012,156
11013,147
11014,57
11015,49
11016,38
11017,35
11018,45
11019,108
11020,91
11021,74
11022,56
11023,36
11024,18
11025,13
11026,0
11027,0
11028,0
11029,0
11030,0
11031,0
11032,0
11033,270
11034,262
11035,131
11036,118
11037,101
11038,90
11039,80
11040,375
11041,359
11042,195
11043,164
11044,123
11045,113
11046,97
11047,228
11048,213
11049,142
11050,126
11051,103
11052,95
11053,85
11054,311
11055,297
11056,135
11057,108
11058,86
11059,93
11060,87
11061,846
11062,816
11063,390
11064,321
11065,251
11066,241
11067,274
11068,550
11069,533
11070,267
11071,207
11072,149
11073,134
11074,155
11075,286
11076,271
11077,147
11078,128
11079,97
11080,83
11081,78
11082,437
11083,437
11084,209
11085,164
11086,123
11087,112
11088,116
11089,2817
11090,2571
11091,1560
11092,1366
11093,1242
11094,1204
11095,1249
11096,335
11097,326
11098,190
11099,162
11100,117
11101,107
11102,94
11103,323
11104,307
11105,174
11106,150
11107,133
11108,132
11109,134
11110,79
11111,62
11112,40
11113,31
11114,16
11115,15
11116,5
11117,213
11118,209
11119,97
11120,84
11121,63
11122,48
11123,55
11124,376
11125,368
11126,173
11127,154
11128,120
11129,114
11130,116
11131,142
11132,134
11133,80
11134,76
11135,65
11136,65
11137,53
11138,314
11139,298
11140,175
11141,152
11142,124
11143,127
11144,111
11145,286
11146,278
11147,143
11148,119
11149,91
11150,77
11151,78
11152,472
11153,439
11154,340
11155,277
11156,210
11157,189
11158,172
11159,112
11160,98
11161,43
11162,44
11163,38
11164,45
11165,44
11166,99
11167,85
11168,41
11169,36
11170,23
11171,16
11172,20
11173,385
11174,378
11175,220
11176,177
11177,119
11178,121
11179,111
11180,390
11181,380
11182,258
11183,207
11184,164
11185,153
11186,125
11187,35
11188,22
11189,17
11190,5
11191,13
11192,15
11193,22
11194,807
11195,767
11196,497
11197,426
11198,341
11199,316
11200,294
11201,677
11202,663
11203,284
11204,227
11205,157
11206,144
11207,201
11208,88
11209,73
11210,39
11211,34
11212,25
11213,32
11214,31
11215,148
11216,134
11217,107
11218,92
11219,78
11220,75
11221,60
11222,194
11223,189
11224,89
11225,82
11226,64
11227,55
11228,57
11229,820
11230,793
11231,335
11232,259
11233,191
11234,185
11235,218
11236,950
11237,916
11238,404
11239,351
11240,269
11241,272
11242,311
11243,174
11244,165
11245,83
11246,76
11247,62
11248,61
11249,48
11250,382
11251,381
11252,269
11253,212
11254,162
11255,151
11256,133
11257,195
11258,170
11259,97
11260,78
11261,60
11262,59
11263,42
11264,254
11265,238
11266,180
11267,133
11268,94
11269,68
11270,46
11271,1458
11272,1388
11273,729
11274,589
11275,456
11276,416
11277,421
11278,216
11279,209
11280,113
11281,97
11282,77
11283,64
11284,53
11285,302
11286,289
11287,140
11288,130
11289,110
11290,104
11291,111
11292,275
11293,267
11294,156
11295,140
11296,120
11297,115
11298,97
11299,316
11300,298
11301,174
11302,153
11303,111
11304,104
11305,85
11306,173
11307,161
11308,87
11309,71
11310,56
11311,44
11312,46
11313,272
11314,263
11315,141
11316,110
11317,87
11318,81
11319,77
11320,40
11321,26
11322,16
11323,15
11324,12
11325,9
11326,6
11327,415
11328,403
11329,234
11330,198
11331,165
11332,155
11333,148
11334,549
11335,536
11336,280
11337,258
11338,194
11339,196
11340,194
11341,282
11342,271
11343,141
11344,121
11345,88
11346,87
11347,82
11348,653
11349,636
11350,270
11351,211
11352,154
11353,144
11354,188
11355,236
11356,226
11357,142
11358,120
11359,98
11360,87
11361,79
11362,549
11363,522
11364,306
11365,254
11366,180
11367,164
11368,163
11369,370
11370,356
11371,276
11372,213
11373,150
11374,128
11375,110
11376,518
11377,513
11378,270
11379,215
11380,155
11381,153
11382,164
11383,194
11384,188
11385,90
11386,84
11387,71
11388,76
11389,68
11390,326
11391,317
11392,146
11393,119
11394,91
11395,89
11396,87
11397,548
11398,525
11399,331
11400,258
11401,197
11402,182
11403,181
11404,89
11405,75
11406,37
11407,27
11408,22
11409,28
11410,26
11411,228
11412,212
11413,158
11414,138
11415,113
11416,99
11417,79
11418,177
11419,158
11420,144
11421,123
11422,96
11423,84
11424,70
11425,139
11426,123
11427,64
11428,56
11429,42
11430,48
11431,44
11432,202
11433,186
11434,123
11435,116
11436,97
11437,97
11438,88
11439,930
11440,909
11441,396
11442,324
11443,246
11444,232
11445,259
11446,169
11447,152
11448,82
11449,73
11450,58
11451,56
11452,36
11453,34
11454,24
11455,33
11456,31
11457,23
11458,13
11459,11
11460,322
11461,316
11462,160
11463,145
11464,113
11465,98
11466,98
11467,118
11468,104
11469,65
11470,63
11471,55
11472,63
11473,57
11474,117
11475,107
11476,45
11477,41
11478,36
11479,42
11480,39
11481,236
11482,233
11483,146
11484,127
11485,104
11486,94
11487,73
11488,293
11489,280
11490,151
11491,126
11492,107
11493,96
11494,84
11495,277
11496,262
11497,142
11498,131
11499,105
11500,93
11501,75
11502,239
11503,224
11504,105
11505,97
11506,89
11507,89
11508,90
11509,251
11510,238
11511,141
11512,115
11513,95
11514,81
11515,75
11516,255
11517,250
11518,116
11519,97
11520,77
11521,60
11522,70
11523,443
11524,435
11525,203
11526,173
11527,126
11528,124
11529,128
11530,235
11531,225
11532,127
11533,108
11534,89
11535,82
11536,79
11537,268
11538,261
11539,130
11540,113
11541,89
11542,79
11543,84
11544,335
11545,324
11546,151
11547,129
11548,98
11549,88
11550,88
11551,61
11552,48
11553,23
11554,26
11555,28
11556,35
11557,37
11558,298
11559,288
11560,143
11561,128
11562,98
11563,79
11564,74
11565,388
11566,382
11567,215
11568,200
11569,156
11570,168
11571,159
11572,158
11573,146
11574,98
11575,82
11576,69
11577,61
11578,43
11579,404
11580,200
11581,157
11582,147
11583,135
11584,129
11585,152
11586,86
11587,40
11588,34
11589,23
11590,17
11591,16
11592,32
11593,233
11594,96
11595,77
11596,70
11597,66
11598,64
11599,98
11600,356
11601,119
11602,89
11603,81
11604,77
11605,75
11606,126
11607,191
11608,90
11609,73
11610,71
11611,59
11612,62
11613,84
11614,61
11615,40
11616,36
11617,30
11618,31
11619,27
11620,26
11621,41
11622,35
11623,34
11624,34
11625,41
11626,44
11627,48
11628,211
11629,120
11630,118
11631,110
11632,102
11633,83
11634,104
11635,126
11636,44
11637,36
11638,28
11639,23
11640,23
11641,51
11642,10
11643,14
11644,14
11645,7
11646,3
11647,21
11648,23
11649,518
11650,287
11651,209
11652,178
11653,170
11654,161
11655,204
11656,11
11657,21
11658,22
11659,24
11660,23
11661,36
11662,31
11663,81
11664,31
11665,26
11666,23
11667,26
11668,25
11669,44
11670,241
11671,120
11672,103
11673,93
11674,90
11675,90
11676,103
11677,134
11678,60
11679,55
11680,44
11681,36
11682,29
11683,52
11684,229
11685,115
11686,92
11687,83
11688,69
11689,68
11690,97
11691,49
11692,39
11693,38
11694,30
11695,34
11696,34
11697,37
11698,88
11699,32
11700,27
11701,21
11702,22
11703,23
11704,39
11705,156
11706,66
11707,58
11708,48
11709,41
11710,41
11711,60
11712,76
11713,41
11714,35
11715,25
11716,19
11717,17
11718,28
11719,59
11720,46
11721,39
11722,27
11723,19
11724,16
11725,15
11726,82
11727,23
11728,20
11729,17
11730,26
11731,27
11732,43
11733,722
11734,339
11735,239
11736,191
11737,213
11738,195
11739,281
11740,267
11741,212
11742,183
11743,160
11744,134
11745,120
11746,124
11747,215
11748,143
11749,124
11750,111
11751,96
11752,85
11753,96
11754,26
11755,20
11756,20
11757,18
11758,14
11759,14
11760,15
11761,368
11762,150
11763,129
11764,119
11765,111
11766,107
11767,141
11768,39
11769,44
11770,41
11771,28
11772,21
11773,19
11774,11
11775,209
11776,116
11777,105
11778,94
11779,86
11780,76
11781,91
11782,43
11783,18
11784,18
11785,16
11786,22
11787,43
11788,56
11789,185
11790,87
11791,78
11792,68
11793,61
11794,56
11795,77
11796,144
11797,81
11798,77
11799,71
11800,63
11801,48
11802,68
11803,177
11804,75
11805,68
11806,64
11807,61
11808,61
11809,80
11810,44
11811,12
11812,7
11813,0
11814,2
11815,2
11816,14
11817,188
11818,79
11819,71
11820,65
11821,63
11822,55
11823,84
11824,476
11825,220
11826,143
11827,110
11828,107
11829,101
11830,167
11831,70
11832,27
11833,23
11834,14
11835,12
11836,9
11837,29
11838,187
11839,117
11840,115
11841,109
11842,105
11843,86
11844,92
11845,346
11846,169
11847,169
11848,162
11849,171
11850,139
11851,179
11852,54
11853,32
11854,28
11855,23
11856,22
11857,21
11858,26
11859,77
11860,72
11861,68
11862,57
11863,53
11864,49
11865,40
11866,61
11867,23
11868,23
11869,19
11870,26
11871,25
11872,36
11873,179
11874,67
11875,59
11876,53
11877,53
11878,56
11879,84
11880,273
11881,125
11882,115
11883,109
11884,100
11885,83
11886,122
11887,190
11888,100
11889,90
11890,84
11891,77
11892,69
11893,82
11894,118
11895,47
11896,39
11897,31
11898,30
11899,35
11900,51
11901,145
11902,82
11903,76
11904,69
11905,67
11906,62
11907,71
11908,87
11909,75
11910,74
11911,62
11912,55
11913,49
11914,47
11915,147
11916,38
11917,30
11918,23
11919,26
11920,27
11921,58
11922,138
11923,82
11924,79
11925,72
11926,72
11927,73
11928,78
11929,69
11930,48
11931,48
11932,43
11933,43
11934,39
11935,39
11936,162
11937,72
11938,64
11939,57
11940,58
11941,56
11942,73
11943,49
11944,12
11945,7
11946,0
11947,0
11948,0
11949,11
11950,217
11951,120
11952,116
11953,110
11954,100
11955,83
11956,105
11957,351
11958,134
11959,107
11960,98
11961,93
11962,92
11963,130
11964,62
11965,58
11966,39
11967,39
11968,33
11969,35
11970,32
11971,171
11972,165
11973,100
11974,93
11975,77
11976,69
11977,62
11978,20
11979,13
11980,17
11981,17
11982,10
11983,10
11984,8
11985,51
11986,46
11987,15
11988,16
11989,15
11990,28
11991,26
11992,7
11993,23
11994,11
11995,12
11996,10
11997,20
11998,34
11999,213
12000,206
12001,91
12002,82
12003,67
12004,55
12005,55
12006,7
12007,22
12008,2
12009,7
12010,7
12011,20
12012,51
12013,0
12014,16
12015,9
12016,9
12017,8
12018,16
12019,30
12020,34
12021,31
12022,17
12023,16
12024,10
12025,24
12026,22
12027,47
12028,35
12029,50
12030,42
12031,32
12032,24
12033,17
12034,3
12035,24
12036,12
12037,14
12038,10
12039,12
12040,34
12041,142
12042,137
12043,87
12044,82
12045,67
12046,60
12047,52
12048,58
12049,51
12050,49
12051,46
12052,37
12053,36
12054,34
12055,52
12056,40
12057,36
12058,30
12059,20
12060,17
12061,12
12062,122
12063,114
12064,78
12065,68
12066,54
12067,44
12068,37
12069,109
12070,101
12071,59
12072,53
12073,46
12074,46
12075,41
12076,11
12077,16
12078,12
12079,11
12080,10
12081,25
12082,28
12083,110
12084,100
12085,54
12086,45
12087,35
12088,26
12089,20
12090,46
12091,40
12092,27
12093,25
12094,19
12095,30
12096,26
12097,12
12098,15
12099,14
12100,16
12101,10
12102,17
12103,15
12104,20
12105,42
12106,19
12107,23
12108,21
12109,36
12110,60
12111,10
12112,19
12113,16
12114,21
12115,17
12116,33
12117,34
12118,260
12119,251
12120,123
12121,108
12122,89
12123,71
12124,68
12125,137
12126,129
12127,102
12128,93
12129,76
12130,63
12131,56
12132,117
12133,109
12134,58
12135,55
12136,48
12137,43
12138,35
12139,0
12140,5
12141,5
12142,4
12143,1
12144,6
12145,10
12146,61
12147,52
12148,42
12149,38
12150,30
12151,26
12152,21
12153,14
12154,23
12155,13
12156,18
12157,17
12158,37
12159,38
12160,133
12161,129
12162,64
12163,57
12164,47
12165,46
12166,43
12167,0
12168,8
12169,5
12170,6
12171,3
12172,6
12173,17
12174,164
12175,161
12176,88
12177,80
12178,66
12179,56
12180,49
12181,7
12182,23
12183,16
12184,21
12185,17
12186,26
12187,40
12188,0
12189,10
12190,9
12191,11
12192,8
12193,13
12194,20
12195,52
12196,45
12197,32
12198,29
12199,23
12200,22
12201,19
12202,38
12203,32
12204,20
12205,20
12206,14
12207,29
12208,29
12209,36
12210,38
12211,6
12212,5
12213,3
12214,15
12215,21
12216,18
12217,10
12218,20
12219,20
12220,14
12221,21
12222,19
12223,25
12224,25
12225,10
12226,16
12227,12
12228,24
12229,28
12230,0
12231,7
12232,8
12233,9
12234,6
12235,8
12236,14
12237,152
12238,147
12239,72
12240,66
12241,55
12242,48
12243,42
12244,14
12245,30
12246,14
12247,19
12248,18
12249,40
12250,55
12251,20
12252,41
12253,18
12254,22
12255,19
12256,35
12257,63
12258,492
12259,491
12260,257
12261,211
12262,153
12263,117
12264,118
12265,78
12266,67
12267,48
12268,41
12269,33
12270,32
12271,26
12272,252
12273,244
12274,125
12275,117
12276,102
12277,90
12278,86
12279,119
12280,114
12281,75
12282,66
12283,52
12284,42
12285,36
12286,22
12287,16
12288,2
12289,4
12290,2
12291,23
12292,21
12293,29
12294,24
12295,18
12296,16
12297,12
12298,20
12299,17
12300,9
12301,27
12302,2
12303,7
12304,6
12305,28
12306,50
12307,59
12308,51
12309,38
12310,38
12311,30
12312,36
12313,32
12314,91
12315,83
12316,60
12317,57
12318,49
12319,55
12320,46
12321,9
12322,24
12323,6
12324,8
12325,5
12326,19
12327,35
12328,60
12329,49
12330,47
12331,40
12332,30
12333,27
12334,23
12335,16
12336,22
12337,10
12338,11
12339,9
12340,19
12341,18
12342,121
12343,115
12344,48
12345,40
12346,34
12347,33
12348,29
12349,251
12350,244
12351,122
12352,111
12353,96
12354,80
12355,75
12356,0
12357,27
12358,9
12359,9
12360,7
12361,11
12362,42
12363,38
12364,31
12365,29
12366,29
12367,23
12368,25
12369,22
12370,21
12371,31
12372,22
12373,27
12374,26
12375,38
12376,49
12377,113
12378,108
12379,60
12380,52
12381,45
12382,36
12383,30
12384,10
12385,20
12386,17
12387,20
12388,19
12389,29
12390,36
12391,36
12392,52
12393,24
12394,27
12395,28
12396,54
12397,70
12398,12
12399,26
12400,10
12401,11
12402,10
12403,28
12404,41
12405,7
12406,23
12407,11
12408,13
12409,11
12410,21
12411,35
12412,22
12413,14
12414,4
12415,4
12416,2
12417,11
12418,11
12419,134
12420,128
12421,77
12422,69
12423,59
12424,49
12425,42
12426,50
12427,43
12428,41
12429,40
12430,32
12431,29
12432,25
12433,33
12434,28
12435,4
12436,3
12437,1
12438,12
12439,14
12440,114
12441,107
12442,74
12443,67
12444,58
12445,52
12446,45
12447,50
12448,43
12449,28
12450,28
12451,24
12452,34
12453,30
12454,68
12455,56
12456,63
12457,55
12458,44
12459,34
12460,27
12461,24
12462,46
12463,23
12464,29
12465,27
12466,45
12467,73
12468,22
12469,26
12470,26
12471,27
12472,21
12473,33
12474,30
12475,89
12476,84
12477,45
12478,40
12479,33
12480,26
12481,22
12482,74
12483,63
12484,49
12485,40
12486,30
12487,19
12488,13
12489,12
12490,6
12491,14
12492,12
12493,8
12494,10
12495,9
12496,74
12497,63
12498,62
12499,45
12500,40
12501,39
12502,46
12503,214
12504,159
12505,155
12506,112
12507,96
12508,84
12509,95
12510,7
12511,17
12512,22
12513,5
12514,0
12515,1
12516,6
12517,31
12518,19
12519,19
12520,10
12521,16
12522,17
12523,26
12524,49
12525,17
12526,13
12527,1
12528,2
12529,6
12530,25
12531,379
12532,147
12533,122
12534,91
12535,79
12536,81
12537,151
12538,19
12539,28
12540,32
12541,16
12542,12
12543,13
12544,10
12545,32
12546,45
12547,41
12548,22
12549,19
12550,19
12551,25
12552,56
12553,18
12554,20
12555,4
12556,5
12557,10
12558,32
12559,16
12560,27
12561,30
12562,17
12563,13
12564,13
12565,16
12566,92
12567,79
12568,72
12569,42
12570,40
12571,36
12572,42
12573,22
12574,48
12575,48
12576,39
12577,26
12578,24
12579,15
12580,13
12581,16
12582,19
12583,7
12584,0
12585,1
12586,6
12587,290
12588,182
12589,155
12590,121
12591,110
12592,103
12593,116
12594,5
12595,36
12596,40
12597,29
12598,27
12599,37
12600,41
12601,57
12602,73
12603,75
12604,64
12605,71
12606,99
12607,104
12608,18
12609,20
12610,23
12611,9
12612,6
12613,7
12614,14
12615,51
12616,26
12617,29
12618,16
12619,14
12620,17
12621,30
12622,249
12623,178
12624,163
12625,117
12626,95
12627,81
12628,99
12629,35
12630,35
12631,39
12632,26
12633,25
12634,27
12635,33
12636,271
12637,162
12638,146
12639,113
12640,104
12641,102
12642,117
12643,33
12644,16
12645,17
12646,2
12647,2
12648,2
12649,13
12650,62
12651,37
12652,33
12653,13
12654,8
12655,7
12656,22
12657,194
12658,118
12659,106
12660,82
12661,70
12662,65
12663,90
12664,163
12665,120
12666,115
12667,86
12668,73
12669,67
12670,83
12671,34
12672,28
12673,32
12674,10
12675,1
12676,0
12677,12
12678,173
12679,93
12680,81
12681,60
12682,51
12683,47
12684,72
12685,216
12686,120
12687,101
12688,74
12689,63
12690,61
12691,87
12692,43
12693,45
12694,46
12695,28
12696,20
12697,18
12698,22
12699,9
12700,19
12701,19
12702,7
12703,0
12704,0
12705,0
12706,175
12707,82
12708,79
12709,51
12710,47
12711,48
12712,84
12713,56
12714,81
12715,78
12716,54
12717,48
12718,46
12719,40
12720,478
12721,229
12722,172
12723,118
12724,99
12725,100
12726,167
12727,201
12728,177
12729,174
12730,134
12731,110
12732,95
12733,102
12734,177
12735,93
12736,88
12737,65
12738,60
12739,61
12740,89
12741,72
12742,71
12743,66
12744,52
12745,51
12746,47
12747,51
12748,91
12749,35
12750,33
12751,25
12752,29
12753,29
12754,53
12755,14
12756,35
12757,40
12758,15
12759,8
12760,9
12761,13
12762,16
12763,26
12764,31
12765,12
12766,5
12767,6
12768,8
12769,187
12770,127
12771,126
12772,90
12773,77
12774,73
12775,87
12776,3
12777,38
12778,42
12779,24
12780,20
12781,21
12782,16
12783,5
12784,26
12785,28
12786,24
12787,29
12788,38
12789,44
12790,175
12791,110
12792,101
12793,70
12794,61
12795,55
12796,78
12797,55
12798,16
12799,15
12800,1
12801,6
12802,11
12803,30
12804,20
12805,40
12806,40
12807,26
12808,23
12809,21
12810,17
12811,124
12812,80
12813,73
12814,49
12815,40
12816,37
12817,50
12818,74
12819,61
12820,52
12821,30
12822,22
12823,22
12824,32
12825,113
12826,73
12827,68
12828,40
12829,37
12830,38
12831,55
12832,30
12833,21
12834,22
12835,8
12836,4
12837,3
12838,18
12839,172
12840,107
12841,102
12842,73
12843,65
12844,63
12845,76
12846,53
12847,30
12848,35
12849,17
12850,22
12851,22
12852,39
12853,671
12854,339
12855,243
12856,147
12857,129
12858,126
12859,222
12860,36
12861,47
12862,49
12863,34
12864,29
12865,26
12866,29
12867,531
12868,312
12869,231
12870,180
12871,170
12872,181
12873,218
12874,83
12875,67
12876,63
12877,33
12878,25
12879,22
12880,24
12881,5
12882,22
12883,24
12884,19
12885,20
12886,36
12887,42
12888,178
12889,96
12890,91
12891,71
12892,66
12893,70
12894,91
12895,45
12896,46
12897,48
12898,30
12899,32
12900,33
12901,36
12902,39
12903,30
12904,34
12905,13
12906,9
12907,7
12908,24
12909,198
12910,182
12911,179
12912,143
12913,115
12914,94
12915,101
12916,36
12917,26
12918,28
12919,8
12920,5
12921,3
12922,21
12923,125
12924,93
12925,88
12926,62
12927,54
12928,54
12929,55
12930,115
12931,108
12932,103
12933,73
12934,61
12935,57
12936,57
12937,303
12938,143
12939,111
12940,81
12941,75
12942,72
12943,110
12944,62
12945,77
12946,71
12947,48
12948,43
12949,38
12950,40
12951,14
12952,23
12953,26
12954,11
12955,7
12956,8
12957,17
12958,139
12959,66
12960,57
12961,34
12962,35
12963,36
12964,65
12965,63
12966,34
12967,38
12968,23
12969,26
12970,29
12971,38
12972,23
12973,27
12974,29
12975,14
12976,8
12977,9
12978,15
12979,44
12980,62
12981,61
12982,34
12983,29
12984,28
12985,27
12986,46
12987,30
12988,30
12989,14
12990,10
12991,10
12992,19
12993,63
12994,62
12995,60
12996,33
12997,20
12998,17
12999,16
13000,402
13001,238
13002,199
13003,132
13004,117
13005,107
13006,151
13007,73
13008,61
13009,60
13010,40
13011,43
13012,46
13013,59
13014,184
13015,109
13016,105
13017,75
13018,70
13019,71
13020,88
13021,24
13022,28
13023,34
13024,15
13025,8
13026,9
13027,19
13028,28
13029,27
13030,30
13031,20
13032,18
13033,21
13034,30
13035,100
13036,84
13037,76
13038,50
13039,45
13040,42
13041,45
13042,159
13043,130
13044,124
13045,95
13046,84
13047,78
13048,80
13049,43
13050,29
13051,23
13052,7
13053,7
13054,11
13055,31
13056,132
13057,98
13058,98
13059,69
13060,66
13061,65
13062,74
13063,297
13064,200
13065,174
13066,137
13067,121
13068,111
13069,124
13070,77
13071,86
13072,83
13073,59
13074,41
13075,36
13076,27
13077,220
13078,116
13079,95
13080,69
13081,65
13082,66
13083,95
13084,23
13085,35
13086,41
13087,26
13088,26
13089,28
13090,31
13091,112
13092,91
13093,88
13094,54
13095,43
13096,38
13097,46
13098,0
13099,6
13100,7
13101,0
13102,0
13103,10
13104,15
13105,232
13106,186
13107,181
13108,146
13109,120
13110,102
13111,114
13112,79
13113,83
13114,74
13115,55
13116,43
13117,40
13118,30
13119,184
13120,133
13121,127
13122,106
13123,94
13124,89
13125,97
13126,257
13127,142
13128,118
13129,83
13130,73
13131,75
13132,104
13133,39
13134,34
13135,34
13136,17
13137,11
13138,9
13139,16
13140,71
13141,29
13142,29
13143,12
13144,20
13145,24
13146,41
13147,578
13148,585
13149,488
13150,449
13151,414
13152,346
13153,308
13154,623
13155,608
13156,503
13157,482
13158,451
13159,383
13160,339
13161,503
13162,484
13163,301
13164,260
13165,209
13166,157
13167,158
13168,652
13169,660
13170,402
13171,385
13172,313
13173,267
13174,282
13175,1545
13176,1527
13177,960
13178,872
13179,802
13180,665
13181,640
13182,276
13183,261
13184,229
13185,228
13186,197
13187,168
13188,150
13189,257
13190,247
13191,182
13192,166
13193,142
13194,113
13195,104
13196,381
13197,341
13198,231
13199,242
13200,237
13201,234
13202,229
13203,484
13204,493
13205,396
13206,366
13207,315
13208,258
13209,248
13210,334
13211,331
13212,279
13213,271
13214,205
13215,179
13216,162
13217,593
13218,579
13219,459
13220,446
13221,375
13222,333
13223,319
13224,145
13225,129
13226,102
13227,100
13228,81
13229,76
13230,86
13231,157
13232,146
13233,137
13234,141
13235,138
13236,126
13237,130
13238,780
13239,719
13240,559
13241,521
13242,556
13243,518
13244,477
13245,566
13246,552
13247,463
13248,443
13249,399
13250,349
13251,304
13252,177
13253,143
13254,128
13255,112
13256,116
13257,97
13258,79
13259,455
13260,433
13261,331
13262,307
13263,261
13264,233
13265,214
13266,594
13267,614
13268,488
13269,459
13270,411
13271,346
13272,297
13273,178
13274,149
13275,153
13276,156
13277,153
13278,144
13279,146
13280,699
13281,700
13282,516
13283,483
13284,451
13285,380
13286,357
13287,138
13288,123
13289,98
13290,93
13291,85
13292,81
13293,88
13294,354
13295,333
13296,212
13297,185
13298,146
13299,119
13300,107
13301,486
13302,485
13303,378
13304,328
13305,259
13306,198
13307,188
13308,204
13309,191
13310,234
13311,256
13312,277
13313,259
13314,222
13315,391
13316,390
13317,276
13318,233
13319,169
13320,124
13321,117
13322,264
13323,248
13324,226
13325,221
13326,183
13327,151
13328,139
13329,609
13330,602
13331,424
13332,378
13333,322
13334,269
13335,242
13336,390
13337,381
13338,288
13339,264
13340,196
13341,174
13342,152
13343,217
13344,212
13345,227
13346,204
13347,169
13348,117
13349,91
13350,459
13351,462
13352,355
13353,346
13354,322
13355,274
13356,251
13357,433
13358,421
13359,365
13360,321
13361,263
13362,220
13363,201
13364,2741
13365,2476
13366,1642
13367,1375
13368,1349
13369,1177
13370,1192
13371,601
13372,585
13373,503
13374,489
13375,448
13376,392
13377,342
13378,391
13379,344
13380,234
13381,237
13382,244
13383,231
13384,211
13385,269
13386,248
13387,249
13388,234
13389,195
13390,165
13391,138
13392,427
13393,417
13394,367
13395,374
13396,357
13397,321
13398,278
13399,236
13400,220
13401,135
13402,131
13403,119
13404,108
13405,114
13406,377
13407,387
13408,256
13409,226
13410,151
13411,124
13412,119
13413,178
13414,165
13415,133
13416,135
13417,119
13418,118
13419,114
13420,630
13421,650
13422,470
13423,434
13424,401
13425,323
13426,297
13427,67
13428,55
13429,119
13430,137
13431,139
13432,118
13433,113
13434,926
13435,915
13436,595
13437,528
13438,474
13439,395
13440,372
13441,158
13442,129
13443,183
13444,194
13445,212
13446,209
13447,186
13448,248
13449,230
13450,143
13451,138
13452,143
13453,136
13454,124
13455,263
13456,229
13457,163
13458,145
13459,142
13460,124
13461,112
13462,518
13463,495
13464,417
13465,372
13466,313
13467,239
13468,206
13469,559
13470,536
13471,384
13472,377
13473,344
13474,314
13475,273
13476,464
13477,449
13478,303
13479,285
13480,226
13481,205
13482,201
13483,918
13484,908
13485,611
13486,585
13487,511
13488,451
13489,425
13490,571
13491,570
13492,442
13493,405
13494,375
13495,295
13496,268
13497,176
13498,159
13499,145
13500,166
13501,167
13502,153
13503,158
13504,622
13505,627
13506,436
13507,386
13508,321
13509,251
13510,244
13511,1510
13512,1484
13513,915
13514,826
13515,761
13516,629
13517,592
13518,389
13519,389
13520,324
13521,281
13522,234
13523,208
13524,166
13525,738
13526,747
13527,557
13528,545
13529,520
13530,472
13531,426
13532,227
13533,197
13534,196
13535,191
13536,187
13537,160
13538,153
13539,454
13540,463
13541,320
13542,259
13543,197
13544,153
13545,152
13546,525
13547,531
13548,345
13549,320
13550,257
13551,217
13552,218
13553,887
13554,858
13555,554
13556,512
13557,447
13558,392
13559,356
13560,356
13561,354
13562,285
13563,291
13564,271
13565,261
13566,228
13567,443
13568,442
13569,315
13570,287
13571,251
13572,216
13573,188
13574,131
13575,121
13576,95
13577,96
13578,106
13579,109
13580,104
13581,343
13582,316
13583,264
13584,277
13585,292
13586,285
13587,256
13588,191
13589,181
13590,197
13591,194
13592,183
13593,182
13594,174
13595,281
13596,274
13597,241
13598,224
13599,212
13600,190
13601,144
13602,716
13603,686
13604,520
13605,497
13606,444
13607,391
13608,365
13609,864
13610,846
13611,559
13612,518
13613,456
13614,382
13615,358
13616,73
13617,58
13618,103
13619,113
13620,123
13621,118
13622,99
13623,822
13624,814
13625,544
13626,486
13627,419
13628,350
13629,340
13630,645
13631,642
13632,471
13633,439
13634,407
13635,344
13636,311
13637,530
13638,522
13639,369
13640,337
13641,281
13642,240
13643,234
13644,585
13645,558
13646,479
13647,447
13648,400
13649,334
13650,292
13651,574
13652,562
13653,447
13654,412
13655,336
13656,279
13657,264
13658,1361
13659,1304
13660,963
13661,901
13662,862
13663,753
13664,697
13665,54
13666,45
13667,59
13668,62
13669,62
13670,67
13671,69
13672,554
13673,552
13674,405
13675,391
13676,370
13677,316
13678,292
13679,307
13680,265
13681,188
13682,193
13683,186
13684,179
13685,179
13686,277
13687,254
13688,201
13689,196
13690,161
13691,137
13692,118
13693,314
13694,276
13695,155
13696,166
13697,164
13698,170
13699,174
13700,388
13701,390
13702,291
13703,248
13704,183
13705,164
13706,160
13707,16
13708,10
13709,39
13710,18
13711,27
13712,29
13713,46
13714,722
13715,689
13716,519
13717,487
13718,418
13719,368
13720,333
13721,599
13722,611
13723,482
13724,468
13725,428
13726,397
13727,348
13728,322
13729,331
13730,258
13731,247
13732,189
13733,171
13734,154
13735,986
13736,960
13737,593
13738,553
13739,478
13740,425
13741,410
13742,595
13743,583
13744,449
13745,403
13746,343
13747,268
13748,234
13749,971
13750,945
13751,677
13752,635
13753,546
13754,464
13755,441
13756,669
13757,663
13758,514
13759,480
13760,432
13761,369
13762,329
13763,449
13764,443
13765,345
13766,335
13767,320
13768,284
13769,251
13770,204
13771,194
13772,126
13773,132
13774,127
13775,119
13776,130
13777,588
13778,554
13779,428
13780,400
13781,317
13782,272
13783,259
13784,292
13785,276
13786,215
13787,196
13788,159
13789,121
13790,117
13791,284
13792,273
13793,274
13794,279
13795,313
13796,306
13797,270
13798,422
13799,411
13800,389
13801,366
13802,325
13803,295
13804,246
13805,253
13806,217
13807,162
13808,172
13809,208
13810,196
13811,175
13812,412
13813,418
13814,331
13815,328
13816,270
13817,232
13818,218
13819,1165
13820,1151
13821,749
13822,686
13823,611
13824,525
13825,492
13826,337
13827,344
13828,241
13829,234
13830,181
13831,167
13832,152
13833,264
13834,250
13835,240
13836,219
13837,173
13838,131
13839,119
13840,413
13841,355
13842,186
13843,194
13844,207
13845,203
13846,208
13847,119
13848,74
13849,82
13850,148
13851,183
13852,214
13853,147
13854,33
13855,3
13856,0
13857,7
13858,14
13859,38
13860,19
13861,81
13862,51
13863,67
13864,123
13865,124
13866,159
13867,123
13868,53
13869,25
13870,24
13871,86
13872,126
13873,157
13874,105
13875,105
13876,68
13877,78
13878,144
13879,182
13880,190
13881,124
13882,141
13883,107
13884,118
13885,164
13886,199
13887,205
13888,183
13889,71
13890,45
13891,60
13892,117
13893,159
13894,175
13895,125
13896,55
13897,13
13898,19
13899,83
13900,127
13901,143
13902,80
13903,98
13904,50
13905,59
13906,115
13907,169
13908,187
13909,129
13910,39
13911,4
13912,20
13913,62
13914,68
13915,87
13916,50
13917,140
13918,108
13919,119
13920,174
13921,208
13922,214
13923,199
13924,58
13925,14
13926,21
13927,77
13928,123
13929,170
13930,74
13931,78
13932,34
13933,39
13934,106
13935,129
13936,164
13937,104
13938,103
13939,81
13940,93
13941,162
13942,205
13943,216
13944,143
13945,134
13946,80
13947,82
13948,132
13949,173
13950,179
13951,172
13952,125
13953,91
13954,91
13955,167
13956,210
13957,237
13958,167
13959,102
13960,35
13961,28
13962,113
13963,158
13964,204
13965,126
13966,44
13967,16
13968,35
13969,83
13970,107
13971,137
13972,92
13973,73
13974,45
13975,56
13976,91
13977,126
13978,157
13979,115
13980,57
13981,12
13982,20
13983,66
13984,81
13985,118
13986,84
13987,49
13988,0
13989,0
13990,22
13991,62
13992,86
13993,58
13994,98
13995,82
13996,96
13997,177
13998,219
13999,228
14000,141
14001,55
14002,13
14003,19
14004,83
14005,127
14006,143
14007,80
14008,82
14009,37
14010,27
14011,97
14012,142
14013,143
14014,102
14015,50
14016,18
14017,20
14018,74
14019,117
14020,134
14021,68
14022,80
14023,25
14024,34
14025,109
14026,150
14027,169
14028,107
14029,163
14030,121
14031,121
14032,168
14033,203
14034,208
14035,204
14036,97
14037,49
14038,54
14039,111
14040,152
14041,160
14042,105
14043,103
14044,81
14045,93
14046,162
14047,205
14048,216
14049,143
14050,71
14051,29
14052,40
14053,119
14054,162
14055,168
14056,111
14057,43
14058,16
14059,35
14060,83
14061,107
14062,137
14063,93
14064,82
14065,69
14066,71
14067,121
14068,140
14069,160
14070,132
14071,201
14072,103
14073,79
14074,72
14075,106
14076,69
14077,72
14078,228
14079,134
14080,117
14081,106
14082,137
14083,92
14084,95
14085,50
14086,8
14087,2
14088,0
14089,0
14090,0
14091,13
14092,46
14093,22
14094,14
14095,7
14096,6
14097,4
14098,9
14099,282
14100,103
14101,86
14102,79
14103,108
14104,83
14105,117
14106,58
14107,1
14108,0
14109,0
14110,10
14111,0
14112,6
14113,430
14114,141
14115,77
14116,71
14117,129
14118,88
14119,150
14120,13
14121,16
14122,14
14123,8
14124,21
14125,11
14126,5
14127,27
14128,14
14129,11
14130,8
14131,12
14132,11
14133,11
14134,90
14135,10
14136,2
14137,0
14138,28
14139,9
14140,45
14141,67
14142,36
14143,32
14144,25
14145,34
14146,30
14147,19
14148,164
14149,89
14150,77
14151,73
14152,94
14153,62
14154,74
14155,59
14156,71
14157,65
14158,58
14159,56
14160,39
14161,33
14162,74
14163,49
14164,47
14165,46
14166,82
14167,51
14168,38
14169,27
14170,0
14171,0
14172,0
14173,13
14174,10
14175,22
14176,55
14177,26
14178,24
14179,15
14180,25
14181,15
14182,17
14183,298
14184,158
14185,128
14186,115
14187,126
14188,108
14189,118
14190,88
14191,33
14192,26
14193,18
14194,35
14195,21
14196,26
14197,219
14198,161
14199,133
14200,120
14201,120
14202,103
14203,101
14204,153
14205,60
14206,51
14207,47
14208,63
14209,50
14210,71
14211,264
14212,169
14213,142
14214,124
14215,117
14216,90
14217,101
14218,28
14219,20
14220,21
14221,22
14222,36
14223,26
14224,24
14225,242
14226,120
14227,99
14228,93
14229,143
14230,88
14231,88
14232,112
14233,42
14234,25
14235,19
14236,40
14237,29
14238,40
14239,67
14240,20
14241,13
14242,2
14243,5
14244,0
14245,7
14246,189
14247,90
14248,77
14249,71
14250,92
14251,59
14252,70
14253,70
14254,69
14255,56
14256,47
14257,48
14258,46
14259,42
14260,8
14261,0
14262,0
14263,0
14264,0
14265,0
14266,0
14267,154
14268,45
14269,33
14270,26
14271,40
14272,23
14273,44
14274,231
14275,108
14276,88
14277,73
14278,91
14279,62
14280,90
14281,149
14282,85
14283,71
14284,63
14285,72
14286,49
14287,56
14288,38
14289,37
14290,19
14291,6
14292,0
14293,0
14294,0
14295,290
14296,85
14297,60
14298,50
14299,114
14300,71
14301,106
14302,63
14303,59
14304,51
14305,42
14306,62
14307,35
14308,15
14309,783
14310,319
14311,193
14312,153
14313,202
14314,160
14315,324
14316,163
14317,151
14318,139
14319,125
14320,129
14321,103
14322,84
14323,437
14324,170
14325,100
14326,100
14327,153
14328,111
14329,158
14330,224
14331,128
14332,105
14333,91
14334,95
14335,64
14336,82
14337,210
14338,140
14339,126
14340,118
14341,120
14342,94
14343,108
14344,78
14345,46
14346,49
14347,44
14348,73
14349,48
14350,37
14351,141
14352,41
14353,38
14354,37
14355,76
14356,46
14357,78
14358,80
14359,43
14360,25
14361,13
14362,8
14363,2
14364,15
14365,33
14366,25
14367,22
14368,16
14369,10
14370,10
14371,11
14372,255
14373,133
14374,105
14375,91
14376,126
14377,86
14378,94
14379,105
14380,80
14381,74
14382,62
14383,60
14384,42
14385,49
14386,88
14387,44
14388,33
14389,27
14390,63
14391,36
14392,31
14393,408
14394,190
14395,120
14396,111
14397,158
14398,120
14399,156
14400,172
14401,102
14402,86
14403,73
14404,98
14405,67
14406,77
14407,135
14408,27
14409,16
14410,9
14411,29
14412,14
14413,46
14414,73
14415,16
14416,11
14417,11
14418,33
14419,21
14420,37
14421,164
14422,87
14423,69
14424,59
14425,70
14426,48
14427,57
14428,149
14429,83
14430,73
14431,69
14432,94
14433,60
14434,72
14435,28
14436,27
14437,24
14438,24
14439,51
14440,49
14441,52
14442,155
14443,60
14444,53
14445,48
14446,86
14447,52
14448,79
14449,254
14450,101
14451,67
14452,56
14453,96
14454,61
14455,81
14456,166
14457,79
14458,69
14459,64
14460,104
14461,53
14462,62
14463,170
14464,62
14465,54
14466,45
14467,66
14468,47
14469,59
14470,1378
14471,691
14472,421
14473,380
14474,449
14475,380
14476,641
14477,76
14478,44
14479,35
14480,29
14481,53
14482,23
14483,21
14484,205
14485,135
14486,123
14487,117
14488,152
14489,111
14490,93
14491,104
14492,47
14493,37
14494,23
14495,34
14496,15
14497,24
14498,77
14499,27
14500,19
14501,9
14502,8
14503,5
14504,14
14505,83
14506,28
14507,27
14508,30
14509,77
14510,51
14511,70
14512,187
14513,91
14514,85
14515,75
14516,106
14517,71
14518,81
14519,56
14520,48
14521,44
14522,42
14523,54
14524,40
14525,28
14526,41
14527,11
14528,5
14529,0
14530,13
14531,9
14532,13
14533,31
14534,16
14535,15
14536,14
14537,36
14538,26
14539,23
14540,199
14541,168
14542,153
14543,136
14544,119
14545,86
14546,83
14547,39
14548,9
14549,11
14550,5
14551,8
14552,9
14553,13
14554,190
14555,109
14556,78
14557,69
14558,85
14559,61
14560,75
14561,267
14562,151
14563,115
14564,103
14565,117
14566,98
14567,93
14568,25
14569,17
14570,11
14571,8
14572,10
14573,11
14574,7
14575,156
14576,118
14577,104
14578,93
14579,107
14580,76
14581,67
14582,512
14583,199
14584,118
14585,88
14586,155
14587,112
14588,188
14589,14
14590,20
14591,21
14592,26
14593,36
14594,46
14595,42
14596,169
14597,122
14598,100
14599,91
14600,90
14601,71
14602,76
14603,293
14604,73
14605,41
14606,31
14607,80
14608,44
14609,83
14610,461
14611,202
14612,160
14613,133
14614,184
14615,141
14616,190
14617,60
14618,21
14619,20
14620,15
14621,26
14622,15
14623,22
14624,209
14625,139
14626,110
14627,92
14628,115
14629,76
14630,72
14631,63
14632,26
14633,15
14634,8
14635,26
14636,6
14637,9
14638,82
14639,68
14640,48
14641,32
14642,23
14643,10
14644,10
14645,554
14646,260
14647,181
14648,154
14649,168
14650,156
14651,214
14652,227
14653,92
14654,75
14655,74
14656,134
14657,87
14658,105
14659,241
14660,118
14661,94
14662,92
14663,135
14664,95
14665,110
14666,65
14667,31
14668,27
14669,14
14670,12
14671,5
14672,19
14673,33
14674,26
14675,17
14676,16
14677,28
14678,31
14679,27
14680,102
14681,44
14682,30
14683,24
14684,52
14685,31
14686,45
14687,31
14688,0
14689,0
14690,0
14691,8
14692,0
14693,0
14694,404
14695,186
14696,141
14697,132
14698,167
14699,136
14700,148
14701,213
14702,155
14703,145
14704,132
14705,164
14706,114
14707,111
14708,46
14709,40
14710,43
14711,35
14712,39
14713,31
14714,32
14715,233
14716,76
14717,45
14718,37
14719,95
14720,53
14721,93
14722,64
14723,48
14724,35
14725,34
14726,58
14727,41
14728,35
14729,172
14730,109
14731,97
14732,89
14733,91
14734,69
14735,62
14736,57
14737,71
14738,58
14739,46
14740,40
14741,31
14742,21
14743,308
14744,122
14745,82
14746,72
14747,129
14748,83
14749,110
14750,51
14751,21
14752,25
14753,22
14754,35
14755,25
14756,34
14757,285
14758,139
14759,103
14760,86
14761,92
14762,75
14763,88
14764,0
14765,9
14766,5
14767,7
14768,13
14769,21
14770,30
14771,167
14772,128
14773,123
14774,113
14775,126
14776,85
14777,76
14778,124
14779,110
14780,93
14781,81
14782,84
14783,64
14784,47
14785,42
14786,19
14787,12
14788,8
14789,18
14790,13
14791,11
14792,230
14793,133
14794,104
14795,95
14796,117
14797,91
14798,92
14799,462
14800,193
14801,113
14802,106
14803,141
14804,119
14805,180
14806,54
14807,17
14808,18
14809,13
14810,24
14811,10
14812,22
14813,54
14814,44
14815,41
14816,35
14817,40
14818,27
14819,23
14820,158
14821,55
14822,47
14823,41
14824,66
14825,55
14826,71
14827,460
14828,458
14829,246
14830,221
14831,160
14832,125
14833,122
14834,616
14835,603
14836,355
14837,304
14838,227
14839,185
14840,182
14841,83
14842,73
14843,53
14844,44
14845,29
14846,18
14847,14
14848,597
14849,597
14850,250
14851,220
14852,151
14853,115
14854,126
14855,146
14856,136
14857,77
14858,68
14859,52
14860,46
14861,44
14862,54
14863,48
14864,15
14865,11
14866,9
14867,19
14868,19
14869,71
14870,60
14871,35
14872,27
14873,24
14874,19
14875,18
14876,18
14877,9
14878,13
14879,11
14880,7
14881,7
14882,7
14883,56
14884,48
14885,38
14886,40
14887,33
14888,38
14889,36
14890,109
14891,100
14892,79
14893,74
14894,60
14895,52
14896,48
14897,169
14898,156
14899,78
14900,70
14901,58
14902,53
14903,50
14904,169
14905,155
14906,85
14907,76
14908,65
14909,63
14910,61
14911,103
14912,89
14913,53
14914,44
14915,32
14916,24
14917,17
14918,29
14919,20
14920,17
14921,18
14922,13
14923,26
14924,25
14925,100
14926,90
14927,44
14928,36
14929,31
14930,25
14931,20
14932,24
14933,16
14934,18
14935,17
14936,12
14937,18
14938,17
14939,467
14940,459
14941,200
14942,171
14943,126
14944,99
14945,107
14946,110
14947,100
14948,79
14949,69
14950,52
14951,47
14952,42
14953,472
14954,464
14955,225
14956,197
14957,141
14958,111
14959,116
14960,178
14961,163
14962,124
14963,114
14964,91
14965,78
14966,72
14967,436
14968,433
14969,210
14970,183
14971,125
14972,108
14973,110
14974,27
14975,11
14976,24
14977,19
14978,12
14979,8
14980,3
14981,90
14982,80
14983,61
14984,54
14985,41
14986,31
14987,26
14988,231
14989,215
14990,119
14991,105
14992,87
14993,82
14994,79
14995,68
14996,66
14997,29
14998,28
14999,27
15000,34
15001,34
15002,171
15003,167
15004,93
15005,84
15006,70
15007,62
15008,58
15009,345
15010,336
15011,158
15012,135
15013,101
15014,90
15015,85
15016,35
15017,28
15018,4
15019,1
15020,1
15021,13
15022,16
15023,40
15024,28
15025,29
15026,23
15027,19
15028,13
15029,10
15030,354
15031,353
15032,159
15033,135
15034,109
15035,98
15036,99
15037,87
15038,76
15039,44
15040,37
15041,25
15042,18
15043,16
15044,98
15045,89
15046,47
15047,39
15048,32
15049,29
15050,24
15051,1062
15052,997
15053,471
15054,366
15055,242
15056,216
15057,224
15058,96
15059,85
15060,59
15061,52
15062,39
15063,33
15064,28
15065,154
15066,146
15067,95
15068,86
15069,73
15070,69
15071,64
15072,289
15073,275
15074,127
15075,115
15076,97
15077,94
15078,98
15079,135
15080,123
15081,79
15082,71
15083,56
15084,45
15085,40
15086,232
15087,216
15088,175
15089,159
15090,133
15091,95
15092,83
15093,55
15094,43
15095,20
15096,16
15097,15
15098,25
15099,23
15100,31
15101,23
15102,11
15103,8
15104,7
15105,21
15106,19
15107,132
15108,121
15109,88
15110,79
15111,63
15112,53
15113,51
15114,250
15115,242
15116,106
15117,91
15118,70
15119,65
15120,63
15121,308
15122,297
15123,111
15124,95
15125,78
15126,71
15127,73
15128,841
15129,828
15130,353
15131,299
15132,219
15133,193
15134,208
15135,22
15136,21
15137,14
15138,12
15139,10
15140,12
15141,18
15142,42
15143,29
15144,35
15145,34
15146,25
15147,26
15148,27
15149,420
15150,420
15151,234
15152,207
15153,148
15154,123
15155,116
15156,279
15157,262
15158,113
15159,97
15160,79
15161,75
15162,74
15163,363
15164,358
15165,156
15166,138
15167,107
15168,102
15169,105
15170,165
15171,150
15172,79
15173,70
15174,58
15175,56
15176,54
15177,18
15178,8
15179,16
15180,14
15181,9
15182,10
15183,10
15184,121
15185,112
15186,71
15187,66
15188,52
15189,44
15190,38
15191,225
15192,213
15193,143
15194,127
15195,104
15196,86
15197,80
15198,163
15199,148
15200,110
15201,99
15202,77
15203,61
15204,57
15205,140
15206,134
15207,56
15208,46
15209,36
15210,31
15211,32
15212,217
15213,202
15214,123
15215,114
15216,95
15217,83
15218,80
15219,198
15220,184
15221,116
15222,100
15223,83
15224,73
15225,69
15226,58
15227,44
15228,54
15229,49
15230,40
15231,31
15232,28
15233,51
15234,42
15235,46
15236,45
15237,35
15238,33
15239,31
15240,140
15241,130
15242,88
15243,81
15244,68
15245,63
15246,59
15247,197
15248,187
15249,97
15250,87
15251,74
15252,62
15253,59
15254,75
15255,60
15256,47
15257,38
15258,29
15259,19
15260,14
15261,228
15262,213
15263,130
15264,116
15265,95
15266,82
15267,79
15268,64
15269,70
15270,32
15271,32
15272,31
15273,33
15274,29
15275,7
15276,26
15277,11
15278,8
15279,6
15280,15
15281,27
15282,17
15283,40
15284,28
15285,33
15286,30
15287,37
15288,55
15289,526
15290,249
15291,148
15292,129
15293,111
15294,115
15295,174
15296,667
15297,374
15298,263
15299,206
15300,177
15301,168
15302,231
15303,135
15304,51
15305,38
15306,27
15307,17
15308,15
15309,42
15310,70
15311,37
15312,31
15313,22
15314,15
15315,13
15316,22
15317,454
15318,169
15319,93
15320,89
15321,80
15322,79
15323,158
15324,143
15325,38
15326,30
15327,23
15328,21
15329,22
15330,54
15331,819
15332,363
15333,198
15334,129
15335,121
15336,126
15337,250
15338,67
15339,60
15340,58
15341,47
15342,39
15343,37
15344,34
15345,89
15346,52
15347,40
15348,32
15349,27
15350,27
15351,42
15352,163
15353,44
15354,34
15355,27
15356,23
15357,30
15358,69
15359,218
15360,116
15361,94
15362,79
15363,66
15364,60
15365,82
15366,196
15367,108
15368,97
15369,85
15370,78
15371,66
15372,78
15373,94
15374,93
15375,83
15376,68
15377,47
15378,42
15379,34
15380,252
15381,139
15382,108
15383,100
15384,97
15385,95
15386,98
15387,85
15388,25
15389,19
15390,11
15391,5
15392,6
15393,34
15394,83
15395,54
15396,41
15397,29
15398,18
15399,17
15400,26
15401,646
15402,349
15403,239
15404,211
15405,192
15406,186
15407,239
15408,38
15409,17
15410,17
15411,13
15412,9
15413,8
15414,20
15415,92
15416,38
15417,31
15418,19
15419,10
15420,8
15421,23
15422,178
15423,74
15424,62
15425,56
15426,49
15427,54
15428,85
15429,404
15430,226
15431,181
15432,151
15433,131
15434,122
15435,141
15436,100
15437,58
15438,46
15439,41
15440,33
15441,31
15442,44
15443,635
15444,317
15445,207
15446,184
15447,172
15448,174
15449,233
15450,82
15451,31
15452,25
15453,17
15454,16
15455,14
15456,31
15457,366
15458,138
15459,90
15460,72
15461,61
15462,59
15463,114
15464,230
15465,106
15466,75
15467,68
15468,57
15469,63
15470,92
15471,185
15472,120
15473,104
15474,92
15475,78
15476,74
15477,85
15478,141
15479,58
15480,48
15481,34
15482,20
15483,16
15484,43
15485,394
15486,135
15487,89
15488,80
15489,73
15490,74
15491,129
15492,367
15493,146
15494,103
15495,86
15496,77
15497,78
15498,128
15499,70
15500,50
15501,39
15502,30
15503,20
15504,18
15505,24
15506,92
15507,58
15508,51
15509,37
15510,24
15511,22
15512,25
15513,444
15514,152
15515,94
15516,90
15517,82
15518,88
15519,163
15520,61
15521,56
15522,56
15523,47
15524,46
15525,44
15526,39
15527,1217
15528,652
15529,407
15530,352
15531,335
15532,320
15533,510
15534,413
15535,281
15536,225
15537,189
15538,168
15539,159
15540,163
15541,248
15542,115
15543,88
15544,81
15545,74
15546,77
15547,104
15548,132
15549,84
15550,72
15551,61
15552,49
15553,44
15554,50
15555,115
15556,82
15557,70
15558,60
15559,50
15560,45
15561,49
15562,88
15563,64
15564,55
15565,50
15566,48
15567,43
15568,45
15569,185
15570,73
15571,61
15572,57
15573,53
15574,53
15575,83
15576,108
15577,57
15578,48
15579,35
15580,24
15581,21
15582,33
15583,37
15584,28
15585,27
15586,20
15587,12
15588,12
15589,15
15590,697
15591,340
15592,214
15593,167
15594,152
15595,148
15596,231
15597,36
15598,40
15599,40
15600,28
15601,21
15602,20
15603,15
15604,124
15605,62
15606,50
15607,41
15608,36
15609,35
15610,47
15611,448
15612,201
15613,130
15614,121
15615,108
15616,106
15617,161
15618,393
15619,198
15620,151
15621,138
15622,121
15623,118
15624,143
15625,261
15626,77
15627,46
15628,37
15629,35
15630,42
15631,87
15632,88
15633,67
15634,58
15635,42
15636,27
15637,22
15638,21
15639,347
15640,145
15641,99
15642,86
15643,74
15644,72
15645,116
15646,139
15647,69
15648,55
15649,48
15650,37
15651,36
15652,53
15653,159
15654,69
15655,54
15656,48
15657,39
15658,40
15659,69
15660,571
15661,256
15662,166
15663,141
15664,132
15665,138
15666,217
15667,355
15668,127
15669,85
15670,72
15671,64
15672,62
15673,116
15674,185
15675,97
15676,81
15677,75
15678,66
15679,65
15680,79
15681,397
15682,145
15683,91
15684,80
15685,74
15686,75
15687,131
15688,1251
15689,681
15690,441
15691,382
15692,364
15693,321
15694,497
15695,93
15696,62
15697,51
15698,43
15699,34
15700,31
15701,40
15702,392
15703,193
15704,157
15705,147
15706,136
15707,140
15708,158
15709,210
15710,117
15711,86
15712,67
15713,56
15714,54
15715,64
15716,191
15717,63
15718,45
15719,33
15720,24
15721,25
15722,65
15723,268
15724,105
15725,79
15726,76
15727,74
15728,80
15729,110
15730,406
15731,173
15732,113
15733,99
15734,91
15735,92
15736,131
15737,145
15738,96
15739,86
15740,79
15741,70
15742,68
15743,69
15744,102
15745,47
15746,39
15747,30
15748,22
15749,20
15750,41
15751,332
15752,214
15753,184
15754,166
15755,137
15756,129
15757,137
15758,33
15759,7
15760,8
15761,10
15762,20
15763,27
15764,36
15765,73
15766,26
15767,21
15768,11
15769,8
15770,6
15771,23
15772,252
15773,139
15774,106
15775,94
15776,84
15777,83
15778,92
15779,520
15780,311
15781,224
15782,192
15783,179
15784,175
15785,199
15786,62
15787,36
15788,30
15789,25
15790,20
15791,21
15792,30
15793,187
15794,144
15795,130
15796,112
15797,94
15798,87
15799,82
15800,408
15801,142
15802,102
15803,92
15804,82
15805,82
15806,144
15807,134
15808,95
15809,82
15810,70
15811,51
15812,45
15813,49
15814,235
15815,99
15816,69
15817,59
15818,47
15819,48
15820,80
15821,425
15822,137
15823,88
15824,79
15825,71
15826,73
15827,143
15828,409
15829,160
15830,112
15831,104
15832,98
15833,99
15834,140
15835,269
15836,124
15837,86
15838,77
15839,69
15840,71
15841,95
15842,182
15843,116
15844,100
15845,86
15846,70
15847,66
15848,73
15849,73
15850,41
15851,29
15852,20
15853,14
15854,15
15855,23
15856,175
15857,117
15858,106
15859,82
15860,64
15861,55
15862,61
15863,529
15864,269
15865,176
15866,141
15867,126
15868,121
15869,178
15870,309
15871,122
15872,92
15873,88
15874,83
15875,92
15876,125
15877,338
15878,132
15879,96
15880,88
15881,83
15882,86
15883,130
15884,78
15885,50
15886,39
15887,28
15888,19
15889,18
15890,34
15891,78
15892,44
15893,37
15894,30
15895,24
15896,21
15897,26
15898,116
15899,49
15900,36
15901,28
15902,22
15903,27
15904,47
15905,54
15906,19
15907,14
15908,7
15909,6
15910,8
15911,16
15912,355
15913,168
15914,128
15915,114
15916,103
15917,102
15918,129
15919,263
15920,171
15921,148
15922,133
15923,114
15924,104
15925,114
15926,165
15927,119
15928,113
15929,98
15930,76
15931,69
15932,71
15933,366
15934,96
15935,69
15936,60
15937,54
15938,61
15939,123
15940,280
15941,127
15942,94
15943,86
15944,80
15945,85
15946,107
15947,542
15948,323
15949,232
15950,199
15951,180
15952,166
15953,196
15954,215
15955,163
15956,146
15957,124
15958,94
15959,80
15960,90
15961,310
15962,131
15963,96
15964,85
15965,82
15966,80
15967,111
15968,213
15969,84
15970,53
15971,45
15972,35
15973,39
15974,71
15975,232
15976,148
15977,117
15978,99
15979,81
15980,73
15981,83
15982,42
15983,9
15984,8
15985,2
15986,0
15987,0
15988,15
15989,94
15990,87
15991,79
15992,69
15993,62
15994,59
15995,51
15996,145
15997,116
15998,104
15999,91
16000,68
16001,59
16002,60
16003,158
16004,96
16005,86
16006,81
16007,68
16008,68
16009,77
16010,462
16011,196
16012,119
16013,103
16014,89
16015,91
16016,159
16017,171
16018,86
16019,67
16020,58
16021,48
16022,46
16023,64
16024,182
16025,128
16026,114
16027,103
16028,82
16029,76
16030,80
16031,325
16032,117
16033,84
16034,72
16035,66
16036,71
16037,113
16038,270
16039,226
16040,217
16041,123
16042,94
16043,128
16044,116
16045,536
16046,454
16047,414
16048,257
16049,207
16050,269
16051,259
16052,13
16053,14
16054,69
16055,0
16056,0
16057,14
16058,3
16059,13
16060,19
16061,80
16062,27
16063,6
16064,13
16065,4
16066,35
16067,42
16068,152
16069,71
16070,41
16071,58
16072,52
16073,12
16074,16
16075,51
16076,15
16077,19
16078,46
16079,33
16080,337
16081,248
16082,262
16083,104
16084,90
16085,210
16086,203
16087,101
16088,97
16089,115
16090,76
16091,31
16092,31
16093,15
16094,34
16095,33
16096,69
16097,20
16098,13
16099,25
16100,15
16101,0
16102,0
16103,100
16104,15
16105,18
16106,38
16107,30
16108,74
16109,78
16110,147
16111,69
16112,49
16113,56
16114,50
16115,72
16116,75
16117,108
16118,70
16119,42
16120,49
16121,42
16122,43
16123,49
16124,67
16125,52
16126,31
16127,27
16128,16
16129,142
16130,144
16131,215
16132,124
16133,92
16134,101
16135,92
16136,9
16137,16
16138,28
16139,0
16140,23
16141,28
16142,23
16143,73
16144,77
16145,203
16146,76
16147,50
16148,58
16149,48
16150,151
16151,148
16152,220
16153,109
16154,79
16155,81
16156,68
16157,22
16158,34
16159,78
16160,37
16161,26
16162,37
16163,24
16164,22
16165,16
16166,62
16167,12
16168,8
16169,16
16170,6
16171,49
16172,50
16173,165
16174,39
16175,26
16176,55
16177,40
16178,93
16179,92
16180,142
16181,69
16182,37
16183,36
16184,22
16185,12
16186,35
16187,92
16188,38
16189,55
16190,61
16191,53
16192,204
16193,189
16194,287
16195,142
16196,112
16197,140
16198,129
16199,17
16200,13
16201,99
16202,18
16203,15
16204,30
16205,21
16206,52
16207,54
16208,60
16209,30
16210,25
16211,47
16212,36
16213,45
16214,48
16215,94
16216,33
16217,36
16218,57
16219,46
16220,114
16221,106
16222,110
16223,89
16224,46
16225,54
16226,45
16227,17
16228,20
16229,30
16230,0
16231,0
16232,1
16233,0
16234,41
16235,41
16236,51
16237,26
16238,0
16239,16
16240,11
16241,26
16242,30
16243,140
16244,34
16245,15
16246,24
16247,19
16248,41
16249,44
16250,77
16251,28
16252,26
16253,32
16254,22
16255,6
16256,32
16257,84
16258,50
16259,58
16260,62
16261,51
16262,15
16263,16
16264,45
16265,4
16266,9
16267,13
16268,6
16269,132
16270,107
16271,186
16272,67
16273,59
16274,113
16275,111
16276,75
16277,63
16278,70
16279,53
16280,40
16281,39
16282,28
16283,466
16284,384
16285,336
16286,149
16287,112
16288,273
16289,268
16290,180
16291,171
16292,208
16293,134
16294,92
16295,94
16296,80
16297,251
16298,208
16299,251
16300,120
16301,96
16302,162
16303,151
16304,112
16305,110
16306,129
16307,88
16308,50
16309,55
16310,45
16311,87
16312,92
16313,141
16314,87
16315,69
16316,78
16317,66
16318,42
16319,49
16320,139
16321,51
16322,48
16323,78
16324,66
16325,34
16326,32
16327,51
16328,2
16329,0
16330,1
16331,0
16332,10
16333,19
16334,25
16335,4
16336,14
16337,19
16338,13
16339,214
16340,179
16341,197
16342,124
16343,101
16344,138
16345,133
16346,46
16347,60
16348,66
16349,46
16350,28
16351,26
16352,18
16353,55
16354,55
16355,97
16356,48
16357,34
16358,45
16359,32
16360,173
16361,162
16362,256
16363,94
16364,57
16365,81
16366,71
16367,107
16368,97
16369,177
16370,83
16371,56
16372,63
16373,52
16374,19
16375,17
16376,136
16377,26
16378,29
16379,62
16380,49
16381,66
16382,58
16383,68
16384,23
16385,13
16386,10
16387,1
16388,0
16389,2
16390,58
16391,0
16392,5
16393,6
16394,0
16395,60
16396,59
16397,166
16398,37
16399,10
16400,24
16401,18
16402,49
16403,50
16404,94
16405,46
16406,22
16407,33
16408,22
16409,18
16410,29
16411,80
16412,47
16413,44
16414,54
16415,47
16416,183
16417,157
16418,196
16419,104
16420,92
16421,147
16422,142
16423,160
16424,139
16425,142
16426,78
16427,40
16428,75
16429,69
16430,28
16431,35
16432,86
16433,42
16434,14
16435,16
16436,6
16437,49
16438,50
16439,163
16440,35
16441,29
16442,53
16443,42
16444,1007
16445,838
16446,706
16447,490
16448,412
16449,643
16450,607
16451,35
16452,35
16453,96
16454,24
16455,19
16456,28
16457,15
16458,145
16459,148
16460,255
16461,122
16462,91
16463,99
16464,85
16465,18
16466,49
16467,164
16468,49
16469,51
16470,56
16471,47
16472,14
16473,22
16474,133
16475,22
16476,20
16477,30
16478,26
16479,44
16480,58
16481,183
16482,65
16483,54
16484,72
16485,56
16486,70
16487,83
16488,141
16489,67
16490,53
16491,59
16492,49
16493,112
16494,116
16495,157
16496,104
16497,85
16498,87
16499,74
16500,22
16501,34
16502,72
16503,27
16504,15
16505,32
16506,21
16507,103
16508,98
16509,110
16510,80
16511,77
16512,95
16513,82
16514,181
16515,174
16516,169
16517,110
16518,72
16519,65
16520,54
16521,16
16522,20
16523,118
16524,40
16525,31
16526,63
16527,53
16528,3
16529,20
16530,66
16531,20
16532,15
16533,26
16534,19
16535,115
16536,107
16537,190
16538,76
16539,49
16540,56
16541,45
16542,131
16543,128
16544,170
16545,92
16546,74
16547,76
16548,62
16549,9
16550,12
16551,43
16552,24
16553,40
16554,45
16555,39
16556,121
16557,118
16558,124
16559,86
16560,61
16561,63
16562,50
16563,198
16564,164
16565,250
16566,101
16567,84
16568,143
16569,139
16570,15
16571,33
16572,92
16573,40
16574,33
16575,35
16576,24
16577,104
16578,99
16579,136
16580,87
16581,54
16582,56
16583,43
16584,0
16585,24
16586,102
16587,25
16588,38
16589,47
16590,39
16591,114
16592,102
16593,205
16594,64
16595,55
16596,94
16597,85
16598,420
16599,338
16600,324
16601,173
16602,150
16603,275
16604,261
16605,10
16606,20
16607,68
16608,10
16609,12
16610,22
16611,15
16612,107
16613,100
16614,97
16615,67
16616,48
16617,48
16618,38
16619,31
16620,24
16621,64
16622,12
16623,9
16624,23
16625,12
16626,56
16627,55
16628,72
16629,36
16630,6
16631,5
16632,0
16633,294
16634,253
16635,236
16636,152
16637,100
16638,137
16639,131
16640,43
16641,54
16642,99
16643,39
16644,37
16645,58
16646,46
16647,68
16648,76
16649,202
16650,72
16651,56
16652,80
16653,70
16654,67
16655,68
16656,108
16657,71
16658,68
16659,87
16660,71
16661,49
16662,47
16663,75
16664,22
16665,14
16666,32
16667,23
16668,37
16669,43
16670,113
16671,50
16672,42
16673,44
16674,35
16675,35
16676,29
16677,50
16678,17
16679,23
16680,39
16681,27
16682,0
16683,1
16684,56
16685,8
16686,4
16687,10
16688,2
16689,111
16690,121
16691,178
16692,91
16693,76
16694,88
16695,78
16696,351
16697,316
16698,348
16699,241
16700,197
16701,198
16702,186
16703,159
16704,146
16705,148
16706,96
16707,68
16708,78
16709,67
16710,71
16711,71
16712,198
16713,63
16714,55
16715,88
16716,79
16717,93
16718,88
16719,200
16720,74
16721,59
16722,76
16723,66
16724,145
16725,146
16726,183
16727,92
16728,63
16729,71
16730,64
16731,87
16732,83
16733,83
16734,53
16735,28
16736,22
16737,9
16738,135
16739,127
16740,196
16741,92
16742,71
16743,101
16744,92
16745,24
16746,46
16747,184
16748,46
16749,41
16750,51
16751,42
16752,80
16753,79
16754,73
16755,44
16756,18
16757,27
16758,15
16759,0
16760,3
16761,65
16762,11
16763,22
16764,30
16765,24
16766,97
16767,100
16768,122
16769,89
16770,45
16771,41
16772,28
16773,114
16774,99
16775,120
16776,79
16777,43
16778,36
16779,25
16780,19
16781,31
16782,76
16783,35
16784,24
16785,33
16786,20
16787,89
16788,85
16789,89
16790,74
16791,58
16792,65
16793,49
16794,161
16795,149
16796,215
16797,101
16798,67
16799,102
16800,98
16801,21
16802,28
16803,38
16804,22
16805,1
16806,7
16807,1
16808,18
16809,34
16810,78
16811,39
16812,32
16813,39
16814,33
16815,49
16816,52
16817,166
16818,52
16819,45
16820,73
16821,56
16822,157
16823,128
16824,107
16825,149
16826,102
16827,89
16828,61
16829,162
16830,139
16831,113
16832,176
16833,119
16834,110
16835,92
16836,17
16837,9
16838,1
16839,37
16840,47
16841,64
16842,64
16843,37
16844,31
16845,22
16846,94
16847,107
16848,123
16849,102
16850,24
16851,13
16852,1
16853,21
16854,47
16855,56
16856,54
16857,191
16858,164
16859,121
16860,180
16861,148
16862,146
16863,95
16864,69
16865,50
16866,55
16867,97
16868,81
16869,88
16870,86
16871,25
16872,24
16873,17
16874,43
16875,36
16876,46
16877,44
16878,29
16879,13
16880,2
16881,27
16882,64
16883,83
16884,87
16885,71
16886,58
16887,51
16888,98
16889,88
16890,98
16891,75
16892,55
16893,42
16894,15
16895,73
16896,62
16897,70
16898,69
16899,26
16900,21
16901,16
16902,48
16903,45
16904,57
16905,57
16906,72
16907,65
16908,61
16909,137
16910,110
16911,122
16912,104
16913,132
16914,110
16915,75
16916,117
16917,96
16918,104
16919,81
16920,108
16921,96
16922,79
16923,138
16924,136
16925,148
16926,128
16927,74
16928,56
16929,18
16930,36
16931,37
16932,42
16933,42
16934,30
16935,18
16936,0
16937,40
16938,30
16939,46
16940,50
16941,111
16942,100
16943,53
16944,98
16945,82
16946,79
16947,76
16948,30
16949,20
16950,20
16951,43
16952,58
16953,67
16954,65
16955,155
16956,124
16957,100
16958,164
16959,122
16960,109
16961,80
16962,10
16963,3
16964,0
16965,36
16966,26
16967,40
16968,43
16969,41
16970,29
16971,16
16972,53
16973,64
16974,77
16975,76
16976,47
16977,31
16978,16
16979,27
16980,42
16981,53
16982,52
16983,100
16984,78
16985,71
16986,125
16987,107
16988,117
16989,97
16990,23
16991,19
16992,16
16993,27
16994,39
16995,47
16996,47
16997,68
16998,45
16999,31
17000,62
17001,70
17002,92
17003,90
17004,59
17005,58
17006,33
17007,86
17008,89
17009,97
17010,96
17011,32
17012,24
17013,17
17014,44
17015,44
17016,60
17017,62
17018,144
17019,117
17020,81
17021,141
17022,118
17023,122
17024,72
17025,39
17026,27
17027,14
17028,40
17029,44
17030,61
17031,66
17032,310
17033,262
17034,204
17035,241
17036,205
17037,223
17038,165
17039,144
17040,127
17041,99
17042,144
17043,111
17044,113
17045,109
17046,141
17047,121
17048,79
17049,126
17050,93
17051,96
17052,85
17053,35
17054,20
17055,4
17056,14
17057,16
17058,29
17059,27
17060,94
17061,79
17062,71
17063,122
17064,104
17065,112
17066,89
17067,65
17068,51
17069,21
17070,21
17071,18
17072,26
17073,24
17074,154
17075,127
17076,100
17077,131
17078,100
17079,94
17080,93
17081,49
17082,37
17083,26
17084,67
17085,68
17086,83
17087,84
17088,140
17089,116
17090,77
17091,121
17092,79
17093,69
17094,52
17095,82
17096,71
17097,61
17098,106
17099,122
17100,135
17101,115
17102,45
17103,32
17104,18
17105,58
17106,84
17107,98
17108,92
17109,58
17110,36
17111,16
17112,49
17113,68
17114,84
17115,85
17116,124
17117,106
17118,61
17119,127
17120,89
17121,87
17122,61
17123,94
17124,59
17125,58
17126,104
17127,83
17128,91
17129,70
17130,23
17131,14
17132,15
17133,60
17134,68
17135,84
17136,83
17137,38
17138,23
17139,10
17140,47
17141,79
17142,95
17143,96
17144,419
17145,345
17146,270
17147,289
17148,260
17149,282
17150,222
17151,63
17152,37
17153,17
17154,56
17155,58
17156,71
17157,71
17158,148
17159,125
17160,100
17161,139
17162,122
17163,124
17164,98
17165,115
17166,84
17167,53
17168,80
17169,63
17170,57
17171,54
17172,33
17173,20
17174,4
17175,25
17176,41
17177,53
17178,54
17179,72
17180,64
17181,26
17182,56
17183,56
17184,61
17185,58
17186,71
17187,65
17188,41
17189,97
17190,73
17191,73
17192,69
17193,28
17194,22
17195,13
17196,45
17197,57
17198,77
17199,77
17200,61
17201,57
17202,31
17203,53
17204,42
17205,45
17206,45
17207,168
17208,148
17209,122
17210,143
17211,99
17212,89
17213,76
17214,67
17215,48
17216,12
17217,80
17218,74
17219,84
17220,65
17221,82
17222,69
17223,69
17224,133
17225,125
17226,136
17227,113
17228,31
17229,20
17230,11
17231,57
17232,77
17233,94
17234,96
17235,26
17236,14
17237,10
17238,26
17239,43
17240,55
17241,53
17242,103
17243,96
17244,61
17245,105
17246,86
17247,83
17248,64
17249,88
17250,73
17251,64
17252,123
17253,91
17254,96
17255,88
17256,39
17257,32
17258,15
17259,54
17260,56
17261,71
17262,71
17263,74
17264,69
17265,60
17266,119
17267,121
17268,134
17269,113
17270,10
17271,13
17272,0
17273,21
17274,23
17275,33
17276,34
17277,148
17278,113
17279,85
17280,150
17281,118
17282,123
17283,75
17284,241
17285,205
17286,163
17287,208
17288,184
17289,175
17290,140
17291,102
17292,76
17293,34
17294,74
17295,60
17296,59
17297,55
17298,27
17299,25
17300,19
17301,40
17302,53
17303,58
17304,58
17305,53
17306,34
17307,21
17308,67
17309,56
17310,62
17311,62
17312,196
17313,162
17314,135
17315,187
17316,131
17317,124
17318,76
17319,71
17320,53
17321,51
17322,124
17323,109
17324,128
17325,116
17326,40
17327,33
17328,15
17329,58
17330,56
17331,76
17332,74
17333,18
17334,10
17335,8
17336,45
17337,68
17338,80
17339,79
17340,31
17341,13
17342,0
17343,14
17344,32
17345,37
17346,37
17347,127
17348,107
17349,62
17350,113
17351,83
17352,79
17353,54
17354,92
17355,91
17356,59
17357,111
17358,92
17359,95
17360,73
17361,108
17362,91
17363,54
17364,72
17365,65
17366,60
17367,57
17368,145
17369,116
17370,94
17371,146
17372,100
17373,92
17374,66
17375,55
17376,37
17377,28
17378,52
17379,49
17380,57
17381,54
17382,84
17383,76
17384,62
17385,127
17386,115
17387,119
17388,99
17389,23
17390,24
17391,14
17392,36
17393,43
17394,62
17395,62
17396,39
17397,39
17398,17
17399,55
17400,78
17401,97
17402,96
17403,73
17404,61
17405,53
17406,103
17407,81
17408,83
17409,84
17410,30
17411,23
17412,15
17413,47
17414,59
17415,77
17416,75
17417,39
17418,37
17419,23
17420,68
17421,63
17422,73
17423,71
17424,80
17425,59
17426,35
17427,97
17428,100
17429,112
17430,93
17431,39
17432,29
17433,10
17434,27
17435,35
17436,51
17437,51
17438,320
17439,319
17440,340
17441,239
17442,179
17443,124
17444,128
17445,716
17446,713
17447,614
17448,463
17449,317
17450,256
17451,242
17452,47
17453,46
17454,76
17455,47
17456,26
17457,17
17458,18
17459,23
17460,17
17461,63
17462,42
17463,28
17464,32
17465,35
17466,765
17467,771
17468,538
17469,408
17470,284
17471,179
17472,205
17473,29
17474,46
17475,80
17476,64
17477,75
17478,70
17479,86
17480,54
17481,50
17482,99
17483,71
17484,44
17485,46
17486,44
17487,87
17488,88
17489,107
17490,70
17491,49
17492,46
17493,50
17494,115
17495,108
17496,159
17497,110
17498,82
17499,61
17500,71
17501,126
17502,135
17503,173
17504,135
17505,94
17506,96
17507,90
17508,215
17509,212
17510,243
17511,195
17512,164
17513,146
17514,144
17515,0
17516,21
17517,22
17518,20
17519,24
17520,22
17521,47
17522,82
17523,79
17524,153
17525,113
17526,92
17527,76
17528,77
17529,262
17530,260
17531,316
17532,250
17533,196
17534,146
17535,144
17536,0
17537,5
17538,34
17539,42
17540,49
17541,56
17542,75
17543,58
17544,52
17545,110
17546,67
17547,38
17548,29
17549,29
17550,144
17551,144
17552,211
17553,151
17554,111
17555,103
17556,98
17557,319
17558,315
17559,297
17560,211
17561,163
17562,119
17563,129
17564,92
17565,86
17566,116
17567,69
17568,39
17569,29
17570,27
17571,46
17572,59
17573,104
17574,101
17575,103
17576,79
17577,97
17578,60
17579,56
17580,91
17581,60
17582,35
17583,19
17584,20
17585,71
17586,69
17587,113
17588,75
17589,56
17590,50
17591,47
17592,0
17593,0
17594,36
17595,22
17596,15
17597,4
17598,10
17599,420
17600,421
17601,345
17602,253
17603,184
17604,115
17605,132
17606,36
17607,38
17608,102
17609,73
17610,60
17611,55
17612,53
17613,927
17614,918
17615,619
17616,481
17617,328
17618,237
17619,254
17620,279
17621,269
17622,314
17623,247
17624,206
17625,178
17626,169
17627,287
17628,278
17629,258
17630,177
17631,132
17632,113
17633,118
17634,12
17635,6
17636,85
17637,47
17638,30
17639,26
17640,26
17641,148
17642,149
17643,220
17644,171
17645,150
17646,109
17647,104
17648,80
17649,73
17650,106
17651,90
17652,83
17653,87
17654,85
17655,211
17656,213
17657,175
17658,125
17659,83
17660,74
17661,77
17662,99
17663,89
17664,121
17665,77
17666,49
17667,39
17668,37
17669,20
17670,21
17671,57
17672,34
17673,31
17674,29
17675,31
17676,372
17677,377
17678,351
17679,234
17680,181
17681,166
17682,169
17683,5
17684,10
17685,26
17686,29
17687,37
17688,54
17689,65
17690,324
17691,323
17692,326
17693,234
17694,157
17695,106
17696,115
17697,102
17698,97
17699,158
17700,128
17701,115
17702,90
17703,91
17704,126
17705,125
17706,143
17707,101
17708,72
17709,54
17710,62
17711,63
17712,54
17713,140
17714,88
17715,53
17716,43
17717,43
17718,43
17719,37
17720,77
17721,84
17722,82
17723,63
17724,62
17725,480
17726,490
17727,420
17728,315
17729,194
17730,150
17731,149
17732,117
17733,118
17734,185
17735,117
17736,94
17737,49
17738,59
17739,96
17740,97
17741,129
17742,93
17743,66
17744,58
17745,60
17746,1691
17747,1635
17748,1101
17749,880
17750,641
17751,507
17752,504
17753,208
17754,201
17755,250
17756,165
17757,102
17758,86
17759,78
17760,261
17761,263
17762,199
17763,172
17764,127
17765,120
17766,123
17767,149
17768,145
17769,166
17770,128
17771,97
17772,89
17773,90
17774,161
17775,159
17776,190
17777,148
17778,123
17779,117
17780,112
17781,66
17782,58
17783,74
17784,46
17785,30
17786,40
17787,35
17788,254
17789,245
17790,297
17791,221
17792,176
17793,133
17794,123
17795,160
17796,154
17797,150
17798,114
17799,94
17800,72
17801,78
17802,147
17803,141
17804,195
17805,138
17806,111
17807,82
17808,82
17809,119
17810,124
17811,168
17812,117
17813,99
17814,98
17815,90
17816,8
17817,20
17818,63
17819,38
17820,23
17821,31
17822,34
17823,220
17824,209
17825,233
17826,183
17827,140
17828,110
17829,107
17830,512
17831,525
17832,408
17833,284
17834,185
17835,143
17836,159
17837,23
17838,18
17839,86
17840,54
17841,38
17842,43
17843,49
17844,99
17845,96
17846,166
17847,147
17848,131
17849,113
17850,105
17851,481
17852,490
17853,371
17854,266
17855,189
17856,117
17857,134
17858,716
17859,710
17860,515
17861,413
17862,291
17863,221
17864,223
17865,17
17866,17
17867,50
17868,30
17869,22
17870,29
17871,32
17872,193
17873,187
17874,216
17875,165
17876,137
17877,113
17878,107
17879,75
17880,66
17881,106
17882,55
17883,21
17884,18
17885,19
17886,61
17887,58
17888,125
17889,90
17890,68
17891,61
17892,61
17893,491
17894,496
17895,456
17896,341
17897,246
17898,162
17899,160
17900,302
17901,297
17902,213
17903,143
17904,100
17905,88
17906,85
17907,124
17908,120
17909,138
17910,94
17911,75
17912,68
17913,81
17914,62
17915,61
17916,101
17917,79
17918,68
17919,71
17920,73
17921,12
17922,11
17923,62
17924,19
17925,5
17926,7
17927,12
17928,282
17929,280
17930,310
17931,230
17932,167
17933,115
17934,107
17935,155
17936,155
17937,197
17938,171
17939,135
17940,115
17941,104
17942,225
17943,213
17944,219
17945,164
17946,118
17947,111
17948,104
17949,112
17950,113
17951,147
17952,100
17953,73
17954,50
17955,64
17956,114
17957,111
17958,153
17959,111
17960,75
17961,56
17962,58
17963,248
17964,247
17965,269
17966,186
17967,143
17968,96
17969,100
17970,76
17971,66
17972,152
17973,112
17974,88
17975,62
17976,57
17977,150
17978,147
17979,197
17980,143
17981,104
17982,57
17983,67
17984,27
17985,26
17986,70
17987,56
17988,48
17989,63
17990,63
17991,0
17992,0
17993,25
17994,16
17995,14
17996,10
17997,28
17998,114
17999,114
18000,196
18001,139
18002,121
18003,108
18004,100
18005,54
18006,57
18007,113
18008,90
18009,81
18010,78
18011,75
18012,66
18013,65
18014,140
18015,98
18016,72
18017,44
18018,50
18019,69
18020,67
18021,130
18022,83
18023,55
18024,47
18025,44
18026,253
18027,249
18028,187
18029,212
18030,224
18031,252
18032,275
18033,167
18034,156
18035,104
18036,149
18037,155
18038,187
18039,196
18040,143
18041,134
18042,93
18043,142
18044,147
18045,158
18046,175
18047,96
18048,84
18049,62
18050,96
18051,142
18052,194
18053,205
18054,64
18055,54
18056,29
18057,69
18058,104
18059,146
18060,162
18061,159
18062,148
18063,115
18064,159
18065,182
18066,200
18067,212
18068,52
18069,48
18070,16
18071,42
18072,72
18073,83
18074,106
18075,108
18076,95
18077,66
18078,113
18079,139
18080,179
18081,201
18082,54
18083,55
18084,15
18085,34
18086,54
18087,77
18088,104
18089,160
18090,141
18091,90
18092,128
18093,146
18094,176
18095,186
18096,267
18097,268
18098,203
18099,229
18100,240
18101,281
18102,284
18103,87
18104,76
18105,63
18106,109
18107,133
18108,166
18109,177
18110,117
18111,99
18112,47
18113,77
18114,89
18115,129
18116,132
18117,110
18118,103
18119,67
18120,112
18121,138
18122,181
18123,196
18124,154
18125,142
18126,83
18127,105
18128,112
18129,141
18130,148
18131,104
18132,101
18133,55
18134,93
18135,139
18136,185
18137,211
18138,64
18139,51
18140,21
18141,47
18142,91
18143,128
18144,135
18145,172
18146,161
18147,90
18148,125
18149,142
18150,185
18151,182
18152,54
18153,45
18154,7
18155,25
18156,72
18157,99
18158,107
18159,297
18160,284
18161,206
18162,232
18163,241
18164,290
18165,292
18166,110
18167,98
18168,70
18169,108
18170,154
18171,204
18172,218
18173,43
18174,46
18175,27
18176,64
18177,105
18178,116
18179,126
18180,149
18181,130
18182,94
18183,133
18184,143
18185,179
18186,191
18187,215
18188,214
18189,145
18190,177
18191,192
18192,236
18193,236
18194,73
18195,69
18196,22
18197,59
18198,95
18199,139
18200,165
18201,231
18202,213
18203,162
18204,188
18205,200
18206,231
18207,251
18208,51
18209,51
18210,21
18211,29
18212,47
18213,46
18214,65
18215,108
18216,103
18217,41
18218,82
18219,135
18220,182
18221,209
18222,107
18223,97
18224,62
18225,70
18226,88
18227,89
18228,93
18229,71
18230,64
18231,17
18232,19
18233,34
18234,76
18235,95
18236,99
18237,84
18238,55
18239,99
18240,131
18241,169
18242,178
18243,161
18244,149
18245,107
18246,132
18247,145
18248,182
18249,187
18250,96
18251,87
18252,48
18253,87
18254,112
18255,149
18256,164
18257,56
18258,55
18259,21
18260,55
18261,81
18262,89
18263,111
18264,144
18265,132
18266,63
18267,94
18268,101
18269,138
18270,146
18271,732
18272,749
18273,548
18274,502
18275,411
18276,381
18277,279
18278,574
18279,601
18280,485
18281,454
18282,369
18283,343
18284,254
18285,98
18286,99
18287,103
18288,92
18289,56
18290,52
18291,45
18292,12
18293,31
18294,50
18295,57
18296,39
18297,57
18298,40
18299,158
18300,169
18301,151
18302,172
18303,144
18304,162
18305,140
18306,109
18307,126
18308,99
18309,90
18310,66
18311,68
18312,63
18313,824
18314,822
18315,573
18316,527
18317,424
18318,385
18319,312
18320,189
18321,191
18322,201
18323,205
18324,187
18325,195
18326,137
18327,60
18328,74
18329,90
18330,105
18331,83
18332,103
18333,73
18334,84
18335,87
18336,88
18337,82
18338,54
18339,60
18340,58
18341,118
18342,122
18343,149
18344,164
18345,140
18346,154
18347,118
18348,82
18349,105
18350,130
18351,134
18352,111
18353,130
18354,104
18355,43
18356,39
18357,95
18358,99
18359,80
18360,85
18361,70
18362,193
18363,201
18364,208
18365,236
18366,196
18367,218
18368,174
18369,0
18370,11
18371,13
18372,21
18373,17
18374,33
18375,44
18376,0
18377,41
18378,27
18379,31
18380,40
18381,56
18382,58
18383,88
18384,97
18385,136
18386,141
18387,123
18388,148
18389,111
18390,138
18391,156
18392,180
18393,198
18394,181
18395,194
18396,146
18397,42
18398,61
18399,71
18400,83
18401,62
18402,82
18403,63
18404,42
18405,65
18406,79
18407,66
18408,42
18409,49
18410,40
18411,51
18412,50
18413,83
18414,85
18415,63
18416,88
18417,55
18418,0
18419,27
18420,36
18421,42
18422,52
18423,73
18424,73
18425,517
18426,526
18427,391
18428,365
18429,327
18430,326
18431,244
18432,16
18433,13
18434,51
18435,50
18436,31
18437,61
18438,38
18439,86
18440,97
18441,102
18442,88
18443,57
18444,62
18445,43
18446,69
18447,77
18448,113
18449,100
18450,75
18451,83
18452,65
18453,72
18454,106
18455,106
18456,125
18457,131
18458,150
18459,122
18460,14
18461,29
18462,61
18463,58
18464,35
18465,34
18466,21
18467,168
18468,173
18469,193
18470,183
18471,146
18472,140
18473,96
18474,125
18475,137
18476,154
18477,161
18478,126
18479,138
18480,92
18481,32
18482,50
18483,69
18484,65
18485,46
18486,63
18487,47
18488,0
18489,6
18490,38
18491,27
18492,22
18493,26
18494,18
18495,486
18496,486
18497,333
18498,317
18499,267
18500,266
18501,216
18502,44
18503,58
18504,95
18505,88
18506,70
18507,79
18508,70
18509,1044
18510,1038
18511,712
18512,645
18513,521
18514,483
18515,398
18516,198
18517,200
18518,232
18519,234
18520,212
18521,210
18522,162
18523,446
18524,448
18525,318
18526,310
18527,255
18528,256
18529,186
18530,43
18531,48
18532,116
18533,103
18534,82
18535,83
18536,61
18537,155
18538,158
18539,189
18540,210
18541,191
18542,196
18543,136
18544,112
18545,123
18546,133
18547,152
18548,124
18549,132
18550,109
18551,188
18552,193
18553,149
18554,147
18555,111
18556,111
18557,96
18558,34
18559,51
18560,83
18561,69
18562,48
18563,47
18564,37
18565,0
18566,12
18567,18
18568,24
18569,38
18570,55
18571,49
18572,152
18573,174
18574,170
18575,166
18576,151
18577,161
18578,112
18579,33
18580,44
18581,83
18582,95
18583,77
18584,91
18585,73
18586,0
18587,22
18588,20
18589,26
18590,32
18591,66
18592,68
18593,258
18594,257
18595,252
18596,252
18597,210
18598,196
18599,138
18600,141
18601,155
18602,166
18603,177
18604,162
18605,175
18606,141
18607,38
18608,58
18609,55
18610,59
18611,61
18612,75
18613,87
18614,54
18615,54
18616,106
18617,86
18618,63
18619,70
18620,52
18621,0
18622,8
18623,13
18624,28
18625,28
18626,62
18627,60
18628,57
18629,52
18630,103
18631,94
18632,62
18633,73
18634,48
18635,58
18636,66
18637,76
18638,105
18639,96
18640,112
18641,88
18642,35
18643,48
18644,58
18645,72
18646,56
18647,85
18648,80
18649,666
18650,667
18651,469
18652,458
18653,361
18654,340
18655,257
18656,235
18657,258
18658,229
18659,224
18660,186
18661,185
18662,132
18663,58
18664,70
18665,77
18666,90
18667,81
18668,108
18669,87
18670,184
18671,187
18672,177
18673,163
18674,126
18675,127
18676,112
18677,1736
18678,1679
18679,1190
18680,1086
18681,908
18682,810
18683,698
18684,54
18685,70
18686,90
18687,70
18688,44
18689,75
18690,48
18691,255
18692,260
18693,255
18694,265
18695,232
18696,226
18697,191
18698,62
18699,83
18700,131
18701,125
18702,102
18703,109
18704,64
18705,23
18706,39
18707,72
18708,54
18709,25
18710,45
18711,42
18712,133
18713,138
18714,110
18715,125
18716,99
18717,127
18718,113
18719,193
18720,213
18721,186
18722,181
18723,146
18724,155
18725,123
18726,200
18727,201
18728,194
18729,213
18730,187
18731,197
18732,143
18733,49
18734,52
18735,77
18736,88
18737,65
18738,84
18739,64
18740,393
18741,381
18742,357
18743,334
18744,297
18745,283
18746,197
18747,31
18748,68
18749,45
18750,60
18751,60
18752,94
18753,91
18754,52
18755,56
18756,91
18757,76
18758,50
18759,61
18760,46
18761,151
18762,165
18763,181
18764,198
18765,184
18766,202
18767,136
18768,101
18769,109
18770,139
18771,129
18772,110
18773,138
18774,106
18775,18
18776,50
18777,27
18778,31
18779,39
18780,66
18781,64
18782,219
18783,217
18784,217
18785,218
18786,179
18787,180
18788,148
18789,494
18790,504
18791,361
18792,340
18793,288
18794,284
18795,197
18796,49
18797,45
18798,86
18799,95
18800,72
18801,87
18802,60
18803,104
18804,117
18805,159
18806,187
18807,156
18808,164
18809,138
18810,0
18811,14
18812,11
18813,26
18814,21
18815,36
18816,30
18817,367
18818,367
18819,269
18820,257
18821,215
18822,223
18823,184
18824,439
18825,441
18826,325
18827,317
18828,275
18829,270
18830,220
18831,26
18832,27
18833,54
18834,59
18835,49
18836,72
18837,57
18838,73
18839,84
18840,124
18841,118
18842,108
18843,116
18844,83
18845,70
18846,61
18847,74
18848,67
18849,38
18850,42
18851,37
18852,62
18853,65
18854,122
18855,118
18856,100
18857,105
18858,79
18859,600
18860,628
18861,502
18862,475
18863,393
18864,373
18865,270
18866,38
18867,49
18868,57
18869,60
18870,47
18871,61
18872,49
18873,191
18874,191
18875,164
18876,179
18877,148
18878,177
18879,131
18880,30
18881,52
18882,84
18883,90
18884,70
18885,101
18886,83
18887,24
18888,29
18889,65
18890,72
18891,50
18892,67
18893,47
18894,27
18895,52
18896,66
18897,78
18898,70
18899,96
18900,82
18901,0
18902,3
18903,18
18904,16
18905,19
18906,52
18907,50
18908,0
18909,19
18910,31
18911,13
18912,12
18913,27
18914,37
18915,244
18916,260
18917,250
18918,257
18919,222
18920,220
18921,160
18922,570
18923,575
18924,430
18925,432
18926,349
18927,334
18928,267
18929,192
18930,189
18931,178
18932,174
18933,127
18934,131
18935,108
18936,241
18937,245
18938,200
18939,207
18940,171
18941,175
18942,145
18943,148
18944,158
18945,174
18946,157
18947,116
18948,100
18949,94
18950,346
18951,336
18952,322
18953,310
18954,277
18955,274
18956,185
18957,207
18958,207
18959,207
18960,200
18961,172
18962,153
18963,114
18964,239
18965,240
18966,230
18967,237
18968,199
18969,193
18970,147
18971,0
18972,20
18973,31
18974,46
18975,45
18976,68
18977,64
18978,68
18979,58
18980,119
18981,133
18982,98
18983,101
18984,79
18985,0
18986,0
18987,20
18988,24
18989,24
18990,26
18991,34
18992,275
18993,276
18994,265
18995,272
18996,234
18997,238
18998,173
18999,90
19000,94
19001,133
19002,146
19003,133
19004,152
19005,104
19006,18
19007,54
19008,31
19009,55
19010,55
19011,78
19012,76
19013,30
19014,47
19015,86
19016,102
19017,88
19018,113
19019,84
19020,366
19021,369
19022,311
19023,300
19024,248
19025,230
19026,169
19027,44
19028,57
19029,72
19030,77
19031,59
19032,64
19033,58
19034,0
19035,20
19036,44
19037,40
19038,36
19039,45
19040,45
19041,4
19042,34
19043,17
19044,39
19045,43
19046,82
19047,95
19048,268
19049,285
19050,278
19051,288
19052,262
19053,268
19054,179
19055,233
19056,231
19057,210
19058,227
19059,198
19060,202
19061,152
19062,178
19063,174
19064,177
19065,187
19066,149
19067,159
19068,109
19069,187
19070,202
19071,199
19072,194
19073,171
19074,168
19075,127
19076,158
19077,156
19078,186
19079,193
19080,158
19081,152
19082,101
19083,304
19084,300
19085,273
19086,283
19087,249
19088,247
19089,197
19090,205
19091,217
19092,224
19093,243
19094,219
19095,228
19096,153
19097,475
19098,479
19099,357
19100,349
19101,302
19102,295
19103,237
19104,160
19105,174
19106,205
19107,208
19108,193
19109,200
19110,147
19111,94
19112,134
19113,113
19114,134
19115,144
19116,173
19117,131
19118,114
19119,142
19120,126
19121,149
19122,150
19123,175
19124,158
19125,38
19126,67
19127,97
19128,107
19129,85
19130,115
19131,86
19132,1
19133,13
19134,31
19135,41
19136,40
19137,67
19138,47
19139,141
19140,149
19141,155
19142,156
19143,150
19144,182
19145,130
19146,33
19147,60
19148,52
19149,70
19150,70
19151,103
19152,96
19153,52
19154,81
19155,91
19156,108
19157,105
19158,110
19159,101
19160,34
19161,61
19162,49
19163,58
19164,59
19165,74
19166,91
19167,73
19168,80
19169,115
19170,135
19171,110
19172,138
19173,100
19174,195
19175,190
19176,192
19177,209
19178,187
19179,199
19180,160
19181,73
19182,90
19183,95
19184,106
19185,106
19186,131
19187,100
19188,110
19189,143
19190,121
19191,129
19192,131
19193,163
19194,159
19195,59
19196,86
19197,73
19198,100
19199,101
19200,125
19201,120
19202,104
19203,144
19204,146
19205,158
19206,160
19207,179
19208,151
19209,75
19210,82
19211,95
19212,124
19213,99
19214,127
19215,105
19216,60
19217,89
19218,100
19219,114
19220,127
19221,155
19222,109
19223,169
19224,196
19225,200
19226,195
19227,179
19228,191
19229,125
19230,176
19231,205
19232,212
19233,222
19234,203
19235,221
19236,146
19237,224
19238,224
19239,221
19240,233
19241,201
19242,208
19243,148
19244,9
19245,37
19246,30
19247,32
19248,30
19249,41
19250,70
19251,37
19252,64
19253,69
19254,94
19255,93
19256,117
19257,102
19258,15
19259,50
19260,57
19261,70
19262,69
19263,102
19264,78
19265,0
19266,10
19267,28
19268,48
19269,53
19270,74
19271,61
19272,50
19273,73
19274,74
19275,109
19276,108
19277,152
19278,124
19279,103
19280,124
19281,153
19282,173
19283,157
19284,179
19285,130
19286,36
19287,61
19288,80
19289,68
19290,44
19291,51
19292,37
19293,1
19294,13
19295,31
19296,41
19297,40
19298,67
19299,47
19300,58
19301,68
19302,105
19303,117
19304,98
19305,119
19306,90
19307,138
19308,150
19309,152
19310,149
19311,143
19312,175
19313,129
19314,28
19315,52
19316,66
19317,59
19318,33
19319,52
19320,41
19321,72
19322,107
19323,106
19324,125
19325,131
19326,150
19327,122
19328,42
19329,77
19330,67
19331,87
19332,87
19333,118
19334,109
19335,21
19336,52
19337,67
19338,68
19339,49
19340,67
19341,52
19342,128
19343,135
19344,143
19345,149
19346,126
19347,146
19348,119
19349,0
19350,31
19351,42
19352,45
19353,47
19354,66
19355,63
19356,324
19357,326
19358,260
19359,274
19360,240
19361,236
19362,186
19363,95
19364,95
19365,116
19366,125
19367,102
19368,130
19369,84
19370,89
19371,108
19372,144
19373,165
19374,154
19375,170
19376,119
19377,5
19378,29
19379,26
19380,56
19381,62
19382,94
19383,75
19384,14
19385,38
19386,32
19387,36
19388,32
19389,59
19390,67
19391,41
19392,63
19393,84
19394,74
19395,51
19396,54
19397,38
19398,135
19399,158
19400,159
19401,156
19402,143
19403,151
19404,108
19405,96
19406,96
19407,145
19408,155
19409,128
19410,131
19411,84
19412,34
19413,61
19414,49
19415,58
19416,59
19417,74
19418,90
19419,34
19420,40
19421,89
19422,74
19423,50
19424,68
19425,44
19426,18
19427,46
19428,59
19429,57
19430,46
19431,62
19432,78
19433,20
19434,42
19435,26
19436,62
19437,74
19438,91
19439,75
19440,138
19441,137
19442,163
19443,175
19444,147
19445,162
19446,110
19447,53
19448,97
19449,93
19450,102
19451,104
19452,116
19453,91
19454,446
19455,443
19456,331
19457,332
19458,279
19459,271
19460,231
19461,2
19462,26
19463,34
19464,24
19465,17
19466,35
19467,44
19468,31
19469,54
19470,24
19471,45
19472,52
19473,98
19474,108
19475,31
19476,61
19477,70
19478,84
19479,63
19480,92
19481,74
19482,14
19483,31
19484,22
19485,49
19486,65
19487,100
19488,66
19489,17
19490,36
19491,31
19492,55
19493,54
19494,76
19495,75
19496,0
19497,25
19498,0
19499,9
19500,14
19501,45
19502,53
19503,112
19504,120
19505,162
19506,161
19507,145
19508,159
19509,104
19510,31
19511,68
19512,45
19513,60
19514,60
19515,94
19516,91
19517,70
19518,118
19519,89
19520,116
19521,129
19522,163
19523,142
19524,4
19525,45
19526,32
19527,36
19528,47
19529,95
19530,98
19531,18
19532,50
19533,27
19534,31
19535,39
19536,67
19537,64
19538,89
19539,97
19540,116
19541,137
19542,110
19543,128
19544,98
19545,127
19546,131
19547,154
19548,157
19549,133
19550,153
19551,98
19552,173
19553,181
19554,180
19555,177
19556,153
19557,177
19558,127
19559,281
19560,282
19561,236
19562,249
19563,211
19564,211
19565,173
19566,20
19567,32
19568,28
19569,32
19570,33
19571,50
19572,57
19573,137
19574,158
19575,188
19576,194
19577,176
19578,191
19579,134
19580,0
19581,30
19582,15
19583,22
19584,32
19585,50
19586,56
19587,92
19588,105
19589,80
19590,103
19591,105
19592,152
19593,127
19594,0
19595,38
19596,24
19597,39
19598,53
19599,82
19600,85
19601,43
19602,87
19603,85
19604,110
19605,113
19606,137
19607,125
19608,0
19609,18
19610,33
19611,52
19612,57
19613,70
19614,57
19615,89
19616,96
19617,106
19618,135
19619,108
19620,132
19621,110
19622,11
19623,38
19624,32
19625,36
19626,37
19627,51
19628,60
19629,38
19630,41
19631,85
19632,87
19633,57
19634,81
19635,60
19636,56
19637,89
19638,75
19639,101
19640,98
19641,121
19642,121
19643,52
19644,67
19645,87
19646,81
19647,55
19648,60
19649,56
19650,85
19651,97
19652,143
19653,146
19654,138
19655,164
19656,103
19657,76
19658,88
19659,125
19660,148
19661,125
19662,141
19663,98
19664,0
19665,20
19666,27
19667,46
19668,46
19669,69
19670,63
19671,62
19672,80
19673,81
19674,100
19675,108
19676,139
19677,105
19678,45
19679,66
19680,82
19681,101
19682,113
19683,137
19684,98
19685,51
19686,74
19687,86
19688,100
19689,90
19690,104
19691,100
19692,0
19693,20
19694,40
19695,40
19696,36
19697,45
19698,44
19699,133
19700,79
19701,70
19702,65
19703,55
19704,52
19705,68
19706,209
19707,138
19708,126
19709,114
19710,98
19711,82
19712,102
19713,79
19714,29
19715,27
19716,23
19717,24
19718,23
19719,46
19720,234
19721,104
19722,84
19723,74
19724,62
19725,58
19726,95
19727,0
19728,0
19729,0
19730,1
19731,2
19732,9
19733,9
19734,0
19735,4
19736,5
19737,5
19738,5
19739,7
19740,7
19741,28
19742,0
19743,0
19744,0
19745,0
19746,6
19747,19
19748,78
19749,49
19750,43
19751,38
19752,35
19753,32
19754,39
19755,37
19756,25
19757,24
19758,22
19759,26
19760,25
19761,23
19762,0
19763,4
19764,5
19765,2
19766,0
19767,8
19768,9
19769,0
19770,0
19771,0
19772,0
19773,0
19774,4
19775,7
19776,226
19777,157
19778,135
19779,119
19780,97
19781,89
19782,96
19783,24
19784,13
19785,13
19786,5
19787,0
19788,0
19789,5
19790,56
19791,19
19792,18
19793,14
19794,13
19795,16
19796,31
19797,192
19798,108
19799,94
19800,87
19801,82
19802,78
19803,90
19804,30
19805,12
19806,12
19807,8
19808,5
19809,4
19810,18
19811,109
19812,63
19813,52
19814,47
19815,42
19816,44
19817,56
19818,76
19819,61
19820,51
19821,43
19822,35
19823,33
19824,37
19825,46
19826,9
19827,9
19828,5
19829,2
19830,3
19831,17
19832,71
19833,40
19834,35
19835,25
19836,22
19837,20
19838,28
19839,119
19840,69
19841,55
19842,45
19843,33
19844,32
19845,43
19846,22
19847,22
19848,23
19849,14
19850,5
19851,5
19852,6
19853,146
19854,58
19855,48
19856,43
19857,42
19858,45
19859,76
19860,62
19861,60
19862,57
19863,47
19864,41
19865,40
19866,33
19867,439
19868,183
19869,144
19870,107
19871,90
19872,88
19873,155
19874,93
19875,93
19876,86
19877,76
19878,66
19879,61
19880,56
19881,113
19882,50
19883,40
19884,38
19885,37
19886,37
19887,57
19888,105
19889,78
19890,68
19891,60
19892,50
19893,44
19894,49
19895,0
19896,0
19897,0
19898,0
19899,0
19900,0
19901,1
19902,161
19903,80
19904,71
19905,65
19906,57
19907,53
19908,74
19909,0
19910,5
19911,6
19912,4
19913,2
19914,8
19915,9
19916,8
19917,0
19918,1
19919,0
19920,0
19921,0
19922,1
19923,195
19924,96
19925,81
19926,74
19927,66
19928,61
19929,86
19930,22
19931,0
19932,0
19933,0
19934,0
19935,0
19936,11
19937,0
19938,0
19939,0
19940,0
19941,0
19942,2
19943,8
19944,31
19945,20
19946,20
19947,15
19948,8
19949,9
19950,15
19951,0
19952,0
19953,1
19954,1
19955,4
19956,4
19957,5
19958,126
19959,58
19960,47
19961,44
19962,41
19963,42
19964,59
19965,31
19966,9
19967,3
19968,0
19969,0
19970,0
19971,11
19972,95
19973,34
19974,27
19975,20
19976,18
19977,17
19978,40
19979,436
19980,176
19981,113
19982,91
19983,82
19984,83
19985,142
19986,37
19987,11
19988,12
19989,6
19990,2
19991,2
19992,17
19993,171
19994,86
19995,80
19996,76
19997,75
19998,77
19999,91
20000,87
20001,57
20002,48
20003,40
20004,34
20005,32
20006,36
20007,36
20008,26
20009,25
20010,23
20011,24
20012,25
20013,22
20014,34
20015,25
20016,26
20017,24
20018,21
20019,22
20020,23
20021,0
20022,0
20023,0
20024,0
20025,0
20026,5
20027,6
20028,113
20029,92
20030,83
20031,70
20032,58
20033,55
20034,52
20035,79
20036,34
20037,28
20038,22
20039,21
20040,20
20041,36
20042,129
20043,45
20044,34
20045,28
20046,29
20047,33
20048,60
20049,107
20050,47
20051,41
20052,38
20053,36
20054,38
20055,57
20056,36
20057,21
20058,21
20059,17
20060,11
20061,11
20062,16
20063,34
20064,38
20065,38
20066,28
20067,17
20068,15
20069,12
20070,174
20071,90
20072,78
20073,68
20074,61
20075,57
20076,71
20077,28
20078,4
20079,3
20080,3
20081,5
20082,11
20083,19
20084,19
20085,10
20086,11
20087,5
20088,0
20089,0
20090,7
20091,34
20092,13
20093,12
20094,8
20095,5
20096,9
20097,16
20098,138
20099,82
20100,71
20101,61
20102,56
20103,54
20104,59
20105,12
20106,13
20107,14
20108,12
20109,9
20110,9
20111,4
20112,16
20113,24
20114,24
20115,17
20116,9
20117,10
20118,8
20119,29
20120,0
20121,0
20122,0
20123,0
20124,0
20125,13
20126,30
20127,25
20128,26
20129,24
20130,22
20131,24
20132,20
20133,32
20134,29
20135,29
20136,24
20137,22
20138,21
20139,19
20140,44
20141,17
20142,16
20143,12
20144,10
20145,10
20146,20
20147,48
20148,21
20149,20
20150,14
20151,10
20152,11
20153,23
20154,13
20155,0
20156,0
20157,0
20158,0
20159,1
20160,12
20161,43
20162,44
20163,45
20164,42
20165,41
20166,39
20167,33
20168,24
20169,31
20170,31
20171,23
20172,16
20173,15
20174,8
20175,61
20176,45
20177,44
20178,40
20179,37
20180,36
20181,36
20182,204
20183,103
20184,86
20185,78
20186,68
20187,64
20188,87
20189,37
20190,7
20191,6
20192,3
20193,4
20194,9
20195,21
20196,117
20197,82
20198,96
20199,127
20200,59
20201,25
20202,35
20203,82
20204,69
20205,99
20206,167
20207,77
20208,35
20209,39
20210,38
20211,20
20212,41
20213,152
20214,66
20215,35
20216,46
20217,92
20218,36
20219,65
20220,143
20221,46
20222,13
20223,34
20224,25
20225,0
20226,8
20227,115
20228,27
20229,7
20230,23
20231,38
20232,27
20233,51
20234,126
20235,51
20236,26
20237,28
20238,0
20239,0
20240,15
20241,133
20242,19
20243,35
20244,42
20245,0
20246,11
20247,20
20248,25
20249,4
20250,15
20251,19
20252,79
20253,91
20254,111
20255,177
20256,91
20257,53
20258,54
20259,8
20260,29
20261,39
20262,81
20263,47
20264,52
20265,57
20266,28
20267,21
20268,30
20269,155
20270,33
20271,9
20272,22
20273,82
20274,47
20275,80
20276,195
20277,74
20278,43
20279,47
20280,0
20281,8
20282,16
20283,96
20284,33
20285,34
20286,40
20287,7
20288,4
20289,37
20290,61
20291,49
20292,27
20293,34
20294,31
20295,28
20296,45
20297,92
20298,41
20299,31
20300,41
20301,56
20302,93
20303,104
20304,111
20305,85
20306,36
20307,41
20308,7
20309,28
20310,49
20311,69
20312,48
20313,56
20314,67
20315,31
20316,16
20317,35
20318,148
20319,34
20320,8
20321,15
20322,45
20323,5
20324,34
20325,139
20326,44
20327,20
20328,33
20329,4
20330,41
20331,59
20332,72
20333,65
20334,44
20335,42
20336,275
20337,121
20338,136
20339,207
20340,100
20341,51
20342,102
20343,73
20344,109
20345,128
20346,161
20347,107
20348,62
20349,57
20350,50
20351,66
20352,88
20353,109
20354,79
20355,34
20356,33
20357,29
20358,0
20359,16
20360,128
20361,52
20362,36
20363,45
20364,0
20365,10
20366,23
20367,21
20368,10
20369,17
20370,20
20371,119
20372,80
20373,102
20374,139
20375,80
20376,37
20377,47
20378,0
20379,16
20380,38
20381,76
20382,46
20383,51
20384,58
20385,77
20386,64
20387,81
20388,196
20389,50
20390,13
20391,21
20392,21
20393,46
20394,69
20395,160
20396,78
20397,88
20398,93
20399,25
20400,0
20401,19
20402,142
20403,43
20404,29
20405,40
20406,19
20407,32
20408,40
20409,164
20410,37
20411,7
20412,12
20413,0
20414,18
20415,30
20416,77
20417,37
20418,20
20419,25
20420,28
20421,13
20422,36
20423,113
20424,43
20425,17
20426,22
20427,34
20428,28
20429,43
20430,96
20431,49
20432,15
20433,16
20434,26
20435,15
20436,32
20437,161
20438,45
20439,16
20440,24
20441,250
20442,127
20443,143
20444,254
20445,110
20446,58
20447,97
20448,18
20449,25
20450,54
20451,170
20452,43
20453,14
20454,12
20455,8
20456,0
20457,24
20458,59
20459,26
20460,16
20461,25
20462,57
20463,59
20464,74
20465,162
20466,61
20467,24
20468,25
20469,0
20470,9
20471,15
20472,43
20473,30
20474,42
20475,46
20476,86
20477,49
20478,77
20479,182
20480,48
20481,14
20482,27
20483,78
20484,25
20485,57
20486,173
20487,49
20488,23
20489,43
20490,65
20491,39
20492,65
20493,148
20494,59
20495,22
20496,31
20497,33
20498,56
20499,59
20500,77
20501,36
20502,2
20503,3
20504,161
20505,96
20506,119
20507,155
20508,83
20509,35
20510,46
20511,43
20512,26
20513,69
20514,205
20515,91
20516,97
20517,108
20518,79
20519,60
20520,62
20521,110
20522,78
20523,53
20524,62
20525,0
20526,14
20527,33
20528,58
20529,18
20530,5
20531,11
20532,0
20533,15
20534,38
20535,109
20536,54
20537,53
20538,58
20539,1
20540,10
20541,31
20542,55
20543,42
20544,49
20545,55
20546,24
20547,29
20548,50
20549,115
20550,54
20551,33
20552,35
20553,16
20554,30
20555,54
20556,81
20557,56
20558,29
20559,25
20560,57
20561,21
20562,34
20563,164
20564,43
20565,15
20566,29
20567,73
20568,56
20569,81
20570,118
20571,53
20572,18
20573,16
20574,26
20575,38
20576,60
20577,144
20578,61
20579,26
20580,29
20581,4
20582,6
20583,46
20584,178
20585,56
20586,54
20587,61
20588,26
20589,41
20590,61
20591,67
20592,46
20593,15
20594,16
20595,26
20596,53
20597,64
20598,82
20599,71
20600,44
20601,46
20602,47
20603,35
20604,60
20605,146
20606,52
20607,20
20608,31
20609,2
20610,17
20611,41
20612,60
20613,45
20614,43
20615,50
20616,1082
20617,1024
20618,560
20619,522
20620,418
20621,622
20622,484
20623,2015
20624,1819
20625,1115
20626,1003
20627,858
20628,1086
20629,927
20630,276
20631,261
20632,157
20633,141
20634,112
20635,140
20636,99
20637,153
20638,140
20639,79
20640,69
20641,50
20642,111
20643,90
20644,351
20645,345
20646,158
20647,139
20648,113
20649,252
20650,199
20651,311
20652,297
20653,135
20654,111
20655,80
20656,159
20657,117
20658,1667
20659,1558
20660,807
20661,719
20662,608
20663,844
20664,670
20665,335
20666,298
20667,149
20668,134
20669,132
20670,349
20671,276
20672,271
20673,263
20674,156
20675,143
20676,114
20677,249
20678,166
20679,332
20680,314
20681,154
20682,139
20683,112
20684,226
20685,133
20686,499
20687,499
20688,283
20689,240
20690,183
20691,356
20692,251
20693,317
20694,315
20695,180
20696,151
20697,120
20698,276
20699,188
20700,230
20701,215
20702,167
20703,149
20704,128
20705,182
20706,139
20707,540
20708,525
20709,320
20710,292
20711,236
20712,449
20713,296
20714,152
20715,143
20716,46
20717,42
20718,37
20719,112
20720,90
20721,305
20722,299
20723,182
20724,151
20725,108
20726,202
20727,164
20728,780
20729,770
20730,453
20731,446
20732,360
20733,476
20734,413
20735,229
20736,220
20737,123
20738,109
20739,77
20740,172
20741,90
20742,352
20743,346
20744,236
20745,197
20746,164
20747,366
20748,290
20749,148
20750,140
20751,66
20752,60
20753,56
20754,184
20755,134
20756,219
20757,207
20758,135
20759,114
20760,91
20761,145
20762,116
20763,477
20764,472
20765,256
20766,210
20767,169
20768,320
20769,245
20770,549
20771,543
20772,346
20773,313
20774,252
20775,286
20776,253
20777,488
20778,480
20779,271
20780,229
20781,182
20782,341
20783,251
20784,1388
20785,1324
20786,685
20787,605
20788,520
20789,803
20790,631
20791,280
20792,261
20793,152
20794,135
20795,98
20796,212
20797,119
20798,588
20799,567
20800,311
20801,277
20802,218
20803,223
20804,183
20805,522
20806,505
20807,275
20808,235
20809,182
20810,281
20811,204
20812,240
20813,233
20814,156
20815,141
20816,120
20817,298
20818,245
20819,324
20820,319
20821,171
20822,147
20823,100
20824,115
20825,97
20826,445
20827,445
20828,230
20829,183
20830,143
20831,281
20832,208
20833,403
20834,392
20835,227
20836,181
20837,139
20838,313
20839,221
20840,167
20841,153
20842,104
20843,91
20844,68
20845,147
20846,116
20847,150
20848,137
20849,84
20850,75
20851,62
20852,126
20853,81
20854,814
20855,772
20856,385
20857,359
20858,285
20859,474
20860,356
20861,331
20862,314
20863,204
20864,179
20865,130
20866,206
20867,150
20868,2168
20869,1965
20870,1127
20871,981
20872,844
20873,1168
20874,1045
20875,482
20876,469
20877,329
20878,294
20879,231
20880,365
20881,293
20882,337
20883,307
20884,108
20885,101
20886,93
20887,307
20888,194
20889,247
20890,232
20891,160
20892,144
20893,118
20894,221
20895,147
20896,241
20897,230
20898,159
20899,144
20900,115
20901,298
20902,247
20903,337
20904,325
20905,203
20906,174
20907,124
20908,289
20909,186
20910,243
20911,230
20912,89
20913,81
20914,81
20915,212
20916,119
20917,222
20918,208
20919,121
20920,100
20921,78
20922,110
20923,93
20924,236
20925,227
20926,144
20927,122
20928,99
20929,159
20930,133
20931,779
20932,753
20933,412
20934,380
20935,323
20936,448
20937,347
20938,29
20939,18
20940,34
20941,33
20942,32
20943,127
20944,106
20945,276
20946,263
20947,157
20948,142
20949,105
20950,236
20951,133
20952,1016
20953,1000
20954,551
20955,508
20956,424
20957,576
20958,424
20959,120
20960,113
20961,74
20962,69
20963,55
20964,260
20965,202
20966,525
20967,519
20968,263
20969,224
20970,173
20971,290
20972,212
20973,191
20974,176
20975,125
20976,103
20977,81
20978,159
20979,107
20980,478
20981,477
20982,262
20983,222
20984,167
20985,321
20986,215
20987,667
20988,638
20989,364
20990,327
20991,275
20992,360
20993,261
20994,158
20995,143
20996,84
20997,80
20998,65
20999,217
21000,177
21001,547
21002,532
21003,291
21004,261
21005,218
21006,327
21007,244
21008,874
21009,835
21010,468
21011,459
21012,394
21013,585
21014,453
21015,669
21016,652
21017,355
21018,313
21019,273
21020,467
21021,331
21022,429
21023,417
21024,246
21025,205
21026,159
21027,304
21028,228
21029,544
21030,547
21031,286
21032,239
21033,179
21034,266
21035,213
21036,2693
21037,2390
21038,1579
21039,1433
21040,1325
21041,1630
21042,1507
21043,352
21044,347
21045,199
21046,176
21047,127
21048,205
21049,153
21050,362
21051,344
21052,206
21053,186
21054,140
21055,382
21056,262
21057,444
21058,448
21059,244
21060,196
21061,143
21062,200
21063,153
21064,548
21065,551
21066,277
21067,241
21068,206
21069,328
21070,236
21071,605
21072,601
21073,327
21074,300
21075,254
21076,371
21077,256
21078,342
21079,324
21080,204
21081,172
21082,133
21083,357
21084,230
21085,260
21086,254
21087,146
21088,129
21089,101
21090,168
21091,133
21092,445
21093,439
21094,329
21095,294
21096,232
21097,333
21098,286
21099,55
21100,49
21101,11
21102,10
21103,11
21104,114
21105,82
21106,242
21107,233
21108,135
21109,119
21110,81
21111,141
21112,100
21113,476
21114,469
21115,300
21116,265
21117,230
21118,396
21119,287
21120,621
21121,604
21122,371
21123,346
21124,274
21125,355
21126,268
21127,326
21128,315
21129,183
21130,153
21131,112
21132,283
21133,191
21134,343
21135,336
21136,197
21137,173
21138,142
21139,284
21140,240
21141,707
21142,680
21143,342
21144,312
21145,255
21146,437
21147,350
21148,38
21149,31
21150,25
21151,24
21152,23
21153,127
21154,94
21155,207
21156,199
21157,141
21158,126
21159,96
21160,227
21161,197
21162,408
21163,415
21164,236
21165,189
21166,149
21167,204
21168,158
21169,1030
21170,969
21171,430
21172,408
21173,321
21174,543
21175,450
21176,761
21177,719
21178,386
21179,367
21180,299
21181,506
21182,362
21183,604
21184,595
21185,311
21186,280
21187,233
21188,348
21189,253
21190,528
21191,512
21192,294
21193,257
21194,191
21195,362
21196,296
21197,180
21198,167
21199,106
21200,87
21201,67
21202,134
21203,89
21204,569
21205,552
21206,339
21207,310
21208,246
21209,296
21210,246
21211,1151
21212,1137
21213,665
21214,588
21215,496
21216,708
21217,550
21218,640
21219,605
21220,309
21221,273
21222,230
21223,455
21224,317
21225,469
21226,466
21227,263
21228,220
21229,177
21230,325
21231,238
21232,313
21233,302
21234,179
21235,157
21236,117
21237,213
21238,145
21239,289
21240,282
21241,159
21242,139
21243,104
21244,254
21245,168
21246,109
21247,101
21248,33
21249,26
21250,23
21251,131
21252,83
21253,684
21254,668
21255,375
21256,343
21257,282
21258,450
21259,348
21260,651
21261,634
21262,383
21263,358
21264,299
21265,393
21266,292
21267,190
21268,175
21269,110
21270,98
21271,91
21272,135
21273,133
21274,784
21275,746
21276,372
21277,338
21278,291
21279,503
21280,389
21281,284
21282,277
21283,164
21284,142
21285,113
21286,219
21287,147
21288,806
21289,780
21290,450
21291,406
21292,313
21293,438
21294,381
21295,225
21296,208
21297,168
21298,149
21299,123
21300,163
21301,144
21302,602
21303,576
21304,306
21305,269
21306,223
21307,415
21308,297
21309,407
21310,410
21311,229
21312,188
21313,154
21314,303
21315,197
21316,442
21317,441
21318,278
21319,230
21320,178
21321,302
21322,241
21323,116
21324,111
21325,36
21326,29
21327,29
21328,116
21329,86
21330,293
21331,280
21332,204
21333,175
21334,149
21335,334
21336,226
21337,277
21338,266
21339,186
21340,163
21341,109
21342,251
21343,220
21344,416
21345,415
21346,252
21347,209
21348,174
21349,304
21350,234
21351,1091
21352,1063
21353,562
21354,525
21355,436
21356,585
21357,445
21358,306
21359,296
21360,168
21361,149
21362,118
21363,177
21364,136
21365,310
21366,305
21367,201
21368,180
21369,137
21370,195
21371,139
21372,583
21373,563
21374,305
21375,270
21376,217
21377,349
21378,250
21379,187
21380,120
21381,102
21382,95
21383,84
21384,85
21385,101
21386,90
21387,70
21388,58
21389,51
21390,49
21391,52
21392,56
21393,76
21394,50
21395,32
21396,21
21397,14
21398,15
21399,33
21400,59
21401,37
21402,28
21403,18
21404,12
21405,11
21406,19
21407,446
21408,183
21409,96
21410,92
21411,85
21412,88
21413,163
21414,64
21415,15
21416,10
21417,5
21418,7
21419,15
21420,36
21421,484
21422,232
21423,136
21424,109
21425,99
21426,105
21427,185
21428,50
21429,35
21430,23
21431,17
21432,15
21433,25
21434,33
21435,109
21436,30
21437,19
21438,14
21439,13
21440,23
21441,59
21442,37
21443,36
21444,25
21445,16
21446,13
21447,20
21448,21
21449,136
21450,94
21451,68
21452,59
21453,56
21454,55
21455,71
21456,80
21457,95
21458,80
21459,67
21460,49
21461,45
21462,37
21463,28
21464,10
21465,0
21466,0
21467,0
21468,0
21469,11
21470,63
21471,37
21472,33
21473,27
21474,19
21475,21
21476,32
21477,488
21478,321
21479,218
21480,188
21481,171
21482,166
21483,200
21484,21
21485,17
21486,6
21487,2
21488,0
21489,15
21490,21
21491,36
21492,21
21493,17
21494,7
21495,5
21496,10
21497,19
21498,145
21499,67
21500,59
21501,55
21502,50
21503,54
21504,80
21505,171
21506,133
21507,108
21508,93
21509,75
21510,71
21511,75
21512,122
21513,75
21514,58
21515,51
21516,45
21517,44
21518,59
21519,251
21520,149
21521,123
21522,114
21523,103
21524,103
21525,125
21526,84
21527,47
21528,29
21529,21
21530,20
21531,20
21532,36
21533,280
21534,144
21535,86
21536,67
21537,59
21538,57
21539,89
21540,145
21541,65
21542,46
21543,40
21544,33
21545,44
21546,69
21547,167
21548,115
21549,97
21550,88
21551,75
21552,73
21553,91
21554,110
21555,61
21556,48
21557,35
21558,22
21559,17
21560,33
21561,273
21562,129
21563,82
21564,73
21565,67
21566,71
21567,105
21568,192
21569,114
21570,90
21571,76
21572,65
21573,65
21574,85
21575,108
21576,64
21577,54
21578,43
21579,35
21580,32
21581,46
21582,0
21583,6
21584,7
21585,4
21586,0
21587,6
21588,7
21589,200
21590,85
21591,66
21592,60
21593,56
21594,63
21595,103
21596,63
21597,70
21598,57
21599,47
21600,42
21601,43
21602,34
21603,636
21604,326
21605,183
21606,145
21607,130
21608,137
21609,220
21610,241
21611,183
21612,156
21613,139
21614,115
21615,108
21616,125
21617,90
21618,46
21619,39
21620,37
21621,37
21622,43
21623,56
21624,27
21625,28
21626,29
21627,19
21628,11
21629,13
21630,12
21631,130
21632,98
21633,80
21634,70
21635,58
21636,56
21637,63
21638,58
21639,54
21640,43
21641,38
21642,38
21643,48
21644,49
21645,149
21646,65
21647,48
21648,45
21649,47
21650,53
21651,81
21652,80
21653,52
21654,41
21655,27
21656,19
21657,19
21658,24
21659,470
21660,264
21661,174
21662,142
21663,128
21664,130
21665,180
21666,29
21667,36
21668,33
21669,23
21670,16
21671,23
21672,18
21673,47
21674,28
21675,25
21676,17
21677,21
21678,25
21679,30
21680,405
21681,212
21682,130
21683,120
21684,109
21685,113
21686,156
21687,229
21688,159
21689,122
21690,106
21691,91
21692,85
21693,105
21694,43
21695,5
21696,1
21697,0
21698,4
21699,16
21700,30
21701,67
21702,55
21703,50
21704,36
21705,22
21706,27
21707,27
21708,203
21709,125
21710,89
21711,79
21712,67
21713,63
21714,88
21715,128
21716,80
21717,61
21718,52
21719,43
21720,43
21721,58
21722,397
21723,184
21724,114
21725,107
21726,95
21727,101
21728,156
21729,161
21730,87
21731,58
21732,50
21733,43
21734,43
21735,72
21736,107
21737,58
21738,49
21739,43
21740,42
21741,44
21742,51
21743,275
21744,139
21745,84
21746,74
21747,67
21748,69
21749,107
21750,624
21751,325
21752,207
21753,150
21754,133
21755,134
21756,228
21757,71
21758,56
21759,45
21760,38
21761,32
21762,38
21763,45
21764,329
21765,211
21766,158
21767,148
21768,134
21769,139
21770,155
21771,128
21772,84
21773,65
21774,49
21775,38
21776,39
21777,44
21778,82
21779,44
21780,29
21781,20
21782,14
21783,12
21784,33
21785,196
21786,112
21787,84
21788,75
21789,62
21790,68
21791,86
21792,67
21793,59
21794,54
21795,49
21796,48
21797,52
21798,46
21799,125
21800,70
21801,50
21802,41
21803,33
21804,32
21805,52
21806,232
21807,189
21808,164
21809,147
21810,118
21811,109
21812,120
21813,12
21814,5
21815,7
21816,10
21817,22
21818,52
21819,56
21820,142
21821,55
21822,35
21823,25
21824,19
21825,20
21826,44
21827,135
21828,84
21829,78
21830,70
21831,60
21832,62
21833,66
21834,349
21835,224
21836,170
21837,158
21838,141
21839,143
21840,158
21841,171
21842,145
21843,117
21844,105
21845,88
21846,90
21847,90
21848,151
21849,69
21850,57
21851,50
21852,42
21853,44
21854,68
21855,68
21856,55
21857,52
21858,42
21859,36
21860,44
21861,46
21862,135
21863,62
21864,42
21865,34
21866,25
21867,28
21868,54
21869,291
21870,135
21871,85
21872,77
21873,71
21874,75
21875,116
21876,269
21877,149
21878,105
21879,98
21880,90
21881,95
21882,114
21883,107
21884,73
21885,49
21886,42
21887,38
21888,39
21889,56
21890,218
21891,152
21892,122
21893,105
21894,85
21895,81
21896,88
21897,70
21898,45
21899,32
21900,23
21901,20
21902,26
21903,37
21904,71
21905,70
21906,57
21907,43
21908,29
21909,26
21910,29
21911,414
21912,245
21913,174
21914,136
21915,123
21916,119
21917,159
21918,158
21919,71
21920,62
21921,60
21922,58
21923,64
21924,82
21925,309
21926,156
21927,102
21928,95
21929,91
21930,97
21931,127
21932,73
21933,48
21934,40
21935,29
21936,21
21937,20
21938,36
21939,39
21940,25
21941,21
21942,17
21943,15
21944,25
21945,26
21946,64
21947,37
21948,24
21949,19
21950,17
21951,25
21952,40
21953,94
21954,69
21955,55
21956,48
21957,44
21958,46
21959,50
21960,57
21961,57
21962,45
21963,40
21964,35
21965,43
21966,41
21967,87
21968,87
21969,72
21970,59
21971,48
21972,49
21973,43
21974,153
21975,49
21976,38
21977,32
21978,29
21979,35
21980,69
21981,77
21982,68
21983,57
21984,51
21985,47
21986,53
21987,52
21988,361
21989,248
21990,183
21991,161
21992,142
21993,136
21994,149
21995,101
21996,98
21997,90
21998,75
21999,53
22000,50
22001,43
22002,273
22003,146
22004,93
22005,83
22006,81
22007,82
22008,109
22009,75
22010,49
22011,33
22012,28
22013,23
22014,25
22015,41
22016,156
22017,117
22018,101
22019,85
22020,71
22021,63
22022,67
22023,0
22024,7
22025,1
22026,1
22027,0
22028,16
22029,22
22030,69
22031,67
22032,64
22033,52
22034,42
22035,43
22036,37
22037,450
22038,231
22039,123
22040,107
22041,95
22042,102
22043,166
22044,122
22045,77
22046,57
22047,48
22048,40
22049,37
22050,50
22051,152
22052,115
22053,98
22054,88
22055,72
22056,71
22057,76
22058,228
22059,104
22060,64
22061,55
22062,50
22063,59
22064,97
22065,119
22066,107
22067,94
22068,116
22069,144
22070,106
22071,100
22072,118
22073,108
22074,101
22075,132
22076,164
22077,132
22078,119
22079,115
22080,123
22081,115
22082,143
22083,177
22084,158
22085,157
22086,17
22087,19
22088,20
22089,25
22090,47
22091,61
22092,69
22093,123
22094,108
22095,92
22096,121
22097,167
22098,152
22099,152
22100,9
22101,46
22102,38
22103,22
22104,45
22105,54
22106,53
22107,111
22108,107
22109,105
22110,141
22111,167
22112,147
22113,142
22114,0
22115,34
22116,24
22117,17
22118,31
22119,35
22120,29
22121,20
22122,32
22123,26
22124,27
22125,38
22126,50
22127,53
22128,10
22129,34
22130,25
22131,31
22132,58
22133,88
22134,94
22135,126
22136,125
22137,115
22138,152
22139,180
22140,178
22141,176
22142,96
22143,102
22144,92
22145,117
22146,137
22147,158
22148,154
22149,54
22150,54
22151,56
22152,76
22153,101
22154,116
22155,111
22156,54
22157,66
22158,54
22159,68
22160,96
22161,91
22162,87
22163,11
22164,39
22165,43
22166,42
22167,71
22168,79
22169,80
22170,63
22171,79
22172,73
22173,94
22174,118
22175,128
22176,123
22177,72
22178,97
22179,82
22180,112
22181,144
22182,109
22183,103
22184,32
22185,54
22186,45
22187,58
22188,73
22189,67
22190,56
22191,20
22192,39
22193,41
22194,56
22195,86
22196,79
22197,73
22198,475
22199,445
22200,388
22201,359
22202,336
22203,348
22204,369
22205,421
22206,381
22207,358
22208,330
22209,311
22210,316
22211,340
22212,184
22213,126
22214,119
22215,66
22216,69
22217,80
22218,92
22219,149
22220,134
22221,112
22222,80
22223,84
22224,98
22225,113
22226,467
22227,279
22228,208
22229,205
22230,210
22231,225
22232,304
22233,125
22234,94
22235,74
22236,45
22237,63
22238,77
22239,90
22240,574
22241,506
22242,433
22243,359
22244,322
22245,323
22246,401
22247,95
22248,159
22249,151
22250,133
22251,141
22252,154
22253,164
22254,83
22255,138
22256,135
22257,95
22258,100
22259,114
22260,103
22261,152
22262,121
22263,111
22264,59
22265,64
22266,79
22267,108
22268,284
22269,242
22270,223
22271,189
22272,182
22273,200
22274,205
22275,186
22276,187
22277,189
22278,146
22279,148
22280,165
22281,160
22282,79
22283,150
22284,143
22285,112
22286,101
22287,114
22288,93
22289,269
22290,260
22291,261
22292,238
22293,227
22294,241
22295,228
22296,38
22297,56
22298,52
22299,24
22300,39
22301,61
22302,67
22303,64
22304,100
22305,100
22306,76
22307,88
22308,105
22309,96
22310,538
22311,539
22312,470
22313,422
22314,381
22315,402
22316,461
22317,144
22318,125
22319,114
22320,71
22321,77
22322,87
22323,121
22324,202
22325,259
22326,258
22327,225
22328,224
22329,236
22330,241
22331,36
22332,90
22333,90
22334,56
22335,64
22336,84
22337,99
22338,192
22339,189
22340,178
22341,131
22342,127
22343,145
22344,183
22345,329
22346,399
22347,359
22348,312
22349,287
22350,294
22351,304
22352,139
22353,164
22354,162
22355,114
22356,119
22357,130
22358,124
22359,557
22360,531
22361,467
22362,436
22363,417
22364,426
22365,462
22366,145
22367,139
22368,123
22369,86
22370,95
22371,102
22372,102
22373,340
22374,217
22375,178
22376,128
22377,129
22378,140
22379,176
22380,250
22381,220
22382,186
22383,141
22384,135
22385,152
22386,167
22387,240
22388,285
22389,288
22390,255
22391,247
22392,255
22393,275
22394,109
22395,159
22396,140
22397,104
22398,91
22399,109
22400,106
22401,292
22402,274
22403,251
22404,201
22405,200
22406,227
22407,266
22408,113
22409,136
22410,126
22411,77
22412,77
22413,94
22414,91
22415,86
22416,144
22417,126
22418,63
22419,62
22420,64
22421,67
22422,267
22423,241
22424,231
22425,195
22426,194
22427,202
22428,240
22429,90
22430,153
22431,142
22432,100
22433,98
22434,117
22435,94
22436,1203
22437,932
22438,752
22439,695
22440,679
22441,661
22442,819
22443,333
22444,403
22445,400
22446,343
22447,319
22448,321
22449,323
22450,60
22451,115
22452,102
22453,74
22454,89
22455,98
22456,125
22457,78
22458,161
22459,145
22460,95
22461,96
22462,106
22463,91
22464,346
22465,333
22466,317
22467,288
22468,279
22469,290
22470,304
22471,34
22472,44
22473,47
22474,54
22475,72
22476,92
22477,92
22478,191
22479,138
22480,131
22481,81
22482,93
22483,105
22484,119
22485,29
22486,68
22487,59
22488,32
22489,32
22490,44
22491,44
22492,59
22493,85
22494,88
22495,65
22496,78
22497,93
22498,89
22499,583
22500,531
22501,434
22502,372
22503,336
22504,345
22505,391
22506,93
22507,147
22508,158
22509,117
22510,109
22511,124
22512,113
22513,58
22514,80
22515,77
22516,35
22517,50
22518,70
22519,67
22520,418
22521,388
22522,349
22523,317
22524,287
22525,289
22526,339
22527,160
22528,195
22529,199
22530,156
22531,162
22532,177
22533,195
22534,322
22535,176
22536,133
22537,110
22538,121
22539,143
22540,205
22541,72
22542,125
22543,119
22544,59
22545,60
22546,68
22547,58
22548,288
22549,156
22550,149
22551,105
22552,109
22553,134
22554,164
22555,264
22556,253
22557,220
22558,156
22559,134
22560,144
22561,180
22562,155
22563,159
22564,164
22565,132
22566,138
22567,156
22568,178
22569,265
22570,162
22571,149
22572,108
22573,113
22574,142
22575,163
22576,503
22577,464
22578,389
22579,341
22580,330
22581,339
22582,401
22583,313
22584,269
22585,238
22586,208
22587,197
22588,207
22589,237
22590,192
22591,182
22592,177
22593,165
22594,165
22595,178
22596,175
22597,290
22598,218
22599,185
22600,138
22601,138
22602,151
22603,185
22604,1312
22605,955
22606,756
22607,702
22608,688
22609,671
22610,851
22611,159
22612,195
22613,176
22614,109
22615,108
22616,124
22617,148
22618,347
22619,331
22620,318
22621,278
22622,263
22623,281
22624,302
22625,240
22626,240
22627,215
22628,158
22629,160
22630,171
22631,148
22632,163
22633,129
22634,104
22635,62
22636,71
22637,78
22638,92
22639,289
22640,187
22641,170
22642,142
22643,157
22644,181
22645,181
22646,236
22647,219
22648,217
22649,152
22650,150
22651,173
22652,191
22653,136
22654,149
22655,151
22656,143
22657,162
22658,173
22659,174
22660,178
22661,151
22662,136
22663,108
22664,109
22665,118
22666,160
22667,358
22668,395
22669,369
22670,344
22671,316
22672,322
22673,332
22674,200
22675,172
22676,144
22677,77
22678,70
22679,81
22680,122
22681,249
22682,256
22683,256
22684,232
22685,231
22686,236
22687,244
22688,410
22689,385
22690,316
22691,280
22692,276
22693,305
22694,307
22695,103
22696,137
22697,146
22698,85
22699,94
22700,112
22701,136
22702,266
22703,268
22704,258
22705,216
22706,206
22707,221
22708,228
22709,335
22710,283
22711,263
22712,225
22713,215
22714,226
22715,285
22716,39
22717,100
22718,95
22719,62
22720,66
22721,87
22722,106
22723,146
22724,192
22725,191
22726,157
22727,156
22728,165
22729,157
22730,106
22731,98
22732,104
22733,56
22734,65
22735,76
22736,80
22737,353
22738,284
22739,252
22740,224
22741,216
22742,227
22743,300
22744,574
22745,486
22746,421
22747,383
22748,358
22749,367
22750,441
22751,226
22752,181
22753,173
22754,116
22755,126
22756,148
22757,152
22758,236
22759,246
22760,227
22761,180
22762,172
22763,184
22764,199
22765,143
22766,116
22767,113
22768,52
22769,62
22770,72
22771,72
22772,194
22773,240
22774,214
22775,177
22776,165
22777,167
22778,177
22779,574
22780,568
22781,502
22782,428
22783,379
22784,381
22785,426
22786,338
22787,253
22788,239
22789,217
22790,217
22791,247
22792,274
22793,270
22794,240
22795,212
22796,161
22797,157
22798,180
22799,192
22800,70
22801,100
22802,94
22803,50
22804,54
22805,75
22806,69
22807,114
22808,120
22809,124
22810,83
22811,105
22812,127
22813,114
22814,68
22815,95
22816,80
22817,32
22818,45
22819,69
22820,62
22821,10
22822,51
22823,33
22824,4
22825,22
22826,46
22827,42
22828,397
22829,375
22830,336
22831,297
22832,289
22833,313
22834,348
22835,230
22836,236
22837,235
22838,203
22839,197
22840,216
22841,228
22842,187
22843,209
22844,184
22845,153
22846,143
22847,155
22848,155
22849,295
22850,230
22851,209
22852,171
22853,172
22854,194
22855,244
22856,219
22857,230
22858,217
22859,160
22860,142
22861,150
22862,178
22863,419
22864,494
22865,423
22866,401
22867,361
22868,356
22869,341
22870,129
22871,194
22872,185
22873,162
22874,151
22875,157
22876,163
22877,127
22878,182
22879,168
22880,147
22881,144
22882,144
22883,170
22884,180
22885,159
22886,166
22887,109
22888,109
22889,131
22890,142
22891,273
22892,258
22893,229
22894,176
22895,165
22896,182
22897,179
22898,21
22899,80
22900,73
22901,28
22902,25
22903,41
22904,42
22905,204
22906,250
22907,253
22908,218
22909,211
22910,220
22911,225
22912,204
22913,270
22914,264
22915,221
22916,210
22917,214
22918,220
22919,95
22920,132
22921,126
22922,87
22923,94
22924,111
22925,130
22926,173
22927,206
22928,215
22929,175
22930,170
22931,186
22932,176
22933,583
22934,554
22935,451
22936,384
22937,330
22938,338
22939,425
22940,88
22941,98
22942,93
22943,75
22944,79
22945,101
22946,84
22947,8
22948,70
22949,60
22950,35
22951,35
22952,57
22953,55
22954,305
22955,195
22956,181
22957,125
22958,130
22959,162
22960,171
22961,206
22962,113
22963,111
22964,101
22965,92
22966,77
22967,102
22968,257
22969,138
22970,132
22971,122
22972,106
22973,87
22974,112
22975,30
22976,15
22977,16
22978,9
22979,5
22980,5
22981,13
22982,86
22983,43
22984,36
22985,27
22986,23
22987,19
22988,31
22989,68
22990,24
22991,24
22992,23
22993,24
22994,23
22995,40
22996,42
22997,8
22998,8
22999,5
23000,10
23001,11
23002,24
23003,273
23004,98
23005,93
23006,87
23007,77
23008,65
23009,120
23010,68
23011,39
23012,38
23013,31
23014,31
23015,32
23016,39
23017,28
23018,1
23019,1
23020,1
23021,6
23022,9
23023,21
23024,45
23025,56
23026,56
23027,48
23028,33
23029,29
23030,20
23031,101
23032,64
23033,64
23034,58
23035,62
23036,57
23037,58
23038,20
23039,19
23040,20
23041,16
23042,12
23043,12
23044,19
23045,246
23046,144
23047,140
23048,132
23049,112
23050,93
23051,118
23052,12
23053,22
23054,24
23055,25
23056,24
23057,38
23058,33
23059,153
23060,111
23061,110
23062,96
23063,86
23064,74
23065,74
23066,101
23067,51
23068,44
23069,32
23070,25
23071,20
23072,36
23073,100
23074,38
23075,38
23076,35
23077,38
23078,38
23079,58
23080,145
23081,94
23082,89
23083,74
23084,66
23085,58
23086,62
23087,80
23088,41
23089,41
23090,38
23091,35
23092,32
23093,42
23094,224
23095,121
23096,117
23097,111
23098,102
23099,87
23100,110
23101,72
23102,24
23103,24
23104,22
23105,26
23106,23
23107,40
23108,196
23109,87
23110,82
23111,67
23112,59
23113,45
23114,82
23115,54
23116,31
23117,32
23118,28
23119,32
23120,35
23121,41
23122,45
23123,38
23124,38
23125,32
23126,30
23127,29
23128,32
23129,18
23130,12
23131,13
23132,5
23133,0
23134,0
23135,4
23136,118
23137,43
23138,38
23139,32
23140,32
23141,32
23142,54
23143,84
23144,43
23145,37
23146,29
23147,29
23148,27
23149,35
23150,71
23151,42
23152,42
23153,37
23154,29
23155,27
23156,36
23157,201
23158,78
23159,72
23160,68
23161,67
23162,65
23163,99
23164,53
23165,52
23166,52
23167,47
23168,46
23169,40
23170,34
23171,495
23172,204
23173,161
23174,123
23175,128
23176,119
23177,173
23178,182
23179,133
23180,132
23181,120
23182,109
23183,91
23184,100
23185,127
23186,86
23187,82
23188,71
23189,61
23190,53
23191,63
23192,50
23193,40
23194,41
23195,38
23196,42
23197,36
23198,34
23199,116
23200,60
23201,53
23202,41
23203,32
23204,26
23205,44
23206,33
23207,22
23208,22
23209,20
23210,16
23211,15
23212,19
23213,263
23214,127
23215,123
23216,116
23217,104
23218,87
23219,114
23220,45
23221,22
23222,22
23223,17
23224,17
23225,16
23226,22
23227,240
23228,124
23229,118
23230,109
23231,96
23232,80
23233,111
23234,143
23235,81
23236,75
23237,64
23238,58
23239,54
23240,62
23241,75
23242,16
23243,11
23244,5
23245,14
23246,16
23247,35
23248,45
23249,49
23250,43
23251,28
23252,19
23253,15
23254,11
23255,132
23256,68
23257,67
23258,62
23259,57
23260,48
23261,60
23262,101
23263,53
23264,53
23265,51
23266,43
23267,38
23268,56
23269,49
23270,23
23271,23
23272,20
23273,22
23274,22
23275,31
23276,179
23277,78
23278,72
23279,68
23280,66
23281,66
23282,87
23283,148
23284,64
23285,61
23286,52
23287,54
23288,44
23289,69
23290,60
23291,28
23292,28
23293,26
23294,28
23295,25
23296,28
23297,148
23298,58
23299,57
23300,52
23301,53
23302,45
23303,71
23304,426
23305,181
23306,154
23307,121
23308,116
23309,103
23310,157
23311,107
23312,66
23313,62
23314,55
23315,50
23316,42
23317,52
23318,182
23319,114
23320,113
23321,106
23322,103
23323,92
23324,98
23325,27
23326,26
23327,26
23328,20
23329,21
23330,20
23331,16
23332,93
23333,32
23334,32
23335,24
23336,22
23337,18
23338,41
23339,193
23340,89
23341,86
23342,83
23343,84
23344,84
23345,99
23346,223
23347,116
23348,114
23349,103
23350,90
23351,73
23352,99
23353,38
23354,30
23355,30
23356,29
23357,33
23358,29
23359,23
23360,21
23361,14
23362,15
23363,12
23364,14
23365,12
23366,20
23367,200
23368,151
23369,151
23370,137
23371,113
23372,94
23373,99
23374,120
23375,49
23376,44
23377,32
23378,27
23379,19
23380,42
23381,118
23382,69
23383,69
23384,65
23385,63
23386,58
23387,69
23388,181
23389,116
23390,114
23391,103
23392,96
23393,90
23394,98
23395,112
23396,44
23397,38
23398,32
23399,34
23400,32
23401,54
23402,94
23403,70
23404,64
23405,52
23406,44
23407,40
23408,39
23409,54
23410,22
23411,22
23412,15
23413,12
23414,10
23415,27
23416,212
23417,86
23418,74
23419,67
23420,65
23421,65
23422,96
23423,148
23424,64
23425,59
23426,57
23427,58
23428,51
23429,67
23430,82
23431,39
23432,39
23433,35
23434,31
23435,30
23436,42
23437,47
23438,42
23439,42
23440,34
23441,31
23442,27
23443,28
23444,127
23445,58
23446,53
23447,43
23448,41
23449,35
23450,52
23451,58
23452,44
23453,44
23454,35
23455,23
23456,19
23457,22
23458,265
23459,123
23460,118
23461,108
23462,94
23463,77
23464,113
23465,60
23466,31
23467,27
23468,21
23469,24
23470,24
23471,30
23472,48
23473,23
23474,24
23475,25
23476,37
23477,41
23478,44
23479,215
23480,116
23481,108
23482,101
23483,96
23484,88
23485,106
23486,63
23487,34
23488,35
23489,30
23490,25
23491,23
23492,37
23493,36
23494,24
23495,25
23496,21
23497,23
23498,21
23499,22
23500,39
23501,15
23502,15
23503,12
23504,13
23505,14
23506,25
23507,134
23508,76
23509,73
23510,67
23511,65
23512,60
23513,71
23514,230
23515,145
23516,145
23517,134
23518,118
23519,97
23520,103
23521,176
23522,65
23523,61
23524,54
23525,54
23526,50
23527,80
23528,27
23529,20
23530,20
23531,17
23532,22
23533,26
23534,21
23535,177
23536,118
23537,113
23538,101
23539,90
23540,79
23541,84
23542,30
23543,40
23544,40
23545,34
23546,30
23547,30
23548,21
23549,104
23550,47
23551,47
23552,44
23553,47
23554,46
23555,61
23556,65
23557,29
23558,29
23559,25
23560,24
23561,22
23562,35
23563,72
23564,48
23565,48
23566,41
23567,37
23568,33
23569,35
23570,13
23571,0
23572,0
23573,0
23574,0
23575,0
23576,4
23577,152
23578,123
23579,123
23580,112
23581,102
23582,85
23583,81
23584,91
23585,81
23586,81
23587,71
23588,58
23589,52
23590,51
23591,253
23592,109
23593,107
23594,100
23595,86
23596,72
23597,113
23598,62
23599,34
23600,33
23601,25
23602,21
23603,20
23604,26
23605,28
23606,32
23607,32
23608,26
23609,21
23610,21
23611,19
23612,60
23613,17
23614,17
23615,14
23616,19
23617,21
23618,38
23619,42
23620,34
23621,34
23622,40
23623,41
23624,41
23625,39
23626,165
23627,137
23628,113
23629,102
23630,97
23631,107
23632,100
23633,57
23634,47
23635,42
23636,40
23637,40
23638,64
23639,62
23640,7
23641,8
23642,10
23643,15
23644,44
23645,54
23646,55
23647,51
23648,40
23649,37
23650,36
23651,35
23652,41
23653,39
23654,66
23655,57
23656,54
23657,56
23658,54
23659,55
23660,50
23661,25
23662,18
23663,14
23664,11
23665,11
23666,16
23667,16
23668,53
23669,44
23670,39
23671,40
23672,42
23673,50
23674,43
23675,46
23676,37
23677,34
23678,35
23679,35
23680,43
23681,40
23682,20
23683,14
23684,16
23685,29
23686,35
23687,37
23688,38
23689,47
23690,40
23691,38
23692,46
23693,42
23694,40
23695,39
23696,166
23697,129
23698,98
23699,92
23700,86
23701,151
23702,138
23703,51
23704,51
23705,51
23706,63
23707,79
23708,74
23709,75
23710,131
23711,111
23712,95
23713,89
23714,89
23715,116
23716,103
23717,16
23718,16
23719,14
23720,20
23721,34
23722,31
23723,31
23724,29
23725,21
23726,22
23727,32
23728,36
23729,50
23730,50
23731,45
23732,36
23733,33
23734,37
23735,36
23736,45
23737,40
23738,37
23739,28
23740,26
23741,24
23742,25
23743,36
23744,33
23745,11
23746,2
23747,4
23748,10
23749,12
23750,26
23751,28
23752,5
23753,6
23754,7
23755,4
23756,7
23757,13
23758,13
23759,19
23760,13
23761,15
23762,23
23763,24
23764,30
23765,29
23766,0
23767,0
23768,0
23769,0
23770,0
23771,6
23772,7
23773,22
23774,14
23775,15
23776,23
23777,22
23778,34
23779,35
23780,164
23781,128
23782,99
23783,95
23784,90
23785,147
23786,138
23787,40
23788,31
23789,29
23790,30
23791,29
23792,30
23793,28
23794,64
23795,56
23796,54
23797,58
23798,60
23799,64
23800,55
23801,55
23802,47
23803,45
23804,50
23805,55
23806,73
23807,65
23808,70
23809,60
23810,56
23811,47
23812,46
23813,38
23814,34
23815,33
23816,25
23817,25
23818,29
23819,34
23820,58
23821,56
23822,128
23823,112
23824,99
23825,93
23826,84
23827,109
23828,98
23829,53
23830,43
23831,35
23832,34
23833,31
23834,31
23835,27
23836,58
23837,47
23838,44
23839,38
23840,38
23841,49
23842,43
23843,36
23844,30
23845,28
23846,38
23847,40
23848,45
23849,43
23850,40
23851,32
23852,30
23853,28
23854,27
23855,30
23856,29
23857,78
23858,66
23859,58
23860,46
23861,42
23862,34
23863,30
23864,38
23865,31
23866,29
23867,33
23868,36
23869,36
23870,33
23871,41
23872,32
23873,30
23874,34
23875,35
23876,45
23877,41
23878,43
23879,32
23880,31
23881,30
23882,31
23883,47
23884,44
23885,17
23886,10
23887,9
23888,4
23889,5
23890,6
23891,5
23892,68
23893,39
23894,37
23895,42
23896,43
23897,40
23898,45
23899,347
23900,187
23901,154
23902,153
23903,132
23904,120
23905,143
23906,47
23907,18
23908,19
23909,21
23910,12
23911,6
23912,20
23913,43
23914,23
23915,23
23916,21
23917,13
23918,8
23919,16
23920,150
23921,60
23922,56
23923,60
23924,56
23925,51
23926,70
23927,241
23928,99
23929,77
23930,77
23931,66
23932,60
23933,96
23934,42
23935,0
23936,0
23937,1
23938,3
23939,5
23940,19
23941,17
23942,9
23943,11
23944,14
23945,7
23946,3
23947,3
23948,81
23949,42
23950,43
23951,46
23952,42
23953,34
23954,38
23955,28
23956,38
23957,39
23958,40
23959,25
23960,17
23961,8
23962,66
23963,15
23964,9
23965,10
23966,5
23967,1
23968,30
23969,23
23970,15
23971,16
23972,16
23973,3
23974,1
23975,4
23976,55
23977,37
23978,37
23979,40
23980,40
23981,36
23982,38
23983,187
23984,132
23985,127
23986,124
23987,100
23988,89
23989,90
23990,81
23991,31
23992,27
23993,34
23994,31
23995,28
23996,44
23997,116
23998,61
23999,58
24000,63
24001,61
24002,57
24003,62
24004,60
24005,25
24006,18
24007,20
24008,17
24009,11
24010,27
24011,56
24012,19
24013,21
24014,24
24015,16
24016,10
24017,23
24018,150
24019,74
24020,67
24021,69
24022,56
24023,54
24024,76
24025,55
24026,33
24027,33
24028,39
24029,30
24030,24
24031,28
24032,99
24033,36
24034,31
24035,36
24036,30
24037,25
24038,43
24039,41
24040,18
24041,20
24042,23
24043,22
24044,18
24045,18
24046,111
24047,58
24048,51
24049,47
24050,37
24051,31
24052,42
24053,16
24054,18
24055,18
24056,15
24057,4
24058,0
24059,0
24060,135
24061,40
24062,34
24063,36
24064,35
24065,33
24066,66
24067,362
24068,131
24069,107
24070,103
24071,92
24072,86
24073,138
24074,82
24075,70
24076,71
24077,73
24078,58
24079,50
24080,48
24081,54
24082,20
24083,20
24084,24
24085,29
24086,25
24087,33
24088,53
24089,38
24090,38
24091,42
24092,45
24093,39
24094,36
24095,28
24096,17
24097,18
24098,17
24099,8
24100,3
24101,6
24102,1
24103,3
24104,4
24105,3
24106,0
24107,11
24108,13
24109,158
24110,80
24111,78
24112,81
24113,70
24114,61
24115,76
24116,154
24117,72
24118,64
24119,65
24120,56
24121,48
24122,66
24123,39
24124,0
24125,0
24126,0
24127,3
24128,4
24129,19
24130,65
24131,35
24132,30
24133,34
24134,23
24135,17
24136,24
24137,17
24138,11
24139,13
24140,15
24141,5
24142,3
24143,5
24144,230
24145,102
24146,80
24147,81
24148,72
24149,70
24150,97
24151,46
24152,15
24153,10
24154,11
24155,6
24156,0
24157,14
24158,103
24159,51
24160,47
24161,48
24162,45
24163,41
24164,47
24165,58
24166,15
24167,15
24168,19
24169,19
24170,13
24171,32
24172,557
24173,247
24174,162
24175,141
24176,122
24177,109
24178,183
24179,27
24180,18
24181,21
24182,25
24183,25
24184,22
24185,19
24186,53
24187,41
24188,37
24189,33
24190,22
24191,15
24192,14
24193,14
24194,8
24195,9
24196,10
24197,12
24198,28
24199,34
24200,102
24201,45
24202,44
24203,53
24204,54
24205,52
24206,62
24207,139
24208,78
24209,76
24210,76
24211,65
24212,58
24213,66
24214,54
24215,9
24216,8
24217,11
24218,20
24219,18
24220,35
24221,84
24222,55
24223,54
24224,53
24225,48
24226,43
24227,42
24228,213
24229,145
24230,141
24231,137
24232,118
24233,104
24234,104
24235,34
24236,10
24237,11
24238,13
24239,18
24240,16
24241,18
24242,113
24243,86
24244,82
24245,78
24246,63
24247,57
24248,53
24249,78
24250,15
24251,15
24252,21
24253,23
24254,20
24255,43
24256,68
24257,27
24258,26
24259,31
24260,30
24261,27
24262,39
24263,96
24264,48
24265,42
24266,43
24267,35
24268,31
24269,44
24270,59
24271,49
24272,46
24273,45
24274,37
24275,31
24276,29
24277,124
24278,84
24279,77
24280,69
24281,48
24282,39
24283,42
24284,281
24285,145
24286,128
24287,126
24288,103
24289,87
24290,118
24291,39
24292,23
24293,24
24294,21
24295,13
24296,9
24297,19
24298,44
24299,23
24300,24
24301,26
24302,17
24303,12
24304,15
24305,38
24306,11
24307,11
24308,13
24309,14
24310,14
24311,19
24312,125
24313,71
24314,67
24315,64
24316,58
24317,52
24318,57
24319,34
24320,29
24321,29
24322,33
24323,31
24324,25
24325,18
24326,37
24327,37
24328,39
24329,40
24330,29
24331,22
24332,15
24333,54
24334,3
24335,1
24336,4
24337,8
24338,8
24339,23
24340,27
24341,12
24342,13
24343,18
24344,18
24345,17
24346,14
24347,36
24348,23
24349,26
24350,32
24351,42
24352,47
24353,50
24354,45
24355,47
24356,48
24357,48
24358,32
24359,24
24360,16
24361,66
24362,30
24363,24
24364,24
24365,27
24366,23
24367,34
24368,25
24369,9
24370,10
24371,16
24372,15
24373,13
24374,14
24375,114
24376,70
24377,64
24378,62
24379,49
24380,42
24381,47
24382,21
24383,0
24384,0
24385,2
24386,0
24387,0
24388,4
24389,64
24390,61
24391,60
24392,61
24393,58
24394,53
24395,46
24396,41
24397,37
24398,38
24399,38
24400,32
24401,27
24402,19
24403,260
24404,123
24405,105
24406,106
24407,87
24408,77
24409,108
24410,119
24411,56
24412,48
24413,45
24414,35
24415,30
24416,38
24417,77
24418,60
24419,59
24420,60
24421,48
24422,42
24423,42
24424,305
24425,302
24426,289
24427,251
24428,239
24429,245
24430,260
24431,302
24432,307
24433,304
24434,275
24435,262
24436,259
24437,291
24438,55
24439,59
24440,65
24441,20
24442,23
24443,35
24444,40
24445,421
24446,386
24447,348
24448,292
24449,280
24450,282
24451,341
24452,41
24453,80
24454,63
24455,27
24456,33
24457,51
24458,61
24459,204
24460,212
24461,219
24462,196
24463,195
24464,209
24465,200
24466,73
24467,87
24468,84
24469,52
24470,47
24471,70
24472,75
24473,35
24474,78
24475,80
24476,58
24477,71
24478,86
24479,80
24480,269
24481,291
24482,269
24483,240
24484,224
24485,245
24486,262
24487,161
24488,227
24489,229
24490,194
24491,198
24492,207
24493,213
24494,142
24495,152
24496,137
24497,71
24498,68
24499,77
24500,105
24501,149
24502,153
24503,142
24504,98
24505,106
24506,125
24507,161
24508,31
24509,55
24510,60
24511,31
24512,49
24513,74
24514,78
24515,291
24516,262
24517,257
24518,239
24519,248
24520,256
24521,276
24522,237
24523,184
24524,143
24525,91
24526,92
24527,99
24528,118
24529,149
24530,159
24531,142
24532,103
24533,102
24534,114
24535,118
24536,146
24537,224
24538,232
24539,201
24540,200
24541,213
24542,227
24543,1098
24544,757
24545,553
24546,431
24547,410
24548,363
24549,563
24550,126
24551,165
24552,157
24553,108
24554,95
24555,112
24556,110
24557,228
24558,217
24559,206
24560,163
24561,160
24562,189
24563,211
24564,92
24565,128
24566,119
24567,70
24568,71
24569,88
24570,82
24571,44
24572,120
24573,108
24574,50
24575,46
24576,48
24577,54
24578,194
24579,198
24580,194
24581,160
24582,163
24583,173
24584,206
24585,368
24586,332
24587,315
24588,286
24589,278
24590,281
24591,323
24592,2313
24593,1519
24594,1387
24595,1288
24596,1224
24597,1180
24598,1574
24599,87
24600,129
24601,114
24602,86
24603,105
24604,113
24605,144
24606,208
24607,252
24608,252
24609,224
24610,220
24611,227
24612,244
24613,194
24614,148
24615,141
24616,91
24617,102
24618,110
24619,121
24620,297
24621,291
24622,271
24623,238
24624,229
24625,245
24626,250
24627,51
24628,109
24629,113
24630,90
24631,89
24632,104
24633,99
24634,245
24635,272
24636,266
24637,230
24638,209
24639,197
24640,233
24641,362
24642,314
24643,299
24644,259
24645,256
24646,277
24647,313
24648,204
24649,216
24650,202
24651,139
24652,118
24653,123
24654,159
24655,105
24656,134
24657,146
24658,118
24659,123
24660,142
24661,159
24662,275
24663,256
24664,230
24665,196
24666,196
24667,204
24668,240
24669,133
24670,177
24671,175
24672,149
24673,133
24674,143
24675,165
24676,219
24677,194
24678,165
24679,118
24680,115
24681,128
24682,155
24683,397
24684,403
24685,364
24686,324
24687,299
24688,303
24689,345
24690,309
24691,301
24692,295
24693,257
24694,239
24695,256
24696,273
24697,67
24698,149
24699,136
24700,97
24701,105
24702,118
24703,105
24704,129
24705,112
24706,113
24707,88
24708,111
24709,136
24710,131
24711,64
24712,113
24713,109
24714,64
24715,78
24716,105
24717,128
24718,124
24719,198
24720,195
24721,179
24722,170
24723,180
24724,197
24725,155
24726,106
24727,85
24728,76
24729,108
24730,123
24731,160
24732,186
24733,207
24734,212
24735,194
24736,202
24737,208
24738,220
24739,88
24740,133
24741,122
24742,99
24743,120
24744,148
24745,137
24746,43
24747,90
24748,89
24749,43
24750,57
24751,77
24752,97
24753,286
24754,281
24755,262
24756,220
24757,218
24758,237
24759,235
24760,152
24761,181
24762,180
24763,146
24764,146
24765,156
24766,186
24767,92
24768,150
24769,153
24770,122
24771,141
24772,153
24773,154
24774,170
24775,183
24776,181
24777,162
24778,162
24779,171
24780,202
24781,290
24782,281
24783,270
24784,240
24785,232
24786,236
24787,268
24788,44
24789,70
24790,73
24791,34
24792,46
24793,69
24794,69
24795,103
24796,164
24797,160
24798,118
24799,122
24800,134
24801,143
24802,127
24803,111
24804,107
24805,46
24806,57
24807,68
24808,64
24809,14
24810,62
24811,54
24812,52
24813,75
24814,85
24815,85
24816,183
24817,235
24818,238
24819,214
24820,198
24821,206
24822,221
24823,23
24824,66
24825,71
24826,42
24827,74
24828,101
24829,100
24830,74
24831,106
24832,104
24833,63
24834,61
24835,81
24836,78
24837,97
24838,109
24839,94
24840,46
24841,54
24842,77
24843,73
24844,144
24845,127
24846,114
24847,47
24848,61
24849,70
24850,82
24851,218
24852,254
24853,249
24854,207
24855,197
24856,212
24857,233
24858,15
24859,44
24860,41
24861,44
24862,60
24863,76
24864,75
24865,49
24866,101
24867,95
24868,74
24869,76
24870,94
24871,76
24872,171
24873,167
24874,161
24875,125
24876,131
24877,148
24878,185
24879,454
24880,445
24881,365
24882,284
24883,248
24884,259
24885,314
24886,147
24887,199
24888,187
24889,192
24890,192
24891,198
24892,187
24893,1161
24894,904
24895,700
24896,593
24897,552
24898,511
24899,700
24900,105
24901,164
24902,157
24903,138
24904,126
24905,134
24906,158
24907,103
24908,119
24909,128
24910,73
24911,72
24912,96
24913,94
24914,88
24915,119
24916,106
24917,57
24918,53
24919,69
24920,73
24921,126
24922,171
24923,184
24924,146
24925,148
24926,166
24927,159
24928,281
24929,270
24930,252
24931,209
24932,190
24933,197
24934,233
24935,70
24936,92
24937,88
24938,71
24939,76
24940,97
24941,79
24942,199
24943,250
24944,239
24945,165
24946,142
24947,149
24948,145
24949,72
24950,47
24951,49
24952,45
24953,45
24954,54
24955,46
24956,145
24957,91
24958,97
24959,88
24960,79
24961,82
24962,89
24963,18
24964,12
24965,15
24966,18
24967,25
24968,57
24969,59
24970,151
24971,55
24972,54
24973,49
24974,44
24975,49
24976,72
24977,37
24978,16
24979,16
24980,12
24981,17
24982,24
24983,17
24984,26
24985,32
24986,36
24987,28
24988,22
24989,27
24990,13
24991,14
24992,8
24993,15
24994,8
24995,4
24996,8
24997,7
24998,101
24999,61
25000,66
25001,61
25002,59
25003,69
25004,63
25005,41
25006,34
25007,42
25008,38
25009,36
25010,39
25011,34
25012,63
25013,26
25014,23
25015,20
25016,20
25017,29
25018,29
25019,31
25020,12
25021,20
25022,21
25023,40
25024,60
25025,59
25026,34
25027,18
25028,22
25029,20
25030,15
25031,18
25032,12
25033,154
25034,75
25035,75
25036,70
25037,69
25038,81
25039,76
25040,54
25041,14
25042,19
25043,12
25044,14
25045,23
25046,21
25047,56
25048,21
25049,24
25050,20
25051,24
25052,34
25053,32
25054,31
25055,15
25056,22
25057,19
25058,23
25059,36
25060,30
25061,45
25062,12
25063,15
25064,12
25065,10
25066,20
25067,17
25068,77
25069,23
25070,24
25071,21
25072,20
25073,33
25074,42
25075,475
25076,231
25077,165
25078,134
25079,112
25080,115
25081,173
25082,73
25083,52
25084,58
25085,50
25086,49
25087,57
25088,41
25089,93
25090,41
25091,42
25092,39
25093,40
25094,44
25095,51
25096,44
25097,27
25098,32
25099,31
25100,33
25101,38
25102,29
25103,0
25104,11
25105,15
25106,14
25107,4
25108,18
25109,17
25110,48
25111,20
25112,29
25113,31
25114,42
25115,80
25116,82
25117,12
25118,20
25119,29
25120,24
25121,18
25122,24
25123,12
25124,103
25125,52
25126,44
25127,37
25128,30
25129,36
25130,42
25131,56
25132,30
25133,30
25134,24
25135,21
25136,28
25137,23
25138,48
25139,21
25140,23
25141,21
25142,21
25143,29
25144,28
25145,3
25146,0
25147,0
25148,0
25149,0
25150,0
25151,0
25152,37
25153,17
25154,19
25155,16
25156,21
25157,31
25158,19
25159,39
25160,5
25161,9
25162,9
25163,20
25164,24
25165,26
25166,574
25167,288
25168,201
25169,154
25170,137
25171,134
25172,195
25173,36
25174,24
25175,30
25176,25
25177,26
25178,38
25179,25
25180,68
25181,42
25182,47
25183,46
25184,46
25185,54
25186,48
25187,19
25188,17
25189,23
25190,23
25191,23
25192,40
25193,36
25194,77
25195,29
25196,31
25197,31
25198,39
25199,53
25200,47
25201,69
25202,59
25203,66
25204,59
25205,54
25206,57
25207,43
25208,27
25209,2
25210,8
25211,4
25212,8
25213,10
25214,12
25215,37
25216,17
25217,24
25218,22
25219,34
25220,37
25221,32
25222,34
25223,22
25224,28
25225,23
25226,22
25227,34
25228,15
25229,104
25230,37
25231,36
25232,31
25233,30
25234,35
25235,48
25236,31
25237,22
25238,30
25239,26
25240,30
25241,32
25242,25
25243,109
25244,28
25245,24
25246,18
25247,22
25248,29
25249,48
25250,112
25251,54
25252,57
25253,53
25254,47
25255,55
25256,63
25257,19
25258,19
25259,25
25260,21
25261,19
25262,27
25263,15
25264,269
25265,136
25266,125
25267,113
25268,93
25269,93
25270,118
25271,14
25272,19
25273,24
25274,24
25275,20
25276,37
25277,32
25278,27
25279,12
25280,15
25281,14
25282,27
25283,39
25284,34
25285,51
25286,33
25287,37
25288,32
25289,28
25290,36
25291,27
25292,63
25293,45
25294,48
25295,41
25296,38
25297,46
25298,30
25299,52
25300,47
25301,49
25302,39
25303,32
25304,42
25305,25
25306,38
25307,0
25308,0
25309,0
25310,0
25311,10
25312,12
25313,91
25314,66
25315,70
25316,64
25317,58
25318,65
25319,60
25320,222
25321,143
25322,138
25323,124
25324,108
25325,101
25326,120
25327,99
25328,48
25329,42
25330,35
25331,34
25332,38
25333,38
25334,35
25335,19
25336,26
25337,22
25338,18
25339,28
25340,15
25341,157
25342,123
25343,129
25344,119
25345,100
25346,100
25347,91
25348,25
25349,24
25350,31
25351,26
25352,29
25353,38
25354,24
25355,81
25356,42
25357,37
25358,32
25359,28
25360,31
25361,39
25362,90
25363,121
25364,114
25365,113
25366,121
25367,138
25368,161
25369,164
25370,197
25371,198
25372,178
25373,185
25374,193
25375,212
25376,0
25377,37
25378,29
25379,23
25380,31
25381,66
25382,77
25383,59
25384,43
25385,48
25386,58
25387,75
25388,122
25389,132
25390,201
25391,219
25392,206
25393,188
25394,188
25395,185
25396,223
25397,43
25398,79
25399,64
25400,26
25401,35
25402,51
25403,64
25404,66
25405,115
25406,111
25407,83
25408,99
25409,118
25410,109
25411,136
25412,161
25413,158
25414,155
25415,162
25416,178
25417,170
25418,0
25419,26
25420,26
25421,14
25422,10
25423,49
25424,52
25425,186
25426,234
25427,229
25428,205
25429,196
25430,217
25431,237
25432,80
25433,122
25434,124
25435,119
25436,134
25437,180
25438,209
25439,231
25440,224
25441,223
25442,206
25443,218
25444,229
25445,244
25446,23
25447,36
25448,29
25449,11
25450,28
25451,40
25452,44
25453,52
25454,74
25455,69
25456,30
25457,46
25458,56
25459,54
25460,13
25461,57
25462,47
25463,24
25464,33
25465,65
25466,67
25467,85
25468,174
25469,173
25470,156
25471,161
25472,174
25473,194
25474,68
25475,129
25476,112
25477,76
25478,69
25479,87
25480,86
25481,30
25482,76
25483,72
25484,69
25485,87
25486,129
25487,150
25488,6
25489,65
25490,53
25491,14
25492,16
25493,23
25494,35
25495,89
25496,124
25497,109
25498,112
25499,126
25500,157
25501,185
25502,309
25503,264
25504,264
25505,244
25506,245
25507,242
25508,281
25509,204
25510,244
25511,257
25512,228
25513,214
25514,221
25515,234
25516,99
25517,139
25518,123
25519,95
25520,114
25521,120
25522,150
25523,30
25524,111
25525,98
25526,51
25527,51
25528,67
25529,62
25530,98
25531,169
25532,172
25533,146
25534,158
25535,168
25536,190
25537,4
25538,40
25539,33
25540,29
25541,33
25542,57
25543,59
25544,95
25545,153
25546,141
25547,125
25548,135
25549,149
25550,161
25551,37
25552,88
25553,93
25554,74
25555,80
25556,103
25557,101
25558,26
25559,33
25560,31
25561,11
25562,30
25563,56
25564,61
25565,127
25566,180
25567,172
25568,154
25569,139
25570,140
25571,167
25572,214
25573,221
25574,225
25575,181
25576,182
25577,196
25578,218
25579,51
25580,70
25581,59
25582,54
25583,66
25584,98
25585,126
25586,57
25587,131
25588,118
25589,74
25590,59
25591,69
25592,97
25593,23
25594,48
25595,62
25596,51
25597,65
25598,89
25599,111
25600,73
25601,134
25602,129
25603,101
25604,112
25605,122
25606,149
25607,61
25608,130
25609,117
25610,102
25611,92
25612,103
25613,127
25614,67
25615,99
25616,88
25617,46
25618,61
25619,72
25620,90
25621,352
25622,304
25623,281
25624,262
25625,262
25626,265
25627,321
25628,20
25629,77
25630,58
25631,32
25632,49
25633,83
25634,109
25635,178
25636,217
25637,224
25638,188
25639,188
25640,203
25641,220
25642,62
25643,136
25644,127
25645,93
25646,94
25647,107
25648,97
25649,134
25650,109
25651,111
25652,85
25653,109
25654,134
25655,123
25656,58
25657,107
25658,108
25659,63
25660,72
25661,95
25662,113
25663,64
25664,86
25665,89
25666,85
25667,114
25668,126
25669,131
25670,131
25671,217
25672,213
25673,194
25674,190
25675,196
25676,202
25677,71
25678,92
25679,87
25680,107
25681,129
25682,172
25683,198
25684,114
25685,154
25686,157
25687,120
25688,133
25689,156
25690,140
25691,70
25692,122
25693,124
25694,92
25695,102
25696,123
25697,130
25698,100
25699,139
25700,146
25701,115
25702,116
25703,128
25704,156
25705,122
25706,151
25707,136
25708,129
25709,141
25710,150
25711,181
25712,170
25713,187
25714,188
25715,163
25716,169
25717,176
25718,205
25719,24
25720,33
25721,36
25722,14
25723,31
25724,79
25725,81
25726,46
25727,109
25728,111
25729,72
25730,86
25731,106
25732,123
25733,54
25734,53
25735,60
25736,30
25737,52
25738,73
25739,67
25740,17
25741,59
25742,52
25743,50
25744,67
25745,77
25746,81
25747,154
25748,218
25749,209
25750,196
25751,186
25752,194
25753,217
25754,23
25755,66
25756,71
25757,42
25758,74
25759,101
25760,100
25761,16
25762,38
25763,41
25764,22
25765,24
25766,53
25767,52
25768,19
25769,36
25770,30
25771,2
25772,19
25773,45
25774,47
25775,91
25776,165
25777,164
25778,126
25779,136
25780,156
25781,176
25782,77
25783,141
25784,141
25785,127
25786,135
25787,152
25788,157
25789,121
25790,142
25791,140
25792,106
25793,118
25794,136
25795,167
25796,167
25797,209
25798,193
25799,198
25800,195
25801,201
25802,191
25803,53
25804,142
25805,133
25806,115
25807,112
25808,123
25809,131
25810,66
25811,137
25812,131
25813,114
25814,129
25815,141
25816,159
25817,140
25818,188
25819,171
25820,143
25821,129
25822,134
25823,165
25824,11
25825,46
25826,49
25827,36
25828,43
25829,70
25830,60
25831,10
25832,98
25833,89
25834,38
25835,32
25836,47
25837,39
25838,75
25839,70
25840,84
25841,38
25842,55
25843,81
25844,82
25845,398
25846,176
25847,124
25848,118
25849,134
25850,101
25851,125
25852,104
25853,63
25854,59
25855,53
25856,63
25857,43
25858,58
25859,173
25860,66
25861,57
25862,44
25863,42
25864,39
25865,63
25866,110
25867,48
25868,41
25869,33
25870,24
25871,19
25872,38
25873,237
25874,86
25875,66
25876,62
25877,68
25878,62
25879,95
25880,138
25881,38
25882,30
25883,23
25884,36
25885,13
25886,48
25887,602
25888,249
25889,137
25890,114
25891,142
25892,118
25893,195
25894,89
25895,17
25896,10
25897,5
25898,20
25899,14
25900,44
25901,124
25902,63
25903,53
25904,44
25905,41
25906,30
25907,37
25908,171
25909,110
25910,102
25911,95
25912,126
25913,71
25914,82
25915,70
25916,13
25917,8
25918,2
25919,8
25920,0
25921,27
25922,163
25923,99
25924,89
25925,80
25926,71
25927,66
25928,72
25929,319
25930,170
25931,148
25932,134
25933,119
25934,115
25935,121
25936,108
25937,53
25938,44
25939,32
25940,26
25941,23
25942,46
25943,158
25944,65
25945,58
25946,54
25947,56
25948,51
25949,70
25950,123
25951,85
25952,78
25953,66
25954,55
25955,46
25956,43
25957,113
25958,58
25959,52
25960,46
25961,51
25962,42
25963,51
25964,401
25965,174
25966,129
25967,126
25968,161
25969,115
25970,133
25971,32
25972,9
25973,8
25974,4
25975,9
25976,6
25977,11
25978,259
25979,114
25980,75
25981,63
25982,56
25983,51
25984,86
25985,325
25986,125
25987,89
25988,79
25989,92
25990,69
25991,102
25992,227
25993,138
25994,111
25995,100
25996,90
25997,93
25998,98
25999,106
26000,42
26001,34
26002,22
26003,13
26004,12
26005,31
26006,164
26007,66
26008,58
26009,52
26010,44
26011,42
26012,63
26013,399
26014,162
26015,111
26016,100
26017,109
26018,94
26019,130
26020,52
26021,44
26022,37
26023,25
26024,15
26025,17
26026,29
26027,355
26028,106
26029,72
26030,65
26031,101
26032,63
26033,122
26034,904
26035,441
26036,272
26037,237
26038,265
26039,224
26040,312
26041,395
26042,253
26043,200
26044,177
26045,157
26046,142
26047,146
26048,235
26049,101
26050,84
26051,80
26052,103
26053,76
26054,98
26055,138
26056,80
26057,73
26058,63
26059,55
26060,51
26061,60
26062,81
26063,64
26064,59
26065,51
26066,44
26067,37
26068,37
26069,363
26070,111
26071,76
26072,68
26073,103
26074,77
26075,119
26076,14
26077,16
26078,16
26079,12
26080,7
26081,12
26082,8
26083,569
26084,268
26085,181
26086,154
26087,169
26088,152
26089,193
26090,31
26091,39
26092,38
26093,35
26094,32
26095,45
26096,49
26097,102
26098,47
26099,42
26100,34
26101,42
26102,25
26103,36
26104,214
26105,101
26106,80
26107,72
26108,83
26109,67
26110,81
26111,287
26112,125
26113,98
26114,88
26115,93
26116,81
26117,105
26118,293
26119,87
26120,54
26121,44
26122,67
26123,50
26124,90
26125,237
26126,116
26127,83
26128,75
26129,73
26130,64
26131,89
26132,116
26133,57
26134,48
26135,40
26136,33
26137,31
26138,51
26139,125
26140,54
26141,46
26142,40
26143,44
26144,33
26145,56
26146,494
26147,204
26148,110
26149,110
26150,148
26151,119
26152,166
26153,74
26154,30
26155,23
26156,17
26157,25
26158,15
26159,17
26160,56
26161,31
26162,26
26163,21
26164,37
26165,20
26166,17
26167,276
26168,110
26169,79
26170,71
26171,67
26172,61
26173,98
26174,911
26175,439
26176,263
26177,222
26178,250
26179,222
26180,304
26181,246
26182,138
26183,115
26184,110
26185,121
26186,100
26187,115
26188,213
26189,109
26190,76
26191,61
26192,66
26193,57
26194,82
26195,181
26196,71
26197,61
26198,52
26199,45
26200,30
26201,73
26202,266
26203,101
26204,81
26205,80
26206,103
26207,93
26208,108
26209,380
26210,154
26211,108
26212,97
26213,107
26214,92
26215,123
26216,196
26217,113
26218,98
26219,93
26220,92
26221,81
26222,87
26223,126
26224,46
26225,38
26226,28
26227,22
26228,19
26229,40
26230,142
26231,38
26232,31
26233,25
26234,50
26235,25
26236,63
26237,251
26238,136
26239,106
26240,95
26241,95
26242,92
26243,96
26244,240
26245,143
26246,119
26247,109
26248,110
26249,94
26250,107
26251,64
26252,33
26253,32
26254,27
26255,25
26256,21
26257,38
26258,247
26259,160
26260,135
26261,119
26262,118
26263,108
26264,105
26265,251
26266,105
26267,76
26268,69
26269,82
26270,64
26271,90
26272,66
26273,57
26274,52
26275,43
26276,41
26277,33
26278,35
26279,438
26280,158
26281,85
26282,81
26283,105
26284,68
26285,127
26286,300
26287,127
26288,101
26289,94
26290,122
26291,84
26292,121
26293,101
26294,49
26295,42
26296,35
26297,32
26298,36
26299,51
26300,293
26301,147
26302,121
26303,102
26304,108
26305,83
26306,103
26307,125
26308,50
26309,43
26310,34
26311,38
26312,26
26313,39
26314,19
26315,22
26316,21
26317,17
26318,13
26319,12
26320,8
26321,358
26322,153
26323,123
26324,114
26325,114
26326,102
26327,112
26328,88
26329,42
26330,39
26331,37
26332,64
26333,43
26334,48
26335,250
26336,103
26337,73
26338,69
26339,90
26340,71
26341,97
26342,38
26343,18
26344,18
26345,15
26346,31
26347,23
26348,13
26349,153
26350,53
26351,47
26352,40
26353,54
26354,32
26355,59
26356,270
26357,143
26358,110
26359,97
26360,115
26361,90
26362,97
26363,144
26364,93
26365,87
26366,77
26367,76
26368,68
26369,60
26370,118
26371,95
26372,89
26373,74
26374,62
26375,64
26376,56
26377,175
26378,54
26379,45
26380,40
26381,51
26382,43
26383,72
26384,356
26385,147
26386,105
26387,95
26388,105
26389,91
26390,126
26391,366
26392,208
26393,172
26394,162
26395,145
26396,129
26397,148
26398,304
26399,184
26400,152
26401,131
26402,108
26403,103
26404,103
26405,268
26406,106
26407,77
26408,70
26409,88
26410,72
26411,93
26412,167
26413,72
26414,62
26415,55
26416,55
26417,49
26418,77
26419,139
26420,82
26421,73
26422,61
26423,50
26424,45
26425,57
26426,44
26427,10
26428,3
26429,0
26430,0
26431,0
26432,4
26433,88
26434,64
26435,63
26436,60
26437,60
26438,61
26439,55
26440,416
26441,159
26442,106
26443,99
26444,109
26445,95
26446,131
26447,63
26448,54
26449,51
26450,45
26451,37
26452,35
26453,26
26454,204
26455,241
26456,155
26457,123
26458,88
26459,100
26460,116
26461,39
26462,58
26463,32
26464,6
26465,7
26466,12
26467,40
26468,261
26469,203
26470,132
26471,128
26472,112
26473,123
26474,165
26475,410
26476,322
26477,190
26478,161
26479,103
26480,114
26481,170
26482,43
26483,78
26484,40
26485,53
26486,35
26487,71
26488,94
26489,37
26490,66
26491,27
26492,14
26493,12
26494,29
26495,59
26496,20
26497,65
26498,41
26499,23
26500,25
26501,38
26502,46
26503,238
26504,270
26505,182
26506,162
26507,124
26508,136
26509,149
26510,103
26511,120
26512,75
26513,32
26514,32
26515,34
26516,57
26517,190
26518,238
26519,152
26520,117
26521,118
26522,122
26523,126
26524,220
26525,239
26526,145
26527,121
26528,97
26529,113
26530,128
26531,86
26532,120
26533,55
26534,22
26535,24
26536,24
26537,53
26538,94
26539,169
26540,120
26541,126
26542,95
26543,101
26544,115
26545,51
26546,116
26547,63
26548,39
26549,26
26550,37
26551,71
26552,190
26553,204
26554,130
26555,88
26556,76
26557,87
26558,114
26559,55
26560,87
26561,53
26562,38
26563,38
26564,47
26565,64
26566,0
26567,78
26568,41
26569,2
26570,0
26571,4
26572,15
26573,140
26574,160
26575,93
26576,76
26577,35
26578,54
26579,84
26580,303
26581,275
26582,192
26583,165
26584,102
26585,105
26586,145
26587,132
26588,210
26589,151
26590,132
26591,120
26592,124
26593,135
26594,112
26595,158
26596,90
26597,61
26598,61
26599,70
26600,104
26601,107
26602,174
26603,123
26604,118
26605,88
26606,93
26607,105
26608,29
26609,64
26610,38
26611,20
26612,21
26613,34
26614,40
26615,138
26616,188
26617,103
26618,83
26619,87
26620,99
26621,112
26622,281
26623,305
26624,196
26625,148
26626,106
26627,109
26628,148
26629,96
26630,164
26631,111
26632,105
26633,82
26634,97
26635,107
26636,41
26637,125
26638,63
26639,36
26640,30
26641,38
26642,58
26643,167
26644,209
26645,125
26646,85
26647,59
26648,68
26649,98
26650,57
26651,131
26652,63
26653,62
26654,23
26655,38
26656,63
26657,82
26658,109
26659,75
26660,61
26661,71
26662,80
26663,91
26664,72
26665,109
26666,60
26667,45
26668,49
26669,59
26670,93
26671,545
26672,424
26673,302
26674,225
26675,160
26676,171
26677,233
26678,304
26679,340
26680,239
26681,199
26682,161
26683,181
26684,187
26685,81
26686,151
26687,84
26688,48
26689,47
26690,51
26691,58
26692,61
26693,98
26694,49
26695,18
26696,25
26697,29
26698,60
26699,2
26700,52
26701,27
26702,15
26703,26
26704,39
26705,63
26706,76
26707,137
26708,79
26709,79
26710,60
26711,73
26712,99
26713,25
26714,68
26715,35
26716,12
26717,15
26718,35
26719,45
26720,155
26721,189
26722,109
26723,75
26724,56
26725,73
26726,97
26727,237
26728,231
26729,141
26730,116
26731,63
26732,81
26733,121
26734,228
26735,238
26736,169
26737,141
26738,112
26739,114
26740,140
26741,259
26742,305
26743,205
26744,169
26745,102
26746,111
26747,134
26748,45
26749,82
26750,33
26751,5
26752,19
26753,38
26754,54
26755,162
26756,223
26757,137
26758,103
26759,76
26760,88
26761,103
26762,30
26763,96
26764,61
26765,40
26766,47
26767,56
26768,71
26769,96
26770,128
26771,68
26772,57
26773,32
26774,53
26775,87
26776,189
26777,211
26778,148
26779,105
26780,88
26781,96
26782,117
26783,155
26784,214
26785,126
26786,101
26787,66
26788,79
26789,80
26790,53
26791,133
26792,95
26793,73
26794,55
26795,63
26796,73
26797,15
26798,60
26799,20
26800,0
26801,0
26802,13
26803,37
26804,230
26805,263
26806,180
26807,132
26808,90
26809,88
26810,121
26811,83
26812,107
26813,64
26814,32
26815,33
26816,42
26817,52
26818,11
26819,10
26820,26
26821,34
26822,36
26823,41
26824,25
26825,29
26826,21
26827,39
26828,40
26829,41
26830,47
26831,33
26832,19
26833,18
26834,33
26835,70
26836,72
26837,73
26838,24
26839,25
26840,23
26841,40
26842,61
26843,59
26844,65
26845,42
26846,22
26847,21
26848,43
26849,79
26850,84
26851,85
26852,28
26853,14
26854,13
26855,32
26856,59
26857,64
26858,69
26859,22
26860,38
26861,26
26862,33
26863,33
26864,57
26865,57
26866,22
26867,19
26868,13
26869,24
26870,25
26871,31
26872,33
26873,15
26874,13
26875,13
26876,34
26877,38
26878,38
26879,39
26880,27
26881,3
26882,2
26883,9
26884,29
26885,30
26886,31
26887,16
26888,38
26889,25
26890,25
26891,22
26892,41
26893,42
26894,20
26895,27
26896,23
26897,38
26898,74
26899,81
26900,82
26901,41
26902,33
26903,25
26904,31
26905,33
26906,44
26907,46
26908,26
26909,15
26910,14
26911,32
26912,61
26913,66
26914,67
26915,29
26916,34
26917,20
26918,26
26919,30
26920,26
26921,28
26922,26
26923,26
26924,25
26925,46
26926,60
26927,63
26928,68
26929,39
26930,227
26931,227
26932,169
26933,179
26934,197
26935,215
26936,241
26937,290
26938,287
26939,222
26940,242
26941,260
26942,289
26943,310
26944,271
26945,272
26946,191
26947,217
26948,227
26949,265
26950,267
26951,57
26952,43
26953,8
26954,19
26955,69
26956,90
26957,99
26958,87
26959,80
26960,48
26961,79
26962,104
26963,125
26964,138
26965,108
26966,102
26967,44
26968,77
26969,97
26970,103
26971,134
26972,123
26973,116
26974,74
26975,121
26976,166
26977,209
26978,237
26979,55
26980,50
26981,0
26982,17
26983,38
26984,82
26985,87
26986,64
26987,54
26988,29
26989,69
26990,104
26991,146
26992,162
26993,207
26994,196
26995,158
26996,187
26997,215
26998,234
26999,239
27000,72
27001,67
27002,27
27003,68
27004,107
27005,149
27006,173
27007,163
27008,143
27009,91
27010,126
27011,149
27012,188
27013,189
27014,379
27015,358
27016,274
27017,287
27018,294
27019,352
27020,352
27021,87
27022,76
27023,63
27024,108
27025,133
27026,166
27027,177
27028,255
27029,240
27030,155
27031,166
27032,178
27033,239
27034,232
27035,106
27036,99
27037,63
27038,108
27039,134
27040,181
27041,196
27042,43
27043,47
27044,22
27045,55
27046,71
27047,82
27048,102
27049,139
27050,126
27051,87
27052,112
27053,133
27054,154
27055,179
27056,51
27057,52
27058,22
27059,55
27060,84
27061,108
27062,118
27063,181
27064,170
27065,109
27066,129
27067,141
27068,172
27069,173
27070,68
27071,55
27072,25
27073,51
27074,95
27075,128
27076,136
27077,176
27078,164
27079,96
27080,127
27081,143
27082,184
27083,182
27084,133
27085,110
27086,69
27087,87
27088,95
27089,127
27090,156
27091,63
27092,60
27093,36
27094,66
27095,94
27096,96
27097,122
27098,421
27099,391
27100,304
27101,294
27102,301
27103,358
27104,354
27105,68
27106,63
27107,26
27108,50
27109,104
27110,150
27111,174
27112,91
27113,85
27114,58
27115,96
27116,122
27117,144
27118,147
27119,68
27120,50
27121,15
27122,60
27123,83
27124,106
27125,132
27126,138
27127,126
27128,92
27129,137
27130,152
27131,179
27132,202
27133,42
27134,31
27135,15
27136,44
27137,99
27138,117
27139,132
27140,78
27141,79
27142,37
27143,77
27144,116
27145,150
27146,165
27147,186
27148,184
27149,121
27150,139
27151,150
27152,191
27153,195
27154,61
27155,56
27156,13
27157,40
27158,73
27159,113
27160,117
27161,155
27162,134
27163,97
27164,135
27165,147
27166,183
27167,196
27168,344
27169,321
27170,235
27171,251
27172,265
27173,309
27174,298
27175,247
27176,243
27177,178
27178,199
27179,211
27180,239
27181,260
27182,20
27183,20
27184,9
27185,25
27186,55
27187,57
27188,76
27189,86
27190,78
27191,54
27192,104
27193,135
27194,181
27195,188
27196,148
27197,143
27198,66
27199,99
27200,119
27201,157
27202,183
27203,146
27204,143
27205,95
27206,129
27207,141
27208,166
27209,171
27210,135
27211,127
27212,87
27213,84
27214,113
27215,107
27216,112
27217,71
27218,64
27219,17
27220,19
27221,34
27222,76
27223,95
27224,98
27225,83
27226,75
27227,115
27228,135
27229,150
27230,165
27231,99
27232,84
27233,55
27234,99
27235,131
27236,169
27237,178
27238,49
27239,41
27240,3
27241,1
27242,32
27243,44
27244,48
27245,65
27246,54
27247,16
27248,21
27249,44
27250,54
27251,74
27252,57
27253,38
27254,38
27255,58
27256,53
27257,45
27258,51
27259,157
27260,95
27261,90
27262,89
27263,80
27264,71
27265,76
27266,0
27267,10
27268,12
27269,15
27270,9
27271,9
27272,13
27273,124
27274,68
27275,64
27276,65
27277,66
27278,59
27279,66
27280,12
27281,19
27282,23
27283,34
27284,37
27285,51
27286,53
27287,8
27288,18
27289,20
27290,34
27291,35
27292,40
27293,42
27294,6
27295,18
27296,20
27297,47
27298,52
27299,56
27300,55
27301,252
27302,109
27303,87
27304,89
27305,87
27306,84
27307,113
27308,0
27309,8
27310,9
27311,21
27312,23
27313,35
27314,40
27315,0
27316,19
27317,21
27318,39
27319,32
27320,34
27321,37
27322,18
27323,12
27324,13
27325,25
27326,21
27327,15
27328,18
27329,22
27330,16
27331,17
27332,29
27333,31
27334,27
27335,24
27336,0
27337,6
27338,9
27339,11
27340,6
27341,7
27342,9
27343,157
27344,67
27345,59
27346,63
27347,56
27348,50
27349,70
27350,149
27351,55
27352,47
27353,44
27354,39
27355,33
27356,60
27357,419
27358,179
27359,108
27360,105
27361,95
27362,89
27363,144
27364,26
27365,28
27366,30
27367,58
27368,65
27369,93
27370,98
27371,110
27372,67
27373,58
27374,50
27375,39
27376,30
27377,32
27378,3
27379,10
27380,12
27381,31
27382,31
27383,28
27384,30
27385,40
27386,8
27387,10
27388,31
27389,40
27390,38
27391,49
27392,19
27393,19
27394,22
27395,28
27396,28
27397,23
27398,17
27399,31
27400,18
27401,20
27402,48
27403,47
27404,40
27405,42
27406,22
27407,5
27408,8
27409,23
27410,24
27411,24
27412,27
27413,50
27414,35
27415,36
27416,46
27417,40
27418,33
27419,38
27420,302
27421,160
27422,135
27423,132
27424,120
27425,119
27426,125
27427,140
27428,103
27429,100
27430,101
27431,85
27432,79
27433,72
27434,301
27435,130
27436,99
27437,100
27438,91
27439,88
27440,121
27441,65
27442,46
27443,47
27444,42
27445,46
27446,46
27447,48
27448,30
27449,31
27450,33
27451,36
27452,42
27453,74
27454,79
27455,6
27456,15
27457,16
27458,20
27459,24
27460,29
27461,31
27462,29
27463,27
27464,28
27465,33
27466,42
27467,55
27468,55
27469,15
27470,22
27471,23
27472,24
27473,24
27474,41
27475,44
27476,76
27477,45
27478,44
27479,40
27480,47
27481,51
27482,53
27483,40
27484,46
27485,48
27486,50
27487,55
27488,69
27489,77
27490,98
27491,35
27492,29
27493,25
27494,25
27495,26
27496,51
27497,28
27498,28
27499,30
27500,33
27501,41
27502,73
27503,78
27504,50
27505,45
27506,46
27507,48
27508,54
27509,82
27510,93
27511,12
27512,16
27513,17
27514,21
27515,24
27516,58
27517,65
27518,100
27519,40
27520,32
27521,24
27522,23
27523,21
27524,41
27525,10
27526,16
27527,17
27528,21
27529,25
27530,29
27531,31
27532,66
27533,49
27534,44
27535,42
27536,40
27537,40
27538,42
27539,14
27540,16
27541,18
27542,22
27543,28
27544,44
27545,45
27546,42
27547,20
27548,20
27549,19
27550,22
27551,30
27552,35
27553,19
27554,25
27555,27
27556,29
27557,35
27558,52
27559,54
27560,36
27561,20
27562,21
27563,22
27564,29
27565,37
27566,39
27567,43
27568,0
27569,1
27570,0
27571,5
27572,9
27573,24
27574,1
27575,11
27576,11
27577,9
27578,12
27579,18
27580,20
27581,27
27582,24
27583,25
27584,29
27585,37
27586,70
27587,81
27588,102
27589,99
27590,64
27591,57
27592,50
27593,66
27594,38
27595,198
27596,192
27597,128
27598,113
27599,98
27600,122
27601,74
27602,18
27603,1
27604,10
27605,8
27606,6
27607,4
27608,3
27609,7
27610,23
27611,12
27612,15
27613,15
27614,31
27615,28
27616,112
27617,109
27618,49
27619,45
27620,36
27621,62
27622,34
27623,0
27624,7
27625,12
27626,14
27627,14
27628,28
27629,25
27630,6
27631,12
27632,18
27633,20
27634,22
27635,32
27636,40
27637,17
27638,38
27639,11
27640,15
27641,16
27642,39
27643,50
27644,25
27645,26
27646,22
27647,23
27648,20
27649,31
27650,29
27651,37
27652,34
27653,34
27654,32
27655,30
27656,44
27657,32
27658,52
27659,44
27660,32
27661,34
27662,36
27663,75
27664,48
27665,57
27666,52
27667,41
27668,43
27669,39
27670,52
27671,49
27672,116
27673,108
27674,96
27675,83
27676,68
27677,78
27678,62
27679,16
27680,30
27681,23
27682,25
27683,26
27684,36
27685,44
27686,0
27687,8
27688,11
27689,6
27690,6
27691,14
27692,23
27693,60
27694,53
27695,53
27696,42
27697,34
27698,39
27699,25
27700,17
27701,32
27702,22
27703,24
27704,25
27705,43
27706,41
27707,65
27708,56
27709,34
27710,32
27711,32
27712,75
27713,35
27714,50
27715,42
27716,27
27717,25
27718,19
27719,18
27720,14
27721,16
27722,21
27723,15
27724,18
27725,17
27726,20
27727,18
27728,35
27729,24
27730,19
27731,18
27732,16
27733,31
27734,26
27735,19
27736,28
27737,30
27738,30
27739,29
27740,35
27741,42
27742,118
27743,113
27744,40
27745,38
27746,31
27747,74
27748,32
27749,37
27750,31
27751,43
27752,41
27753,37
27754,50
27755,36
27756,337
27757,334
27758,154
27759,139
27760,110
27761,128
27762,77
27763,55
27764,50
27765,73
27766,64
27767,56
27768,56
27769,50
27770,141
27771,137
27772,64
27773,61
27774,56
27775,93
27776,52
27777,0
27778,0
27779,8
27780,0
27781,0
27782,0
27783,2
27784,24
27785,22
27786,26
27787,23
27788,21
27789,29
27790,28
27791,59
27792,50
27793,42
27794,46
27795,41
27796,49
27797,39
27798,63
27799,59
27800,24
27801,24
27802,26
27803,55
27804,39
27805,0
27806,0
27807,2
27808,4
27809,4
27810,3
27811,13
27812,61
27813,61
27814,38
27815,33
27816,27
27817,40
27818,26
27819,11
27820,25
27821,26
27822,31
27823,28
27824,30
27825,36
27826,19
27827,28
27828,27
27829,24
27830,25
27831,47
27832,44
27833,2
27834,17
27835,15
27836,13
27837,11
27838,17
27839,20
27840,39
27841,35
27842,30
27843,21
27844,18
27845,45
27846,18
27847,30
27848,53
27849,23
27850,21
27851,21
27852,46
27853,52
27854,25
27855,16
27856,35
27857,25
27858,16
27859,8
27860,6
27861,0
27862,4
27863,19
27864,15
27865,15
27866,16
27867,22
27868,91
27869,87
27870,44
27871,42
27872,36
27873,75
27874,37
27875,3
27876,5
27877,8
27878,9
27879,7
27880,19
27881,7
27882,3
27883,17
27884,10
27885,13
27886,13
27887,36
27888,28
27889,17
27890,46
27891,22
27892,25
27893,23
27894,36
27895,61
27896,405
27897,398
27898,201
27899,161
27900,137
27901,159
27902,113
27903,33
27904,22
27905,26
27906,22
27907,18
27908,35
27909,20
27910,61
27911,53
27912,48
27913,42
27914,43
27915,69
27916,57
27917,13
27918,30
27919,23
27920,19
27921,16
27922,19
27923,28
27924,27
27925,32
27926,29
27927,29
27928,25
27929,38
27930,30
27931,28
27932,19
27933,17
27934,15
27935,15
27936,36
27937,21
27938,15
27939,29
27940,21
27941,23
27942,21
27943,29
27944,39
27945,46
27946,37
27947,73
27948,60
27949,48
27950,40
27951,35
27952,19
27953,30
27954,24
27955,29
27956,26
27957,31
27958,41
27959,32
27960,21
27961,30
27962,20
27963,17
27964,31
27965,28
27966,37
27967,33
27968,42
27969,37
27970,31
27971,51
27972,26
27973,17
27974,30
27975,22
27976,25
27977,26
27978,37
27979,46
27980,54
27981,47
27982,62
27983,53
27984,49
27985,57
27986,54
27987,40
27988,32
27989,6
27990,4
27991,6
27992,6
27993,8
27994,92
27995,82
27996,35
27997,33
27998,29
27999,53
28000,27
28001,223
28002,220
28003,122
28004,111
28005,96
28006,121
28007,62
28008,3
28009,28
28010,10
28011,13
28012,13
28013,12
28014,41
28015,21
28016,11
28017,30
28018,21
28019,15
28020,34
28021,19
28022,79
28023,76
28024,45
28025,43
28026,38
28027,49
28028,31
28029,85
28030,76
28031,41
28032,35
28033,28
28034,45
28035,20
28036,20
28037,37
28038,34
28039,29
28040,32
28041,57
28042,51
28043,18
28044,32
28045,30
28046,21
28047,22
28048,26
28049,36
28050,56
28051,53
28052,40
28053,41
28054,36
28055,59
28056,37
28057,102
28058,95
28059,85
28060,78
28061,70
28062,89
28063,54
28064,10
28065,19
28066,21
28067,21
28068,18
28069,21
28070,29
28071,55
28072,42
28073,46
28074,46
28075,37
28076,35
28077,26
28078,27
28079,30
28080,11
28081,5
28082,4
28083,29
28084,15
28085,27
28086,21
28087,23
28088,12
28089,12
28090,27
28091,22
28092,61
28093,55
28094,33
28095,29
28096,24
28097,33
28098,17
28099,20
28100,8
28101,43
28102,30
28103,20
28104,18
28105,15
28106,47
28107,35
28108,34
28109,25
28110,25
28111,55
28112,31
28113,23
28114,33
28115,27
28116,34
28117,34
28118,41
28119,50
28120,22
28121,11
28122,19
28123,17
28124,16
28125,22
28126,19
28127,30
28128,24
28129,29
28130,30
28131,27
28132,47
28133,32
28134,27
28135,30
28136,53
28137,46
28138,49
28139,59
28140,67
28141,51
28142,39
28143,33
28144,33
28145,32
28146,58
28147,40
28148,32
28149,58
28150,32
28151,37
28152,35
28153,56
28154,70
28155,45
28156,41
28157,37
28158,29
28159,28
28160,42
28161,30
28162,28
28163,20
28164,13
28165,8
28166,8
28167,15
28168,7
28169,51
28170,41
28171,28
28172,27
28173,28
28174,67
28175,38
28176,63
28177,53
28178,30
28179,29
28180,31
28181,68
28182,40
28183,1
28184,26
28185,20
28186,13
28187,14
28188,31
28189,44
28190,30
28191,52
28192,22
28193,21
28194,20
28195,46
28196,53
28197,81
28198,71
28199,41
28200,37
28201,30
28202,59
28203,30
28204,89
28205,83
28206,44
28207,39
28208,28
28209,69
28210,32
28211,27
28212,27
28213,6
28214,11
28215,11
28216,43
28217,20
28218,43
28219,66
28220,39
28221,43
28222,44
28223,77
28224,83
28225,24
28226,47
28227,24
28228,30
28229,28
28230,49
28231,55
28232,41
28233,33
28234,28
28235,26
28236,26
28237,32
28238,28
28239,92
28240,86
28241,79
28242,73
28243,64
28244,84
28245,48
28246,16
28247,16
28248,10
28249,9
28250,10
28251,18
28252,15
28253,183
28254,107
28255,102
28256,102
28257,90
28258,77
28259,93
28260,340
28261,182
28262,155
28263,151
28264,131
28265,115
28266,140
28267,100
28268,49
28269,44
28270,35
28271,27
28272,18
28273,42
28274,565
28275,230
28276,146
28277,122
28278,113
28279,107
28280,202
28281,137
28282,37
28283,29
28284,25
28285,23
28286,19
28287,52
28288,451
28289,182
28290,129
28291,104
28292,91
28293,83
28294,159
28295,27
28296,19
28297,20
28298,27
28299,26
28300,19
28301,24
28302,0
28303,8
28304,9
28305,22
28306,24
28307,33
28308,36
28309,102
28310,68
28311,65
28312,64
28313,62
28314,52
28315,56
28316,0
28317,2
28318,3
28319,12
28320,8
28321,19
28322,26
28323,21
28324,21
28325,22
28326,16
28327,9
28328,5
28329,10
28330,448
28331,250
28332,207
28333,182
28334,164
28335,144
28336,172
28337,34
28338,15
28339,16
28340,25
28341,20
28342,12
28343,22
28344,256
28345,169
28346,152
28347,146
28348,113
28349,94
28350,117
28351,131
28352,66
28353,59
28354,47
28355,38
28356,26
28357,45
28358,141
28359,55
28360,49
28361,49
28362,47
28363,41
28364,69
28365,656
28366,396
28367,295
28368,244
28369,211
28370,189
28371,231
28372,53
28373,31
28374,30
28375,34
28376,31
28377,25
28378,34
28379,212
28380,121
28381,114
28382,112
28383,103
28384,92
28385,105
28386,128
28387,59
28388,53
28389,48
28390,37
28391,27
28392,54
28393,290
28394,139
28395,116
28396,114
28397,99
28398,91
28399,124
28400,65
28401,46
28402,46
28403,50
28404,43
28405,36
28406,45
28407,13
28408,24
28409,24
28410,26
28411,18
28412,24
28413,26
28414,28
28415,9
28416,10
28417,26
28418,24
28419,20
28420,32
28421,346
28422,176
28423,143
28424,111
28425,98
28426,79
28427,132
28428,178
28429,105
28430,95
28431,84
28432,68
28433,56
28434,73
28435,115
28436,68
28437,63
28438,51
28439,37
28440,29
28441,42
28442,410
28443,136
28444,101
28445,101
28446,98
28447,97
28448,158
28449,1031
28450,534
28451,388
28452,339
28453,341
28454,276
28455,406
28456,242
28457,173
28458,156
28459,148
28460,120
28461,101
28462,119
28463,215
28464,109
28465,103
28466,102
28467,94
28468,76
28469,108
28470,86
28471,64
28472,60
28473,51
28474,44
28475,36
28476,40
28477,298
28478,179
28479,154
28480,149
28481,124
28482,109
28483,126
28484,446
28485,166
28486,122
28487,98
28488,93
28489,88
28490,162
28491,16
28492,17
28493,17
28494,20
28495,13
28496,9
28497,10
28498,727
28499,367
28500,245
28501,194
28502,173
28503,157
28504,254
28505,252
28506,133
28507,112
28508,110
28509,93
28510,78
28511,116
28512,221
28513,137
28514,118
28515,107
28516,88
28517,76
28518,92
28519,46
28520,5
28521,5
28522,10
28523,11
28524,8
28525,30
28526,180
28527,99
28528,88
28529,83
28530,72
28531,60
28532,79
28533,63
28534,36
28535,38
28536,37
28537,31
28538,23
28539,34
28540,188
28541,91
28542,87
28543,90
28544,80
28545,67
28546,89
28547,129
28548,52
28549,46
28550,44
28551,40
28552,31
28553,61
28554,63
28555,35
28556,30
28557,28
28558,29
28559,21
28560,27
28561,214
28562,95
28563,84
28564,77
28565,70
28566,56
28567,88
28568,1029
28569,531
28570,382
28571,331
28572,340
28573,272
28574,403
28575,232
28576,138
28577,122
28578,121
28579,105
28580,102
28581,108
28582,396
28583,224
28584,179
28585,148
28586,134
28587,117
28588,137
28589,280
28590,90
28591,62
28592,50
28593,41
28594,41
28595,83
28596,310
28597,104
28598,84
28599,84
28600,83
28601,84
28602,117
28603,249
28604,121
28605,91
28606,89
28607,80
28608,77
28609,94
28610,288
28611,139
28612,113
28613,107
28614,85
28615,71
28616,108
28617,227
28618,76
28619,50
28620,46
28621,45
28622,43
28623,84
28624,239
28625,82
28626,51
28627,46
28628,35
28629,30
28630,63
28631,152
28632,94
28633,92
28634,86
28635,75
28636,62
28637,68
28638,82
28639,67
28640,65
28641,68
28642,63
28643,58
28644,57
28645,235
28646,165
28647,147
28648,137
28649,113
28650,100
28651,107
28652,84
28653,31
28654,31
28655,36
28656,36
28657,28
28658,48
28659,178
28660,102
28661,85
28662,85
28663,60
28664,56
28665,67
28666,204
28667,84
28668,62
28669,69
28670,49
28671,43
28672,75
28673,407
28674,153
28675,109
28676,95
28677,82
28678,79
28679,156
28680,515
28681,239
28682,173
28683,155
28684,147
28685,137
28686,191
28687,64
28688,36
28689,30
28690,30
28691,23
28692,16
28693,27
28694,0
28695,14
28696,15
28697,29
28698,28
28699,25
28700,24
28701,387
28702,185
28703,151
28704,138
28705,120
28706,105
28707,147
28708,281
28709,111
28710,80
28711,78
28712,78
28713,76
28714,107
28715,39
28716,25
28717,24
28718,30
28719,29
28720,22
28721,23
28722,152
28723,57
28724,51
28725,48
28726,46
28727,37
28728,62
28729,472
28730,249
28731,211
28732,192
28733,173
28734,160
28735,182
28736,90
28737,74
28738,69
28739,68
28740,58
28741,48
28742,44
28743,246
28744,159
28745,141
28746,130
28747,101
28748,82
28749,105
28750,208
28751,89
28752,80
28753,78
28754,67
28755,59
28756,95
28757,398
28758,199
28759,157
28760,130
28761,118
28762,105
28763,151
28764,60
28765,48
28766,47
28767,52
28768,46
28769,38
28770,38
28771,129
28772,117
28773,114
28774,97
28775,74
28776,57
28777,46
28778,362
28779,150
28780,132
28781,130
28782,114
28783,107
28784,142
28785,0
28786,0
28787,0
28788,6
28789,4
28790,10
28791,15
28792,233
28793,141
28794,107
28795,91
28796,75
28797,71
28798,74
28799,282
28800,160
28801,137
28802,130
28803,117
28804,104
28805,128
28806,422
28807,159
28808,113
28809,116
28810,102
28811,97
28812,155
28813,24
28814,34
28815,35
28816,43
28817,38
28818,41
28819,44
28820,82
28821,29
28822,23
28823,22
28824,25
28825,23
28826,44
28827,335
28828,327
28829,314
28830,305
28831,315
28832,270
28833,233
28834,872
28835,848
28836,649
28837,605
28838,547
28839,466
28840,418
28841,125
28842,100
28843,98
28844,95
28845,71
28846,54
28847,52
28848,430
28849,432
28850,317
28851,281
28852,213
28853,174
28854,170
28855,390
28856,392
28857,248
28858,256
28859,213
28860,200
28861,203
28862,262
28863,268
28864,191
28865,176
28866,142
28867,113
28868,109
28869,874
28870,875
28871,614
28872,590
28873,530
28874,453
28875,434
28876,97
28877,84
28878,118
28879,135
28880,119
28881,118
28882,112
28883,96
28884,83
28885,130
28886,151
28887,134
28888,139
28889,142
28890,168
28891,167
28892,170
28893,182
28894,178
28895,162
28896,166
28897,242
28898,229
28899,191
28900,182
28901,144
28902,121
28903,115
28904,49
28905,45
28906,82
28907,90
28908,90
28909,84
28910,81
28911,785
28912,786
28913,612
28914,588
28915,502
28916,440
28917,404
28918,200
28919,181
28920,143
28921,147
28922,138
28923,122
28924,93
28925,253
28926,230
28927,257
28928,270
28929,271
28930,251
28931,221
28932,153
28933,124
28934,141
28935,123
28936,116
28937,97
28938,73
28939,271
28940,239
28941,213
28942,214
28943,205
28944,185
28945,160
28946,535
28947,555
28948,452
28949,426
28950,387
28951,331
28952,291
28953,259
28954,236
28955,213
28956,209
28957,186
28958,162
28959,145
28960,803
28961,798
28962,576
28963,526
28964,494
28965,428
28966,398
28967,197
28968,179
28969,143
28970,134
28971,109
28972,97
28973,101
28974,391
28975,385
28976,257
28977,233
28978,163
28979,134
28980,129
28981,308
28982,296
28983,306
28984,319
28985,330
28986,292
28987,244
28988,225
28989,212
28990,162
28991,144
28992,106
28993,81
28994,73
28995,321
28996,308
28997,248
28998,233
28999,192
29000,159
29001,151
29002,456
29003,457
29004,381
29005,342
29006,295
29007,249
29008,226
29009,252
29010,220
29011,180
29012,166
29013,144
29014,132
29015,117
29016,807
29017,799
29018,535
29019,476
29020,435
29021,366
29022,350
29023,163
29024,146
29025,162
29026,157
29027,136
29028,117
29029,115
29030,1175
29031,1183
29032,755
29033,707
29034,642
29035,541
29036,515
29037,468
29038,471
29039,436
29040,416
29041,387
29042,337
29043,291
29044,666
29045,647
29046,467
29047,413
29048,377
29049,312
29050,282
29051,478
29052,472
29053,417
29054,411
29055,378
29056,341
29057,296
29058,269
29059,257
29060,214
29061,236
29062,205
29063,178
29064,160
29065,382
29066,387
29067,240
29068,223
29069,174
29070,146
29071,148
29072,962
29073,975
29074,611
29075,565
29076,514
29077,439
29078,401
29079,63
29080,49
29081,100
29082,117
29083,120
29084,112
29085,102
29086,739
29087,731
29088,524
29089,484
29090,442
29091,356
29092,320
29093,705
29094,678
29095,556
29096,518
29097,460
29098,405
29099,348
29100,329
29101,334
29102,241
29103,224
29104,196
29105,169
29106,146
29107,284
29108,263
29109,194
29110,166
29111,145
29112,120
29113,105
29114,286
29115,257
29116,185
29117,189
29118,165
29119,135
29120,130
29121,370
29122,352
29123,320
29124,289
29125,259
29126,214
29127,178
29128,361
29129,341
29130,263
29131,280
29132,272
29133,254
29134,211
29135,580
29136,579
29137,456
29138,419
29139,381
29140,320
29141,285
29142,109
29143,96
29144,157
29145,167
29146,183
29147,165
29148,141
29149,392
29150,392
29151,277
29152,284
29153,240
29154,215
29155,199
29156,409
29157,416
29158,284
29159,270
29160,219
29161,182
29162,174
29163,2093
29164,1978
29165,1264
29166,1104
29167,1024
29168,881
29169,874
29170,340
29171,322
29172,270
29173,233
29174,206
29175,186
29176,147
29177,661
29178,655
29179,489
29180,459
29181,411
29182,359
29183,322
29184,430
29185,414
29186,382
29187,338
29188,279
29189,226
29190,198
29191,86
29192,80
29193,91
29194,104
29195,115
29196,111
29197,88
29198,549
29199,542
29200,492
29201,466
29202,429
29203,371
29204,321
29205,67
29206,64
29207,91
29208,97
29209,96
29210,105
29211,94
29212,281
29213,260
29214,246
29215,213
29216,186
29217,136
29218,114
29219,423
29220,421
29221,374
29222,353
29223,342
29224,316
29225,273
29226,689
29227,675
29228,580
29229,539
29230,453
29231,396
29232,353
29233,378
29234,347
29235,289
29236,296
29237,274
29238,262
29239,229
29240,510
29241,500
29242,377
29243,355
29244,341
29245,292
29246,272
29247,43
29248,27
29249,86
29250,99
29251,108
29252,113
29253,93
29254,401
29255,385
29256,345
29257,329
29258,289
29259,252
29260,230
29261,294
29262,287
29263,171
29264,162
29265,122
29266,104
29267,105
29268,737
29269,732
29270,504
29271,457
29272,407
29273,332
29274,316
29275,314
29276,302
29277,268
29278,280
29279,286
29280,255
29281,222
29282,195
29283,183
29284,140
29285,144
29286,128
29287,124
29288,117
29289,430
29290,422
29291,376
29292,360
29293,327
29294,278
29295,233
29296,306
29297,281
29298,194
29299,171
29300,120
29301,95
29302,91
29303,312
29304,307
29305,275
29306,268
29307,226
29308,193
29309,176
29310,711
29311,693
29312,575
29313,527
29314,495
29315,408
29316,365
29317,10
29318,6
29319,14
29320,24
29321,39
29322,55
29323,65
29324,375
29325,360
29326,300
29327,285
29328,241
29329,219
29330,204
29331,192
29332,167
29333,135
29334,141
29335,114
29336,104
29337,101
29338,193
29339,175
29340,136
29341,147
29342,140
29343,142
29344,142
29345,411
29346,385
29347,352
29348,348
29349,331
29350,300
29351,256
29352,445
29353,456
29354,380
29355,366
29356,328
29357,303
29358,257
29359,202
29360,196
29361,198
29362,196
29363,156
29364,135
29365,121
29366,376
29367,351
29368,276
29369,269
29370,259
29371,230
29372,211
29373,549
29374,537
29375,428
29376,381
29377,327
29378,254
29379,223
29380,332
29381,326
29382,308
29383,309
29384,290
29385,250
29386,232
29387,190
29388,176
29389,204
29390,212
29391,221
29392,188
29393,155
29394,331
29395,328
29396,302
29397,305
29398,286
29399,241
29400,201
29401,428
29402,447
29403,346
29404,312
29405,250
29406,208
29407,195
29408,280
29409,262
29410,251
29411,252
29412,206
29413,168
29414,151
29415,83
29416,65
29417,91
29418,91
29419,74
29420,55
29421,63
29422,373
29423,358
29424,342
29425,334
29426,309
29427,282
29428,231
29429,69
29430,54
29431,99
29432,115
29433,122
29434,122
29435,95
29436,279
29437,254
29438,210
29439,224
29440,219
29441,209
29442,206
29443,593
29444,592
29445,457
29446,426
29447,380
29448,284
29449,258
29450,160
29451,151
29452,129
29453,135
29454,111
29455,107
29456,103
29457,446
29458,430
29459,314
29460,287
29461,243
29462,206
29463,199
29464,161
29465,143
29466,158
29467,182
29468,170
29469,167
29470,169
29471,245
29472,231
29473,230
29474,251
29475,242
29476,245
29477,245
29478,187
29479,172
29480,165
29481,196
29482,187
29483,199
29484,201
29485,73
29486,70
29487,45
29488,57
29489,71
29490,86
29491,90
29492,65
29493,56
29494,52
29495,87
29496,115
29497,134
29498,133
29499,209
29500,195
29501,178
29502,199
29503,194
29504,204
29505,206
29506,84
29507,70
29508,55
29509,59
29510,48
29511,60
29512,63
29513,104
29514,88
29515,76
29516,92
29517,97
29518,123
29519,118
29520,125
29521,113
29522,94
29523,123
29524,119
29525,128
29526,130
29527,196
29528,181
29529,186
29530,220
29531,223
29532,213
29533,207
29534,90
29535,77
29536,105
29537,157
29538,156
29539,164
29540,164
29541,99
29542,79
29543,45
29544,60
29545,70
29546,88
29547,91
29548,112
29549,105
29550,85
29551,114
29552,110
29553,128
29554,133
29555,70
29556,61
29557,42
29558,51
29559,56
29560,67
29561,69
29562,85
29563,71
29564,41
29565,32
29566,34
29567,44
29568,41
29569,162
29570,142
29571,135
29572,165
29573,163
29574,180
29575,179
29576,258
29577,241
29578,236
29579,260
29580,250
29581,264
29582,262
29583,117
29584,117
29585,127
29586,166
29587,152
29588,155
29589,152
29590,139
29591,121
29592,112
29593,136
29594,132
29595,158
29596,150
29597,91
29598,91
29599,66
29600,94
29601,110
29602,119
29603,117
29604,74
29605,57
29606,26
29607,50
29608,71
29609,97
29610,95
29611,92
29612,78
29613,104
29614,142
29615,167
29616,173
29617,178
29618,30
29619,31
29620,40
29621,78
29622,95
29623,104
29624,104
29625,155
29626,143
29627,142
29628,168
29629,154
29630,148
29631,146
29632,145
29633,129
29634,127
29635,155
29636,167
29637,190
29638,185
29639,95
29640,76
29641,65
29642,71
29643,58
29644,68
29645,65
29646,149
29647,132
29648,118
29649,153
29650,147
29651,164
29652,158
29653,257
29654,233
29655,231
29656,257
29657,254
29658,277
29659,277
29660,82
29661,78
29662,69
29663,84
29664,82
29665,100
29666,98
29667,133
29668,118
29669,116
29670,162
29671,157
29672,167
29673,165
29674,27
29675,16
29676,39
29677,47
29678,57
29679,81
29680,85
29681,150
29682,143
29683,127
29684,145
29685,143
29686,143
29687,143
29688,177
29689,170
29690,168
29691,184
29692,188
29693,202
29694,204
29695,117
29696,99
29697,123
29698,173
29699,194
29700,197
29701,201
29702,166
29703,148
29704,151
29705,188
29706,182
29707,192
29708,189
29709,240
29710,220
29711,225
29712,242
29713,231
29714,232
29715,231
29716,92
29717,88
29718,87
29719,133
29720,116
29721,128
29722,126
29723,43
29724,38
29725,28
29726,56
29727,86
29728,102
29729,102
29730,95
29731,80
29732,86
29733,130
29734,150
29735,154
29736,157
29737,79
29738,65
29739,83
29740,132
29741,144
29742,162
29743,160
29744,22
29745,14
29746,2
29747,4
29748,32
29749,46
29750,51
29751,134
29752,120
29753,124
29754,153
29755,138
29756,152
29757,147
29758,124
29759,109
29760,108
29761,141
29762,131
29763,143
29764,145
29765,124
29766,110
29767,104
29768,140
29769,128
29770,133
29771,134
29772,59
29773,58
29774,35
29775,36
29776,57
29777,72
29778,68
29779,48
29780,38
29781,18
29782,26
29783,49
29784,63
29785,67
29786,58
29787,50
29788,46
29789,44
29790,31
29791,38
29792,50
29793,65
29794,57
29795,54
29796,62
29797,43
29798,53
29799,63
29800,8
29801,8
29802,9
29803,29
29804,46
29805,60
29806,63
29807,68
29808,60
29809,53
29810,55
29811,49
29812,49
29813,58
29814,48
29815,44
29816,41
29817,49
29818,45
29819,33
29820,40
29821,25
29822,25
29823,24
29824,30
29825,39
29826,52
29827,53
29828,57
29829,49
29830,45
29831,70
29832,39
29833,50
29834,54
29835,44
29836,44
29837,42
29838,51
29839,60
29840,60
29841,63
29842,22
29843,21
29844,21
29845,32
29846,34
29847,44
29848,46
29849,25
29850,25
29851,24
29852,32
29853,45
29854,49
29855,53
29856,37
29857,30
29858,27
29859,25
29860,23
29861,21
29862,22
29863,27
29864,19
29865,19
29866,48
29867,24
29868,32
29869,32
29870,48
29871,41
29872,39
29873,51
29874,38
29875,22
29876,23
29877,91
29878,76
29879,63
29880,83
29881,50
29882,86
29883,85
29884,54
29885,49
29886,45
29887,47
29888,45
29889,29
29890,29
29891,48
29892,42
29893,38
29894,57
29895,38
29896,48
29897,48
29898,26
29899,22
29900,20
29901,21
29902,19
29903,9
29904,12
29905,55
29906,47
29907,46
29908,47
29909,38
29910,36
29911,40
29912,34
29913,29
29914,27
29915,49
29916,45
29917,43
29918,44
29919,36
29920,30
29921,29
29922,35
29923,37
29924,16
29925,23
29926,25
29927,18
29928,17
29929,24
29930,16
29931,5
29932,9
29933,14
29934,12
29935,12
29936,32
29937,37
29938,49
29939,51
29940,17
29941,17
29942,17
29943,25
29944,50
29945,71
29946,72
29947,6
29948,5
29949,5
29950,3
29951,9
29952,22
29953,25
29954,13
29955,13
29956,14
29957,49
29958,58
29959,68
29960,69
29961,120
29962,99
29963,76
29964,91
29965,60
29966,80
29967,92
29968,39
29969,31
29970,30
29971,39
29972,25
29973,24
29974,28
29975,94
29976,88
29977,83
29978,70
29979,63
29980,47
29981,51
29982,43
29983,41
29984,42
29985,60
29986,86
29987,79
29988,82
29989,26
29990,26
29991,26
29992,44
29993,55
29994,58
29995,60
29996,32
29997,27
29998,28
29999,60
30000,37
30001,25
30002,25
30003,76
30004,65
30005,60
30006,72
30007,49
30008,89
30009,87
30010,29
30011,23
30012,20
30013,32
30014,18
30015,14
30016,15
30017,40
30018,34
30019,34
30020,37
30021,34
30022,18
30023,22
30024,35
30025,29
30026,27
30027,40
30028,23
30029,23
30030,27
30031,54
30032,45
30033,39
30034,44
30035,34
30036,31
30037,41
30038,43
30039,42
30040,40
30041,47
30042,67
30043,57
30044,58
30045,28
30046,24
30047,22
30048,24
30049,23
30050,22
30051,24
30052,33
30053,33
30054,32
30055,40
30056,49
30057,43
30058,47
30059,48
30060,40
30061,40
30062,45
30063,48
30064,41
30065,44
30066,28
30067,23
30068,23
30069,30
30070,30
30071,23
30072,27
30073,159
30074,217
30075,132
30076,105
30077,69
30078,82
30079,95
30080,442
30081,414
30082,277
30083,230
30084,189
30085,196
30086,207
30087,53
30088,67
30089,26
30090,0
30091,5
30092,8
30093,35
30094,282
30095,223
30096,135
30097,133
30098,118
30099,133
30100,174
30101,69
30102,81
30103,36
30104,13
30105,20
30106,29
30107,61
30108,692
30109,497
30110,315
30111,223
30112,163
30113,175
30114,266
30115,26
30116,74
30117,41
30118,62
30119,62
30120,81
30121,95
30122,56
30123,103
30124,57
30125,26
30126,27
30127,38
30128,55
30129,72
30130,93
30131,38
30132,18
30133,27
30134,39
30135,78
30136,82
30137,130
30138,66
30139,68
30140,57
30141,77
30142,97
30143,153
30144,195
30145,131
30146,94
30147,97
30148,101
30149,121
30150,59
30151,127
30152,88
30153,77
30154,71
30155,78
30156,73
30157,12
30158,48
30159,14
30160,7
30161,6
30162,22
30163,47
30164,0
30165,20
30166,18
30167,11
30168,18
30169,48
30170,58
30171,302
30172,305
30173,217
30174,184
30175,137
30176,145
30177,171
30178,135
30179,138
30180,84
30181,59
30182,63
30183,71
30184,107
30185,293
30186,332
30187,254
30188,219
30189,161
30190,165
30191,181
30192,0
30193,35
30194,25
30195,32
30196,41
30197,70
30198,96
30199,83
30200,121
30201,68
30202,38
30203,36
30204,55
30205,82
30206,117
30207,181
30208,113
30209,83
30210,89
30211,94
30212,96
30213,356
30214,329
30215,206
30216,171
30217,138
30218,147
30219,176
30220,50
30221,93
30222,37
30223,10
30224,15
30225,16
30226,39
30227,174
30228,189
30229,120
30230,74
30231,66
30232,74
30233,108
30234,168
30235,227
30236,159
30237,153
30238,121
30239,125
30240,137
30241,66
30242,84
30243,48
30244,16
30245,19
30246,22
30247,41
30248,70
30249,128
30250,67
30251,39
30252,25
30253,36
30254,70
30255,88
30256,145
30257,79
30258,39
30259,37
30260,50
30261,65
30262,96
30263,136
30264,80
30265,53
30266,49
30267,56
30268,72
30269,0
30270,43
30271,26
30272,5
30273,6
30274,17
30275,28
30276,229
30277,201
30278,127
30279,102
30280,59
30281,76
30282,120
30283,56
30284,136
30285,83
30286,63
30287,59
30288,69
30289,67
30290,797
30291,575
30292,404
30293,303
30294,241
30295,237
30296,329
30297,250
30298,307
30299,245
30300,213
30301,183
30302,173
30303,187
30304,81
30305,131
30306,72
30307,52
30308,57
30309,68
30310,95
30311,126
30312,178
30313,119
30314,70
30315,58
30316,69
30317,76
30318,98
30319,138
30320,88
30321,83
30322,91
30323,101
30324,112
30325,122
30326,112
30327,61
30328,34
30329,52
30330,57
30331,90
30332,30
30333,65
30334,39
30335,21
30336,21
30337,34
30338,40
30339,175
30340,216
30341,122
30342,97
30343,98
30344,110
30345,124
30346,35
30347,100
30348,75
30349,68
30350,67
30351,72
30352,76
30353,37
30354,66
30355,38
30356,30
30357,45
30358,62
30359,82
30360,192
30361,240
30362,145
30363,107
30364,72
30365,82
30366,117
30367,94
30368,158
30369,104
30370,100
30371,76
30372,92
30373,113
30374,93
30375,116
30376,61
30377,39
30378,37
30379,50
30380,88
30381,85
30382,133
30383,86
30384,47
30385,34
30386,41
30387,54
30388,200
30389,157
30390,105
30391,80
30392,77
30393,92
30394,132
30395,74
30396,156
30397,85
30398,47
30399,34
30400,41
30401,56
30402,154
30403,169
30404,119
30405,110
30406,87
30407,97
30408,115
30409,43
30410,61
30411,36
30412,38
30413,53
30414,74
30415,90
30416,307
30417,291
30418,192
30419,139
30420,102
30421,106
30422,154
30423,241
30424,259
30425,163
30426,133
30427,88
30428,91
30429,123
30430,64
30431,109
30432,50
30433,36
30434,56
30435,68
30436,92
30437,583
30438,458
30439,319
30440,229
30441,163
30442,175
30443,228
30444,62
30445,132
30446,64
30447,28
30448,31
30449,41
30450,62
30451,157
30452,202
30453,128
30454,82
30455,77
30456,76
30457,90
30458,125
30459,161
30460,104
30461,72
30462,66
30463,84
30464,101
30465,228
30466,301
30467,233
30468,180
30469,143
30470,136
30471,127
30472,85
30473,118
30474,59
30475,15
30476,23
30477,32
30478,60
30479,150
30480,197
30481,125
30482,106
30483,80
30484,90
30485,95
30486,329
30487,319
30488,228
30489,180
30490,168
30491,176
30492,182
30493,55
30494,93
30495,50
30496,20
30497,19
30498,36
30499,47
30500,201
30501,246
30502,166
30503,140
30504,114
30505,116
30506,122
30507,322
30508,293
30509,179
30510,139
30511,108
30512,118
30513,170
30514,0
30515,48
30516,30
30517,29
30518,39
30519,67
30520,94
30521,43
30522,79
30523,33
30524,5
30525,18
30526,24
30527,52
30528,287
30529,267
30530,177
30531,149
30532,89
30533,94
30534,145
30535,343
30536,311
30537,212
30538,183
30539,144
30540,145
30541,178
30542,82
30543,105
30544,57
30545,23
30546,27
30547,43
30548,58
30549,95
30550,159
30551,99
30552,72
30553,62
30554,67
30555,73
30556,403
30557,395
30558,263
30559,218
30560,148
30561,153
30562,179
30563,53
30564,72
30565,39
30566,59
30567,76
30568,117
30569,160
30570,164
30571,178
30572,122
30573,94
30574,91
30575,106
30576,128
30577,71
30578,96
30579,61
30580,38
30581,36
30582,45
30583,66
30584,66
30585,93
30586,55
30587,47
30588,69
30589,84
30590,94
30591,17
30592,61
30593,14
30594,0
30595,0
30596,9
30597,30
30598,253
30599,286
30600,185
30601,138
30602,109
30603,121
30604,138
30605,230
30606,263
30607,206
30608,184
30609,155
30610,151
30611,150
30612,222
30613,215
30614,133
30615,103
30616,72
30617,92
30618,137
30619,202
30620,229
30621,164
30622,115
30623,98
30624,100
30625,116
30626,160
30627,225
30628,130
30629,103
30630,68
30631,81
30632,85
30633,47
30634,139
30635,96
30636,73
30637,52
30638,61
30639,70
30640,186
30641,220
30642,138
30643,111
30644,71
30645,81
30646,116
30647,94
30648,117
30649,81
30650,53
30651,59
30652,74
30653,99
30654,134
30655,183
30656,131
30657,92
30658,79
30659,85
30660,100
30661,118
30662,181
30663,121
30664,101
30665,91
30666,97
30667,105
30668,122
30669,205
30670,136
30671,116
30672,104
30673,105
30674,110
30675,374
30676,326
30677,206
30678,156
30679,112
30680,115
30681,171
30682,61
30683,93
30684,52
30685,25
30686,27
30687,36
30688,45
30689,425
30690,425
30691,244
30692,188
30693,140
30694,131
30695,139
30696,373
30697,363
30698,212
30699,192
30700,144
30701,137
30702,129
30703,40
30704,28
30705,20
30706,20
30707,13
30708,5
30709,2
30710,9
30711,2
30712,8
30713,9
30714,8
30715,5
30716,3
30717,81
30718,69
30719,35
30720,38
30721,36
30722,41
30723,48
30724,659
30725,652
30726,275
30727,228
30728,172
30729,156
30730,198
30731,5
30732,0
30733,3
30734,1
30735,0
30736,0
30737,0
30738,129
30739,112
30740,61
30741,51
30742,39
30743,47
30744,41
30745,75
30746,66
30747,24
30748,23
30749,19
30750,21
30751,25
30752,96
30753,81
30754,50
30755,47
30756,38
30757,34
30758,45
30759,23
30760,34
30761,36
30762,36
30763,35
30764,44
30765,49
30766,31
30767,18
30768,47
30769,43
30770,39
30771,33
30772,27
30773,223
30774,206
30775,134
30776,127
30777,107
30778,108
30779,98
30780,8
30781,18
30782,10
30783,15
30784,13
30785,11
30786,32
30787,77
30788,68
30789,54
30790,55
30791,49
30792,46
30793,47
30794,72
30795,57
30796,65
30797,55
30798,50
30799,51
30800,59
30801,120
30802,104
30803,56
30804,48
30805,34
30806,41
30807,37
30808,101
30809,90
30810,48
30811,40
30812,35
30813,43
30814,30
30815,84
30816,72
30817,67
30818,52
30819,38
30820,29
30821,25
30822,446
30823,439
30824,230
30825,196
30826,142
30827,144
30828,144
30829,47
30830,34
30831,29
30832,17
30833,14
30834,14
30835,21
30836,137
30837,124
30838,57
30839,48
30840,32
30841,26
30842,21
30843,48
30844,43
30845,29
30846,28
30847,26
30848,34
30849,38
30850,43
30851,31
30852,48
30853,42
30854,38
30855,41
30856,43
30857,189
30858,181
30859,72
30860,63
30861,49
30862,51
30863,43
30864,139
30865,122
30866,59
30867,49
30868,36
30869,38
30870,36
30871,25
30872,15
30873,23
30874,25
30875,23
30876,25
30877,25
30878,0
30879,0
30880,20
30881,10
30882,8
30883,6
30884,10
30885,523
30886,520
30887,248
30888,199
30889,150
30890,146
30891,168
30892,68
30893,56
30894,67
30895,56
30896,49
30897,44
30898,42
30899,655
30900,636
30901,285
30902,225
30903,164
30904,152
30905,209
30906,73
30907,62
30908,87
30909,75
30910,66
30911,60
30912,61
30913,466
30914,459
30915,216
30916,177
30917,125
30918,127
30919,137
30920,44
30921,31
30922,40
30923,28
30924,16
30925,7
30926,0
30927,93
30928,78
30929,67
30930,61
30931,55
30932,59
30933,50
30934,232
30935,214
30936,112
30937,101
30938,84
30939,92
30940,89
30941,95
30942,87
30943,38
30944,38
30945,33
30946,38
30947,42
30948,13
30949,0
30950,19
30951,9
30952,4
30953,0
30954,0
30955,9
30956,0
30957,3
30958,5
30959,3
30960,1
30961,2
30962,189
30963,188
30964,99
30965,87
30966,72
30967,74
30968,69
30969,34
30970,21
30971,36
30972,37
30973,32
30974,24
30975,18
30976,117
30977,104
30978,65
30979,51
30980,38
30981,44
30982,40
30983,413
30984,399
30985,211
30986,166
30987,118
30988,110
30989,113
30990,45
30991,33
30992,38
30993,30
30994,25
30995,33
30996,30
30997,86
30998,78
30999,31
31000,28
31001,25
31002,24
31003,30
31004,14
31005,30
31006,41
31007,38
31008,33
31009,36
31010,47
31011,140
31012,123
31013,74
31014,60
31015,48
31016,52
31017,34
31018,47
31019,35
31020,33
31021,32
31022,32
31023,28
31024,30
31025,79
31026,64
31027,40
31028,34
31029,28
31030,30
31031,33
31032,374
31033,359
31034,178
31035,156
31036,118
31037,114
31038,115
31039,281
31040,271
31041,131
31042,103
31043,82
31044,78
31045,77
31046,121
31047,104
31048,57
31049,49
31050,37
31051,48
31052,41
31053,194
31054,186
31055,78
31056,68
31057,55
31058,59
31059,60
31060,1255
31061,1201
31062,568
31063,448
31064,350
31065,315
31066,342
31067,49
31068,33
31069,33
31070,29
31071,21
31072,23
31073,28
31074,224
31075,208
31076,132
31077,119
31078,102
31079,108
31080,107
31081,32
31082,14
31083,16
31084,13
31085,5
31086,8
31087,5
31088,32
31089,35
31090,24
31091,19
31092,16
31093,19
31094,24
31095,57
31096,49
31097,36
31098,37
31099,35
31100,41
31101,30
31102,383
31103,374
31104,200
31105,171
31106,122
31107,140
31108,130
31109,102
31110,91
31111,49
31112,40
31113,23
31114,23
31115,21
31116,142
31117,120
31118,122
31119,104
31120,84
31121,77
31122,59
31123,28
31124,16
31125,12
31126,12
31127,9
31128,14
31129,20
31130,255
31131,239
31132,147
31133,113
31134,88
31135,82
31136,71
31137,50
31138,36
31139,31
31140,21
31141,16
31142,13
31143,16
31144,44
31145,28
31146,44
31147,37
31148,32
31149,36
31150,26
31151,429
31152,430
31153,188
31154,166
31155,111
31156,108
31157,121
31158,55
31159,40
31160,30
31161,25
31162,18
31163,18
31164,27
31165,59
31166,46
31167,62
31168,54
31169,51
31170,54
31171,53
31172,12
31173,18
31174,19
31175,21
31176,20
31177,20
31178,28
31179,507
31180,504
31181,236
31182,182
31183,132
31184,124
31185,139
31186,528
31187,521
31188,267
31189,221
31190,172
31191,165
31192,180
31193,88
31194,79
31195,40
31196,38
31197,27
31198,20
31199,19
31200,40
31201,27
31202,43
31203,33
31204,27
31205,29
31206,27
31207,59
31208,43
31209,37
31210,27
31211,17
31212,12
31213,8
31214,120
31215,103
31216,79
31217,57
31218,37
31219,29
31220,18
31221,411
31222,409
31223,224
31224,176
31225,138
31226,125
31227,119
31228,9
31229,21
31230,19
31231,22
31232,28
31233,33
31234,44
31235,181
31236,167
31237,72
31238,69
31239,63
31240,72
31241,72
31242,102
31243,93
31244,62
31245,55
31246,51
31247,52
31248,48
31249,42
31250,23
31251,27
31252,27
31253,20
31254,13
31255,10
31256,35
31257,26
31258,27
31259,18
31260,15
31261,17
31262,18
31263,89
31264,77
31265,45
31266,30
31267,26
31268,35
31269,33
31270,8
31271,24
31272,16
31273,21
31274,20
31275,20
31276,37
31277,49
31278,35
31279,27
31280,28
31281,27
31282,32
31283,32
31284,273
31285,258
31286,161
31287,146
31288,126
31289,132
31290,119
31291,65
31292,50
31293,48
31294,41
31295,28
31296,25
31297,25
31298,269
31299,258
31300,114
31301,97
31302,80
31303,77
31304,86
31305,63
31306,52
31307,47
31308,35
31309,29
31310,29
31311,36
31312,54
31313,42
31314,29
31315,25
31316,20
31317,27
31318,16
31319,65
31320,48
31321,71
31322,53
31323,36
31324,25
31325,15
31326,358
31327,347
31328,191
31329,157
31330,122
31331,117
31332,120
31333,36
31334,20
31335,20
31336,16
31337,15
31338,20
31339,27
31340,88
31341,73
31342,53
31343,44
31344,32
31345,35
31346,20
31347,0
31348,7
31349,11
31350,7
31351,8
31352,7
31353,24
31354,53
31355,41
31356,49
31357,50
31358,49
31359,52
31360,50
31361,50
31362,36
31363,63
31364,48
31365,37
31366,33
31367,37
31368,67
31369,51
31370,34
31371,29
31372,20
31373,20
31374,27
31375,82
31376,68
31377,62
31378,57
31379,47
31380,44
31381,46
31382,240
31383,239
31384,127
31385,112
31386,96
31387,85
31388,80
31389,18
31390,5
31391,6
31392,9
31393,8
31394,4
31395,1
31396,13
31397,21
31398,29
31399,31
31400,27
31401,25
31402,32
31403,125
31404,116
31405,56
31406,52
31407,41
31408,41
31409,51
31410,0
31411,10
31412,11
31413,13
31414,14
31415,29
31416,27
31417,12
31418,8
31419,9
31420,12
31421,27
31422,59
31423,57
31424,16
31425,13
31426,16
31427,18
31428,36
31429,38
31430,30
31431,6
31432,12
31433,12
31434,11
31435,21
31436,37
31437,35
31438,13
31439,17
31440,21
31441,22
31442,37
31443,52
31444,49
31445,32
31446,32
31447,33
31448,35
31449,52
31450,68
31451,62
31452,30
31453,2
31454,2
31455,6
31456,17
31457,28
31458,28
31459,31
31460,31
31461,35
31462,37
31463,58
31464,72
31465,66
31466,0
31467,4
31468,4
31469,1
31470,5
31471,10
31472,7
31473,4
31474,7
31475,6
31476,4
31477,16
31478,30
31479,31
31480,0
31481,6
31482,8
31483,8
31484,7
31485,13
31486,9
31487,27
31488,25
31489,27
31490,29
31491,45
31492,59
31493,51
31494,34
31495,27
31496,28
31497,30
31498,47
31499,82
31500,78
31501,24
31502,27
31503,28
31504,29
31505,42
31506,74
31507,75
31508,20
31509,18
31510,21
31511,22
31512,37
31513,70
31514,68
31515,6
31516,13
31517,18
31518,18
31519,32
31520,37
31521,29
31522,4
31523,2
31524,2
31525,8
31526,20
31527,51
31528,48
31529,15
31530,12
31531,13
31532,16
31533,36
31534,39
31535,31
31536,1101
31537,1042
31538,541
31539,466
31540,357
31541,311
31542,305
31543,1467
31544,1388
31545,872
31546,761
31547,575
31548,474
31549,433
31550,118
31551,108
31552,80
31553,68
31554,44
31555,31
31556,26
31557,265
31558,259
31559,132
31560,117
31561,88
31562,76
31563,74
31564,125
31565,117
31566,102
31567,98
31568,66
31569,56
31570,49
31571,181
31572,173
31573,76
31574,66
31575,47
31576,39
31577,40
31578,1429
31579,1361
31580,680
31581,591
31582,441
31583,371
31584,370
31585,259
31586,242
31587,167
31588,146
31589,100
31590,91
31591,81
31592,189
31593,175
31594,117
31595,109
31596,73
31597,63
31598,58
31599,184
31600,177
31601,89
31602,88
31603,52
31604,48
31605,46
31606,309
31607,299
31608,158
31609,135
31610,97
31611,79
31612,70
31613,236
31614,236
31615,171
31616,154
31617,99
31618,80
31619,67
31620,144
31621,132
31622,124
31623,112
31624,78
31625,56
31626,48
31627,414
31628,412
31629,261
31630,234
31631,148
31632,132
31633,121
31634,0
31635,13
31636,14
31637,18
31638,6
31639,4
31640,24
31641,13
31642,6
31643,17
31644,18
31645,6
31646,1
31647,0
31648,122
31649,117
31650,102
31651,95
31652,63
31653,55
31654,47
31655,32
31656,23
31657,40
31658,38
31659,16
31660,12
31661,9
31662,668
31663,650
31664,404
31665,353
31666,237
31667,191
31668,182
31669,97
31670,87
31671,67
31672,60
31673,36
31674,24
31675,21
31676,292
31677,276
31678,159
31679,141
31680,99
31681,87
31682,86
31683,442
31684,450
31685,306
31686,256
31687,170
31688,138
31689,125
31690,159
31691,153
31692,101
31693,95
31694,60
31695,51
31696,45
31697,653
31698,636
31699,367
31700,326
31701,223
31702,183
31703,187
31704,82
31705,73
31706,49
31707,43
31708,23
31709,20
31710,16
31711,560
31712,543
31713,288
31714,242
31715,158
31716,119
31717,115
31718,149
31719,144
31720,97
31721,90
31722,57
31723,50
31724,48
31725,72
31726,65
31727,78
31728,71
31729,44
31730,36
31731,28
31732,45
31733,34
31734,45
31735,45
31736,20
31737,8
31738,4
31739,385
31740,387
31741,185
31742,153
31743,111
31744,92
31745,87
31746,276
31747,268
31748,161
31749,138
31750,97
31751,77
31752,67
31753,169
31754,154
31755,111
31756,97
31757,63
31758,48
31759,43
31760,31
31761,24
31762,34
31763,36
31764,19
31765,21
31766,22
31767,668
31768,659
31769,317
31770,277
31771,183
31772,141
31773,156
31774,214
31775,200
31776,155
31777,138
31778,95
31779,83
31780,77
31781,3488
31782,3183
31783,1906
31784,1736
31785,1457
31786,1372
31787,1444
31788,442
31789,435
31790,328
31791,280
31792,188
31793,154
31794,138
31795,1219
31796,1139
31797,573
31798,509
31799,379
31800,330
31801,337
31802,130
31803,117
31804,104
31805,94
31806,61
31807,48
31808,41
31809,410
31810,408
31811,274
31812,236
31813,157
31814,131
31815,119
31816,321
31817,311
31818,202
31819,181
31820,125
31821,108
31822,96
31823,413
31824,416
31825,207
31826,178
31827,124
31828,108
31829,114
31830,143
31831,132
31832,94
31833,87
31834,52
31835,38
31836,34
31837,20
31838,12
31839,24
31840,27
31841,10
31842,6
31843,4
31844,662
31845,661
31846,350
31847,312
31848,205
31849,154
31850,157
31851,68
31852,57
31853,69
31854,64
31855,38
31856,25
31857,21
31858,29
31859,22
31860,32
31861,32
31862,19
31863,21
31864,19
31865,78
31866,71
31867,65
31868,60
31869,38
31870,32
31871,25
31872,810
31873,793
31874,418
31875,367
31876,232
31877,199
31878,202
31879,144
31880,134
31881,106
31882,92
31883,58
31884,52
31885,45
31886,201
31887,196
31888,85
31889,74
31890,52
31891,45
31892,43
31893,106
31894,94
31895,67
31896,55
31897,39
31898,25
31899,24
31900,14
31901,7
31902,20
31903,18
31904,11
31905,9
31906,5
31907,292
31908,282
31909,168
31910,145
31911,102
31912,83
31913,73
31914,198
31915,184
31916,116
31917,108
31918,73
31919,58
31920,54
31921,55
31922,45
31923,40
31924,39
31925,25
31926,26
31927,22
31928,1272
31929,1220
31930,676
31931,593
31932,435
31933,376
31934,377
31935,449
31936,455
31937,268
31938,213
31939,133
31940,102
31941,100
31942,196
31943,183
31944,127
31945,110
31946,69
31947,62
31948,59
31949,169
31950,165
31951,100
31952,94
31953,55
31954,47
31955,41
31956,4916
31957,4650
31958,3340
31959,2929
31960,2698
31961,2615
31962,2653
31963,226
31964,221
31965,166
31966,151
31967,104
31968,74
31969,63
31970,364
31971,358
31972,217
31973,196
31974,142
31975,126
31976,123
31977,87
31978,77
31979,64
31980,60
31981,32
31982,23
31983,19
31984,30
31985,27
31986,29
31987,28
31988,21
31989,23
31990,21
31991,300
31992,292
31993,171
31994,153
31995,112
31996,103
31997,101
31998,296
31999,296
32000,193
32001,172
32002,119
32003,94
32004,82
32005,362
32006,353
32007,228
32008,204
32009,137
32010,126
32011,114
32012,57
32013,53
32014,49
32015,47
32016,21
32017,19
32018,14
32019,217
32020,201
32021,126
32022,123
32023,96
32024,89
32025,83
32026,483
32027,469
32028,356
32029,305
32030,217
32031,169
32032,152
32033,141
32034,135
32035,68
32036,59
32037,40
32038,40
32039,36
32040,62
32041,50
32042,52
32043,46
32044,20
32045,14
32046,11
32047,239
32048,224
32049,166
32050,143
32051,100
32052,83
32053,74
32054,221
32055,212
32056,161
32057,156
32058,108
32059,98
32060,88
32061,552
32062,527
32063,365
32064,316
32065,220
32066,175
32067,162
32068,677
32069,671
32070,358
32071,310
32072,204
32073,160
32074,166
32075,221
32076,206
32077,136
32078,114
32079,78
32080,64
32081,58
32082,20
32083,15
32084,24
32085,23
32086,9
32087,5
32088,6
32089,899
32090,891
32091,397
32092,316
32093,204
32094,169
32095,183
32096,2260
32097,1927
32098,1138
32099,961
32100,762
32101,720
32102,723
32103,157
32104,154
32105,103
32106,94
32107,56
32108,46
32109,42
32110,222
32111,215
32112,174
32113,159
32114,106
32115,78
32116,68
32117,208
32118,188
32119,121
32120,102
32121,65
32122,55
32123,53
32124,92
32125,81
32126,76
32127,68
32128,38
32129,24
32130,20
32131,921
32132,890
32133,515
32134,446
32135,309
32136,256
32137,244
32138,277
32139,272
32140,148
32141,129
32142,87
32143,76
32144,71
32145,364
32146,359
32147,192
32148,176
32149,121
32150,105
32151,106
32152,217
32153,208
32154,124
32155,119
32156,79
32157,73
32158,68
32159,15
32160,11
32161,30
32162,34
32163,17
32164,12
32165,10
32166,25
32167,22
32168,37
32169,37
32170,23
32171,23
32172,20
32173,25
32174,20
32175,30
32176,31
32177,21
32178,25
32179,26
32180,209
32181,197
32182,100
32183,90
32184,61
32185,52
32186,50
32187,442
32188,447
32189,268
32190,241
32191,154
32192,130
32193,124
32194,88
32195,78
32196,61
32197,54
32198,35
32199,28
32200,23
32201,690
32202,678
32203,438
32204,379
32205,272
32206,231
32207,211
32208,98
32209,90
32210,77
32211,72
32212,49
32213,42
32214,35
32215,547
32216,533
32217,330
32218,290
32219,198
32220,146
32221,134
32222,423
32223,426
32224,214
32225,188
32226,120
32227,100
32228,108
32229,262
32230,249
32231,161
32232,144
32233,98
32234,88
32235,83
32236,845
32237,817
32238,501
32239,415
32240,295
32241,248
32242,226
32243,311
32244,292
32245,219
32246,193
32247,140
32248,105
32249,88
32250,478
32251,481
32252,255
32253,230
32254,150
32255,119
32256,125
32257,29
32258,26
32259,41
32260,44
32261,26
32262,28
32263,27
32264,74
32265,64
32266,62
32267,59
32268,37
32269,27
32270,22
32271,0
32272,6
32273,7
32274,7
32275,0
32276,0
32277,10
32278,448
32279,441
32280,318
32281,272
32282,195
32283,164
32284,149
32285,287
32286,274
32287,199
32288,171
32289,118
32290,91
32291,78
32292,216
32293,203
32294,145
32295,138
32296,99
32297,89
32298,82
32299,640
32300,638
32301,332
32302,294
32303,188
32304,144
32305,143
32306,114
32307,103
32308,85
32309,77
32310,44
32311,32
32312,27
32313,315
32314,306
32315,198
32316,177
32317,132
32318,106
32319,96
32320,68
32321,62
32322,41
32323,43
32324,27
32325,28
32326,25
32327,81
32328,52
32329,51
32330,90
32331,116
32332,61
32333,25
32334,141
32335,127
32336,105
32337,136
32338,174
32339,78
32340,31
32341,0
32342,0
32343,0
32344,18
32345,78
32346,15
32347,15
32348,0
32349,1
32350,3
32351,47
32352,100
32353,47
32354,45
32355,31
32356,38
32357,14
32358,57
32359,147
32360,64
32361,72
32362,0
32363,6
32364,0
32365,34
32366,76
32367,38
32368,41
32369,225
32370,181
32371,94
32372,117
32373,173
32374,63
32375,29
32376,12
32377,25
32378,36
32379,71
32380,81
32381,48
32382,34
32383,0
32384,0
32385,6
32386,37
32387,73
32388,40
32389,38
32390,5
32391,28
32392,0
32393,38
32394,137
32395,43
32396,61
32397,33
32398,35
32399,16
32400,53
32401,116
32402,49
32403,47
32404,0
32405,0
32406,29
32407,65
32408,76
32409,61
32410,42
32411,40
32412,39
32413,37
32414,95
32415,148
32416,86
32417,75
32418,34
32419,50
32420,37
32421,93
32422,208
32423,91
32424,96
32425,70
32426,50
32427,76
32428,110
32429,177
32430,92
32431,55
32432,0
32433,0
32434,11
32435,30
32436,151
32437,30
32438,24
32439,27
32440,27
32441,43
32442,85
32443,135
32444,72
32445,36
32446,99
32447,63
32448,43
32449,89
32450,200
32451,83
32452,49
32453,0
32454,1
32455,9
32456,24
32457,102
32458,33
32459,33
32460,13
32461,29
32462,17
32463,69
32464,84
32465,72
32466,71
32467,31
32468,36
32469,60
32470,99
32471,88
32472,73
32473,64
32474,3
32475,25
32476,28
32477,63
32478,68
32479,48
32480,63
32481,19
32482,28
32483,26
32484,84
32485,178
32486,77
32487,79
32488,95
32489,53
32490,18
32491,58
32492,148
32493,54
32494,27
32495,0
32496,8
32497,34
32498,82
32499,82
32500,80
32501,66
32502,328
32503,285
32504,157
32505,171
32506,212
32507,100
32508,67
32509,27
32510,43
32511,65
32512,117
32513,139
32514,101
32515,94
32516,82
32517,73
32518,40
32519,78
32520,172
32521,75
32522,36
32523,0
32524,0
32525,10
32526,19
32527,46
32528,9
32529,9
32530,32
32531,34
32532,48
32533,80
32534,92
32535,64
32536,52
32537,2
32538,8
32539,12
32540,69
32541,113
32542,68
32543,54
32544,13
32545,24
32546,0
32547,42
32548,146
32549,64
32550,67
32551,5
32552,5
32553,28
32554,48
32555,65
32556,25
32557,16
32558,88
32559,87
32560,68
32561,107
32562,124
32563,77
32564,29
32565,18
32566,38
32567,31
32568,64
32569,172
32570,36
32571,50
32572,32
32573,48
32574,50
32575,89
32576,164
32577,79
32578,88
32579,17
32580,35
32581,9
32582,48
32583,159
32584,56
32585,68
32586,0
32587,0
32588,21
32589,47
32590,83
32591,38
32592,21
32593,77
32594,57
32595,36
32596,72
32597,129
32598,56
32599,24
32600,21
32601,33
32602,29
32603,65
32604,74
32605,42
32606,40
32607,5
32608,17
32609,13
32610,50
32611,92
32612,46
32613,43
32614,19
32615,27
32616,22
32617,59
32618,174
32619,53
32620,21
32621,443
32622,399
32623,220
32624,227
32625,291
32626,139
32627,96
32628,7
32629,22
32630,22
32631,61
32632,118
32633,67
32634,71
32635,4
32636,21
32637,21
32638,67
32639,181
32640,55
32641,51
32642,28
32643,39
32644,12
32645,69
32646,207
32647,92
32648,102
32649,0
32650,6
32651,9
32652,56
32653,93
32654,55
32655,52
32656,82
32657,64
32658,114
32659,125
32660,112
32661,89
32662,49
32663,16
32664,16
32665,0
32666,42
32667,137
32668,64
32669,67
32670,0
32671,7
32672,7
32673,45
32674,80
32675,43
32676,42
32677,42
32678,55
32679,42
32680,87
32681,168
32682,78
32683,89
32684,2
32685,31
32686,29
32687,67
32688,118
32689,64
32690,91
32691,0
32692,6
32693,11
32694,21
32695,49
32696,32
32697,42
32698,19
32699,14
32700,32
32701,65
32702,70
32703,56
32704,27
32705,68
32706,55
32707,46
32708,79
32709,179
32710,52
32711,16
32712,0
32713,6
32714,12
32715,59
32716,110
32717,57
32718,57
32719,40
32720,38
32721,60
32722,112
32723,144
32724,108
32725,98
32726,122
32727,79
32728,42
32729,79
32730,186
32731,64
32732,32
32733,260
32734,238
32735,129
32736,156
32737,220
32738,107
32739,64
32740,2
32741,18
32742,48
32743,79
32744,77
32745,68
32746,63
32747,19
32748,22
32749,26
32750,48
32751,94
32752,61
32753,67
32754,4
32755,9
32756,38
32757,70
32758,76
32759,44
32760,28
32761,129
32762,87
32763,75
32764,110
32765,125
32766,70
32767,24
32768,0
32769,15
32770,6
32771,29
32772,85
32773,40
32774,48
32775,0
32776,10
32777,22
32778,58
32779,96
32780,66
32781,59
32782,0
32783,0
32784,17
32785,52
32786,71
32787,32
32788,35
32789,0
32790,1
32791,0
32792,19
32793,73
32794,30
32795,42
32796,38
32797,16
32798,23
32799,61
32800,119
32801,55
32802,29
32803,69
32804,49
32805,61
32806,98
32807,168
32808,85
32809,42
32810,15
32811,35
32812,26
32813,77
32814,98
32815,74
32816,76
32817,31
32818,44
32819,18
32820,52
32821,170
32822,53
32823,69
32824,1
32825,1
32826,15
32827,38
32828,150
32829,37
32830,27
32831,55
32832,40
32833,41
32834,73
32835,103
32836,49
32837,15
32838,0
32839,1
32840,44
32841,77
32842,73
32843,50
32844,38
32845,53
32846,43
32847,46
32848,83
32849,153
32850,71
32851,39
32852,5
32853,23
32854,30
32855,79
32856,77
32857,60
32858,68
32859,0
32860,0
32861,0
32862,12
32863,65
32864,18
32865,24
32866,27
32867,34
32868,42
32869,88
32870,108
32871,86
32872,65
32873,13
32874,24
32875,54
32876,93
32877,109
32878,84
32879,57
32880,2
32881,7
32882,33
32883,76
32884,77
32885,72
32886,54
32887,54
32888,45
32889,35
32890,79
32891,150
32892,62
32893,34
32894,3
32895,14
32896,18
32897,57
32898,62
32899,45
32900,43
32901,0
32902,0
32903,19
32904,50
32905,94
32906,47
32907,35
32908,7
32909,31
32910,12
32911,51
32912,159
32913,61
32914,90
32915,33
32916,28
32917,29
32918,40
32919,49
32920,46
32921,161
32922,97
32923,86
32924,86
32925,91
32926,88
32927,81
32928,293
32929,6
32930,0
32931,0
32932,0
32933,0
32934,0
32935,58
32936,24
32937,25
32938,27
32939,39
32940,81
32941,78
32942,167
32943,29
32944,30
32945,32
32946,45
32947,81
32948,77
32949,221
32950,10
32951,10
32952,11
32953,18
32954,59
32955,64
32956,110
32957,39
32958,36
32959,33
32960,36
32961,35
32962,32
32963,75
32964,37
32965,31
32966,35
32967,44
32968,50
32969,46
32970,180
32971,34
32972,16
32973,14
32974,16
32975,24
32976,18
32977,104
32978,39
32979,29
32980,31
32981,32
32982,41
32983,41
32984,229
32985,40
32986,41
32987,39
32988,49
32989,66
32990,69
32991,107
32992,25
32993,24
32994,26
32995,31
32996,71
32997,72
32998,133
32999,26
33000,26
33001,25
33002,34
33003,40
33004,41
33005,102
33006,11
33007,2
33008,2
33009,9
33010,21
33011,29
33012,171
33013,52
33014,46
33015,45
33016,56
33017,60
33018,57
33019,68
33020,18
33021,9
33022,10
33023,12
33024,21
33025,37
33026,219
33027,67
33028,56
33029,56
33030,70
33031,90
33032,87
33033,152
33034,34
33035,24
33036,28
33037,29
33038,45
33039,50
33040,159
33041,35
33042,24
33043,22
33044,23
33045,33
33046,27
33047,184
33048,23
33049,25
33050,26
33051,41
33052,60
33053,64
33054,114
33055,38
33056,26
33057,24
33058,33
33059,38
33060,33
33061,130
33062,17
33063,6
33064,9
33065,12
33066,50
33067,50
33068,161
33069,10
33070,0
33071,0
33072,7
33073,19
33074,26
33075,115
33076,28
33077,23
33078,21
33079,28
33080,60
33081,65
33082,118
33083,16
33084,14
33085,14
33086,13
33087,20
33088,15
33089,116
33090,19
33091,18
33092,18
33093,21
33094,46
33095,45
33096,139
33097,9
33098,9
33099,9
33100,23
33101,43
33102,40
33103,116
33104,86
33105,67
33106,56
33107,64
33108,79
33109,96
33110,265
33111,43
33112,42
33113,40
33114,48
33115,66
33116,59
33117,98
33118,43
33119,44
33120,42
33121,50
33122,91
33123,95
33124,158
33125,19
33126,21
33127,23
33128,39
33129,59
33130,63
33131,123
33132,21
33133,22
33134,22
33135,32
33136,56
33137,52
33138,117
33139,36
33140,35
33141,37
33142,51
33143,91
33144,93
33145,209
33146,65
33147,56
33148,54
33149,65
33150,81
33151,88
33152,249
33153,23
33154,15
33155,15
33156,21
33157,28
33158,20
33159,188
33160,22
33161,22
33162,22
33163,30
33164,39
33165,41
33166,66
33167,46
33168,47
33169,50
33170,66
33171,93
33172,100
33173,185
33174,34
33175,29
33176,31
33177,38
33178,50
33179,55
33180,120
33181,22
33182,16
33183,14
33184,18
33185,29
33186,22
33187,168
33188,53
33189,43
33190,42
33191,45
33192,44
33193,35
33194,108
33195,44
33196,46
33197,44
33198,52
33199,75
33200,74
33201,96
33202,22
33203,13
33204,12
33205,16
33206,28
33207,25
33208,92
33209,48
33210,38
33211,39
33212,52
33213,102
33214,99
33215,180
33216,27
33217,28
33218,30
33219,37
33220,45
33221,51
33222,93
33223,30
33224,29
33225,29
33226,35
33227,62
33228,62
33229,140
33230,37
33231,29
33232,29
33233,33
33234,39
33235,31
33236,143
33237,45
33238,35
33239,32
33240,41
33241,55
33242,48
33243,137
33244,34
33245,32
33246,31
33247,42
33248,46
33249,42
33250,96
33251,21
33252,11
33253,13
33254,18
33255,35
33256,35
33257,145
33258,28
33259,26
33260,24
33261,24
33262,30
33263,34
33264,71
33265,164
33266,104
33267,100
33268,89
33269,81
33270,75
33271,82
33272,37
33273,6
33274,6
33275,6
33276,20
33277,23
33278,25
33279,238
33280,94
33281,90
33282,83
33283,69
33284,61
33285,106
33286,29
33287,15
33288,14
33289,11
33290,17
33291,20
33292,13
33293,25
33294,0
33295,0
33296,0
33297,5
33298,13
33299,16
33300,3
33301,13
33302,13
33303,11
33304,11
33305,33
33306,28
33307,186
33308,113
33309,110
33310,100
33311,91
33312,85
33313,91
33314,65
33315,51
33316,51
33317,46
33318,46
33319,46
33320,34
33321,15
33322,23
33323,24
33324,25
33325,31
33326,44
33327,43
33328,11
33329,13
33330,12
33331,11
33332,17
33333,20
33334,13
33335,113
33336,60
33337,55
33338,52
33339,56
33340,59
33341,62
33342,31
33343,18
33344,18
33345,16
33346,25
33347,27
33348,25
33349,71
33350,47
33351,46
33352,37
33353,34
33354,36
33355,38
33356,23
33357,6
33358,6
33359,6
33360,10
33361,14
33362,15
33363,30
33364,17
33365,17
33366,13
33367,24
33368,26
33369,16
33370,16
33371,19
33372,19
33373,18
33374,23
33375,26
33376,17
33377,267
33378,105
33379,96
33380,88
33381,69
33382,63
33383,120
33384,73
33385,58
33386,58
33387,54
33388,54
33389,54
33390,41
33391,132
33392,61
33393,57
33394,53
33395,53
33396,53
33397,72
33398,23
33399,12
33400,11
33401,8
33402,15
33403,16
33404,8
33405,89
33406,43
33407,41
33408,37
33409,40
33410,41
33411,40
33412,5
33413,14
33414,15
33415,17
33416,25
33417,35
33418,31
33419,262
33420,128
33421,96
33422,84
33423,77
33424,75
33425,95
33426,29
33427,23
33428,22
33429,17
33430,26
33431,27
33432,19
33433,31
33434,19
33435,18
33436,14
33437,19
33438,21
33439,15
33440,0
33441,6
33442,8
33443,8
33444,8
33445,14
33446,9
33447,202
33448,96
33449,83
33450,78
33451,71
33452,74
33453,90
33454,0
33455,0
33456,0
33457,0
33458,0
33459,0
33460,0
33461,31
33462,18
33463,16
33464,14
33465,22
33466,26
33467,16
33468,55
33469,16
33470,15
33471,12
33472,20
33473,22
33474,31
33475,420
33476,200
33477,172
33478,115
33479,105
33480,97
33481,148
33482,27
33483,25
33484,27
33485,29
33486,45
33487,59
33488,51
33489,22
33490,19
33491,19
33492,12
33493,17
33494,20
33495,6
33496,45
33497,13
33498,13
33499,14
33500,32
33501,40
33502,37
33503,2
33504,8
33505,9
33506,12
33507,23
33508,36
33509,36
33510,116
33511,107
33512,106
33513,98
33514,84
33515,77
33516,67
33517,106
33518,76
33519,75
33520,68
33521,67
33522,66
33523,65
33524,20
33525,17
33526,18
33527,15
33528,19
33529,21
33530,8
33531,53
33532,18
33533,18
33534,16
33535,22
33536,25
33537,29
33538,31
33539,24
33540,26
33541,27
33542,48
33543,63
33544,59
33545,89
33546,27
33547,24
33548,23
33549,30
33550,35
33551,51
33552,56
33553,21
33554,19
33555,17
33556,23
33557,27
33558,30
33559,0
33560,7
33561,7
33562,7
33563,10
33564,43
33565,39
33566,6
33567,15
33568,16
33569,12
33570,21
33571,24
33572,12
33573,18
33574,23
33575,24
33576,28
33577,38
33578,48
33579,43
33580,71
33581,35
33582,33
33583,28
33584,29
33585,31
33586,29
33587,16
33588,11
33589,12
33590,6
33591,6
33592,9
33593,9
33594,71
33595,44
33596,43
33597,36
33598,35
33599,35
33600,35
33601,22
33602,25
33603,25
33604,20
33605,24
33606,25
33607,13
33608,22
33609,24
33610,24
33611,18
33612,22
33613,25
33614,12
33615,96
33616,27
33617,19
33618,16
33619,16
33620,22
33621,42
33622,48
33623,34
33624,33
33625,31
33626,35
33627,38
33628,30
33629,58
33630,33
33631,31
33632,31
33633,39
33634,41
33635,29
33636,17
33637,7
33638,6
33639,7
33640,16
33641,19
33642,12
33643,6
33644,10
33645,11
33646,14
33647,23
33648,52
33649,50
33650,17
33651,18
33652,20
33653,20
33654,36
33655,43
33656,34
33657,132
33658,62
33659,54
33660,49
33661,45
33662,46
33663,64
33664,192
33665,293
33666,289
33667,305
33668,258
33669,232
33670,230
33671,470
33672,460
33673,450
33674,449
33675,385
33676,341
33677,319
33678,380
33679,287
33680,226
33681,203
33682,138
33683,111
33684,116
33685,15
33686,7
33687,62
33688,71
33689,39
33690,45
33691,50
33692,133
33693,164
33694,131
33695,156
33696,126
33697,133
33698,133
33699,13
33700,33
33701,63
33702,71
33703,55
33704,71
33705,87
33706,93
33707,102
33708,100
33709,94
33710,75
33711,72
33712,75
33713,478
33714,448
33715,389
33716,401
33717,330
33718,284
33719,293
33720,10
33721,85
33722,142
33723,158
33724,136
33725,135
33726,135
33727,65
33728,72
33729,104
33730,98
33731,62
33732,59
33733,66
33734,36
33735,93
33736,130
33737,152
33738,115
33739,120
33740,129
33741,112
33742,125
33743,159
33744,185
33745,138
33746,135
33747,136
33748,46
33749,35
33750,111
33751,120
33752,88
33753,90
33754,86
33755,63
33756,118
33757,161
33758,183
33759,155
33760,170
33761,167
33762,99
33763,124
33764,191
33765,206
33766,178
33767,175
33768,172
33769,15
33770,13
33771,34
33772,51
33773,29
33774,35
33775,57
33776,210
33777,263
33778,286
33779,309
33780,253
33781,233
33782,225
33783,15
33784,36
33785,53
33786,74
33787,52
33788,67
33789,84
33790,16
33791,45
33792,108
33793,104
33794,54
33795,48
33796,55
33797,22
33798,40
33799,95
33800,110
33801,59
33802,63
33803,65
33804,152
33805,159
33806,202
33807,207
33808,184
33809,167
33810,163
33811,16
33812,51
33813,65
33814,79
33815,56
33816,67
33817,82
33818,239
33819,346
33820,288
33821,301
33822,267
33823,248
33824,256
33825,20
33826,29
33827,67
33828,66
33829,35
33830,45
33831,45
33832,166
33833,187
33834,164
33835,161
33836,109
33837,90
33838,85
33839,97
33840,96
33841,132
33842,118
33843,95
33844,91
33845,90
33846,39
33847,73
33848,159
33849,185
33850,153
33851,161
33852,166
33853,1
33854,20
33855,62
33856,65
33857,41
33858,32
33859,34
33860,38
33861,52
33862,130
33863,132
33864,90
33865,82
33866,83
33867,146
33868,153
33869,174
33870,189
33871,144
33872,146
33873,149
33874,15
33875,49
33876,60
33877,71
33878,45
33879,62
33880,73
33881,0
33882,15
33883,65
33884,54
33885,27
33886,20
33887,22
33888,165
33889,244
33890,234
33891,253
33892,197
33893,182
33894,189
33895,61
33896,29
33897,106
33898,104
33899,72
33900,75
33901,77
33902,634
33903,539
33904,486
33905,492
33906,430
33907,362
33908,356
33909,121
33910,160
33911,214
33912,240
33913,200
33914,186
33915,181
33916,254
33917,273
33918,243
33919,261
33920,201
33921,178
33922,169
33923,0
33924,17
33925,102
33926,99
33927,63
33928,65
33929,61
33930,37
33931,86
33932,159
33933,187
33934,151
33935,159
33936,154
33937,97
33938,108
33939,130
33940,168
33941,127
33942,121
33943,118
33944,272
33945,288
33946,194
33947,197
33948,140
33949,125
33950,135
33951,21
33952,37
33953,81
33954,77
33955,57
33956,50
33957,50
33958,8
33959,25
33960,62
33961,70
33962,62
33963,71
33964,71
33965,500
33966,389
33967,423
33968,398
33969,341
33970,287
33971,288
33972,14
33973,33
33974,83
33975,107
33976,77
33977,83
33978,94
33979,14
33980,37
33981,38
33982,44
33983,27
33984,50
33985,62
33986,3
33987,17
33988,68
33989,78
33990,57
33991,64
33992,65
33993,146
33994,218
33995,228
33996,252
33997,194
33998,165
33999,160
34000,39
34001,103
34002,149
34003,173
34004,131
34005,147
34006,144
34007,51
34008,75
34009,101
34010,101
34011,78
34012,79
34013,95
34014,42
34015,66
34016,120
34017,115
34018,72
34019,67
34020,60
34021,31
34022,60
34023,36
34024,61
34025,28
34026,41
34027,59
34028,43
34029,54
34030,125
34031,123
34032,74
34033,65
34034,62
34035,15
34036,40
34037,79
34038,118
34039,85
34040,95
34041,95
34042,28
34043,54
34044,72
34045,92
34046,50
34047,73
34048,79
34049,495
34050,401
34051,386
34052,382
34053,317
34054,281
34055,270
34056,79
34057,134
34058,187
34059,195
34060,154
34061,140
34062,139
34063,16
34064,38
34065,64
34066,85
34067,71
34068,94
34069,105
34070,152
34071,176
34072,183
34073,180
34074,136
34075,119
34076,114
34077,1596
34078,1459
34079,960
34080,859
34081,762
34082,679
34083,655
34084,94
34085,89
34086,150
34087,128
34088,82
34089,80
34090,83
34091,177
34092,239
34093,244
34094,275
34095,220
34096,210
34097,203
34098,42
34099,76
34100,151
34101,155
34102,120
34103,110
34104,108
34105,43
34106,61
34107,87
34108,70
34109,46
34110,46
34111,55
34112,323
34113,310
34114,226
34115,227
34116,180
34117,169
34118,173
34119,94
34120,115
34121,152
34122,162
34123,120
34124,114
34125,112
34126,27
34127,41
34128,65
34129,89
34130,83
34131,104
34132,105
34133,12
34134,21
34135,39
34136,59
34137,55
34138,67
34139,73
34140,31
34141,21
34142,13
34143,20
34144,26
34145,49
34146,64
34147,436
34148,339
34149,425
34150,393
34151,360
34152,316
34153,293
34154,27
34155,48
34156,55
34157,64
34158,59
34159,77
34160,102
34161,44
34162,48
34163,107
34164,106
34165,53
34166,45
34167,45
34168,42
34169,100
34170,147
34171,168
34172,149
34173,166
34174,160
34175,82
34176,90
34177,131
34178,129
34179,116
34180,128
34181,127
34182,215
34183,260
34184,250
34185,266
34186,210
34187,201
34188,198
34189,210
34190,288
34191,264
34192,276
34193,218
34194,198
34195,200
34196,16
34197,37
34198,67
34199,86
34200,62
34201,68
34202,90
34203,51
34204,84
34205,130
34206,164
34207,120
34208,136
34209,140
34210,53
34211,49
34212,71
34213,79
34214,49
34215,50
34216,54
34217,247
34218,318
34219,268
34220,277
34221,227
34222,206
34223,212
34224,650
34225,507
34226,474
34227,478
34228,420
34229,364
34230,351
34231,2
34232,47
34233,33
34234,44
34235,30
34236,48
34237,82
34238,56
34239,72
34240,139
34241,154
34242,117
34243,117
34244,114
34245,32
34246,48
34247,70
34248,76
34249,30
34250,36
34251,44
34252,9
34253,40
34254,106
34255,116
34256,87
34257,91
34258,92
34259,277
34260,378
34261,359
34262,368
34263,307
34264,271
34265,265
34266,174
34267,167
34268,137
34269,133
34270,106
34271,105
34272,105
34273,153
34274,220
34275,199
34276,235
34277,178
34278,178
34279,184
34280,123
34281,116
34282,151
34283,161
34284,117
34285,118
34286,116
34287,6
34288,26
34289,40
34290,58
34291,30
34292,38
34293,54
34294,15
34295,37
34296,43
34297,61
34298,52
34299,75
34300,97
34301,21
34302,25
34303,36
34304,30
34305,12
34306,30
34307,42
34308,4
34309,25
34310,57
34311,39
34312,21
34313,26
34314,51
34315,328
34316,323
34317,308
34318,322
34319,261
34320,235
34321,228
34322,0
34323,28
34324,48
34325,62
34326,61
34327,69
34328,81
34329,263
34330,269
34331,251
34332,278
34333,223
34334,216
34335,208
34336,61
34337,60
34338,109
34339,114
34340,91
34341,91
34342,92
34343,65
34344,131
34345,160
34346,181
34347,131
34348,134
34349,141
34350,25
34351,51
34352,109
34353,110
34354,59
34355,51
34356,54
34357,152
34358,252
34359,266
34360,278
34361,258
34362,236
34363,221
34364,125
34365,127
34366,174
34367,179
34368,158
34369,137
34370,129
34371,65
34372,100
34373,160
34374,176
34375,136
34376,125
34377,121
34378,56
34379,49
34380,83
34381,93
34382,64
34383,71
34384,81
34385,17
34386,51
34387,95
34388,117
34389,71
34390,76
34391,86
34392,0
34393,15
34394,50
34395,52
34396,27
34397,19
34398,39
34399,60
34400,98
34401,187
34402,200
34403,166
34404,163
34405,160
34406,15
34407,36
34408,53
34409,74
34410,52
34411,67
34412,84
34413,20
34414,16
34415,60
34416,83
34417,71
34418,87
34419,96
34420,192
34421,245
34422,241
34423,262
34424,198
34425,166
34426,166
34427,212
34428,192
34429,179
34430,174
34431,144
34432,131
34433,127
34434,20
34435,17
34436,104
34437,98
34438,53
34439,42
34440,46
34441,35
34442,74
34443,44
34444,69
34445,37
34446,63
34447,99
34448,406
34449,180
34450,132
34451,131
34452,111
34453,105
34454,135
34455,754
34456,441
34457,313
34458,274
34459,244
34460,216
34461,272
34462,62
34463,24
34464,26
34465,27
34466,17
34467,11
34468,27
34469,52
34470,28
34471,23
34472,19
34473,13
34474,7
34475,15
34476,63
34477,12
34478,6
34479,8
34480,8
34481,8
34482,24
34483,856
34484,372
34485,206
34486,157
34487,141
34488,132
34489,278
34490,116
34491,79
34492,76
34493,71
34494,64
34495,56
34496,52
34497,74
34498,41
34499,37
34500,40
34501,34
34502,28
34503,36
34504,185
34505,59
34506,50
34507,54
34508,48
34509,45
34510,89
34511,207
34512,104
34513,81
34514,76
34515,64
34516,56
34517,74
34518,19
34519,12
34520,17
34521,20
34522,28
34523,31
34524,31
34525,343
34526,173
34527,151
34528,152
34529,135
34530,127
34531,150
34532,87
34533,28
34534,21
34535,22
34536,15
34537,11
34538,39
34539,42
34540,30
34541,29
34542,25
34543,14
34544,9
34545,14
34546,253
34547,152
34548,138
34549,136
34550,113
34551,99
34552,118
34553,56
34554,24
34555,17
34556,16
34557,12
34558,7
34559,21
34560,333
34561,195
34562,165
34563,161
34564,135
34565,124
34566,138
34567,197
34568,76
34569,62
34570,62
34571,56
34572,53
34573,88
34574,221
34575,142
34576,125
34577,115
34578,92
34579,81
34580,82
34581,591
34582,315
34583,235
34584,207
34585,191
34586,180
34587,228
34588,62
34589,26
34590,19
34591,21
34592,18
34593,12
34594,29
34595,171
34596,79
34597,71
34598,65
34599,49
34600,41
34601,67
34602,185
34603,89
34604,82
34605,84
34606,70
34607,65
34608,89
34609,83
34610,55
34611,51
34612,53
34613,43
34614,37
34615,42
34616,41
34617,25
34618,24
34619,21
34620,9
34621,1
34622,12
34623,298
34624,105
34625,82
34626,80
34627,70
34628,70
34629,108
34630,188
34631,106
34632,96
34633,91
34634,74
34635,58
34636,76
34637,18
34638,18
34639,17
34640,16
34641,6
34642,2
34643,0
34644,519
34645,208
34646,127
34647,111
34648,99
34649,97
34650,185
34651,178
34652,126
34653,119
34654,114
34655,99
34656,85
34657,79
34658,2184
34659,1142
34660,1037
34661,950
34662,902
34663,800
34664,1114
34665,223
34666,161
34667,158
34668,150
34669,117
34670,98
34671,113
34672,602
34673,260
34674,157
34675,147
34676,136
34677,131
34678,210
34679,143
34680,91
34681,86
34682,81
34683,67
34684,58
34685,66
34686,20
34687,18
34688,18
34689,14
34690,18
34691,27
34692,34
34693,184
34694,109
34695,106
34696,108
34697,96
34698,81
34699,88
34700,248
34701,101
34702,81
34703,82
34704,70
34705,63
34706,100
34707,32
34708,18
34709,18
34710,20
34711,11
34712,8
34713,10
34714,354
34715,149
34716,129
34717,130
34718,113
34719,107
34720,139
34721,20
34722,22
34723,23
34724,26
34725,17
34726,14
34727,9
34728,63
34729,35
34730,30
34731,32
34732,26
34733,20
34734,29
34735,568
34736,274
34737,189
34738,173
34739,158
34740,146
34741,213
34742,151
34743,78
34744,72
34745,68
34746,57
34747,52
34748,63
34749,273
34750,65
34751,38
34752,33
34753,29
34754,30
34755,80
34756,227
34757,121
34758,100
34759,97
34760,77
34761,67
34762,90
34763,129
34764,58
34765,49
34766,48
34767,41
34768,37
34769,59
34770,521
34771,221
34772,133
34773,131
34774,117
34775,113
34776,182
34777,407
34778,147
34779,101
34780,98
34781,84
34782,75
34783,136
34784,49
34785,21
34786,17
34787,17
34788,27
34789,25
34790,28
34791,401
34792,142
34793,99
34794,96
34795,82
34796,77
34797,141
34798,2892
34799,1493
34800,1300
34801,1250
34802,1191
34803,1069
34804,1704
34805,55
34806,36
34807,37
34808,38
34809,29
34810,23
34811,26
34812,223
34813,125
34814,115
34815,114
34816,100
34817,95
34818,100
34819,97
34820,64
34821,57
34822,51
34823,38
34824,30
34825,33
34826,183
34827,75
34828,72
34829,77
34830,71
34831,71
34832,89
34833,206
34834,113
34835,102
34836,100
34837,84
34838,77
34839,91
34840,246
34841,139
34842,123
34843,123
34844,114
34845,103
34846,113
34847,31
34848,10
34849,11
34850,14
34851,12
34852,9
34853,16
34854,75
34855,52
34856,50
34857,52
34858,54
34859,48
34860,50
34861,150
34862,120
34863,116
34864,113
34865,90
34866,82
34867,74
34868,95
34869,25
34870,18
34871,19
34872,23
34873,18
34874,53
34875,52
34876,19
34877,17
34878,16
34879,18
34880,18
34881,24
34882,285
34883,169
34884,138
34885,137
34886,112
34887,98
34888,118
34889,117
34890,75
34891,76
34892,78
34893,78
34894,72
34895,70
34896,61
34897,30
34898,25
34899,26
34900,23
34901,19
34902,28
34903,89
34904,74
34905,70
34906,66
34907,53
34908,46
34909,42
34910,593
34911,257
34912,154
34913,140
34914,127
34915,121
34916,206
34917,64
34918,50
34919,45
34920,44
34921,38
34922,29
34923,28
34924,621
34925,264
34926,158
34927,137
34928,119
34929,105
34930,197
34931,774
34932,359
34933,230
34934,183
34935,167
34936,159
34937,269
34938,184
34939,91
34940,80
34941,83
34942,69
34943,62
34944,81
34945,92
34946,41
34947,34
34948,32
34949,27
34950,23
34951,34
34952,163
34953,117
34954,108
34955,96
34956,74
34957,58
34958,60
34959,804
34960,448
34961,308
34962,242
34963,213
34964,185
34965,275
34966,27
34967,8
34968,9
34969,16
34970,15
34971,11
34972,12
34973,285
34974,114
34975,94
34976,99
34977,95
34978,90
34979,116
34980,198
34981,108
34982,100
34983,103
34984,95
34985,83
34986,94
34987,80
34988,42
34989,39
34990,36
34991,28
34992,21
34993,32
34994,23
34995,17
34996,19
34997,16
34998,20
34999,29
35000,32
35001,92
35002,36
35003,29
35004,30
35005,25
35006,24
35007,40
35008,111
35009,41
35010,35
35011,35
35012,32
35013,27
35014,45
35015,269
35016,140
35017,113
35018,106
35019,97
35020,90
35021,99
35022,343
35023,184
35024,155
35025,149
35026,132
35027,123
35028,135
35029,170
35030,131
35031,124
35032,115
35033,91
35034,75
35035,69
35036,304
35037,88
35038,63
35039,59
35040,54
35041,57
35042,103
35043,236
35044,126
35045,104
35046,101
35047,90
35048,85
35049,99
35050,485
35051,314
35052,249
35053,221
35054,189
35055,167
35056,181
35057,113
35058,98
35059,93
35060,84
35061,61
35062,51
35063,46
35064,429
35065,176
35066,129
35067,119
35068,110
35069,101
35070,149
35071,136
35072,70
35073,64
35074,61
35075,49
35076,44
35077,50
35078,0
35079,0
35080,0
35081,1
35082,0
35083,10
35084,16
35085,311
35086,170
35087,152
35088,148
35089,132
35090,123
35091,127
35092,196
35093,128
35094,125
35095,128
35096,110
35097,93
35098,106
35099,542
35100,253
35101,166
35102,145
35103,124
35104,114
35105,193
35106,13
35107,16
35108,18
35109,20
35110,17
35111,24
35112,29
35113,1071
35114,578
35115,392
35116,351
35117,352
35118,315
35119,475
35120,212
35121,153
35122,111
35123,142
35124,114
35125,130
35126,339
35127,375
35128,299
35129,224
35130,249
35131,210
35132,220
35133,399
35134,79
35135,59
35136,45
35137,56
35138,35
35139,66
35140,123
35141,56
35142,40
35143,32
35144,20
35145,18
35146,26
35147,98
35148,101
35149,84
35150,76
35151,94
35152,89
35153,123
35154,244
35155,62
35156,45
35157,30
35158,43
35159,39
35160,65
35161,156
35162,359
35163,253
35164,140
35165,131
35166,120
35167,286
35168,500
35169,15
35170,4
35171,4
35172,16
35173,3
35174,0
35175,142
35176,40
35177,23
35178,21
35179,33
35180,26
35181,34
35182,129
35183,84
35184,50
35185,25
35186,69
35187,45
35188,97
35189,157
35190,103
35191,87
35192,74
35193,72
35194,73
35195,79
35196,250
35197,46
35198,30
35199,31
35200,42
35201,32
35202,34
35203,108
35204,171
35205,153
35206,142
35207,196
35208,127
35209,132
35210,284
35211,68
35212,50
35213,42
35214,57
35215,55
35216,88
35217,124
35218,12
35219,2
35220,0
35221,0
35222,0
35223,0
35224,60
35225,304
35226,254
35227,195
35228,183
35229,175
35230,193
35231,325
35232,62
35233,46
35234,34
35235,33
35236,31
35237,52
35238,122
35239,162
35240,128
35241,112
35242,114
35243,117
35244,119
35245,308
35246,56
35247,43
35248,37
35249,48
35250,37
35251,44
35252,144
35253,47
35254,25
35255,16
35256,14
35257,7
35258,11
35259,96
35260,61
35261,43
35262,41
35263,55
35264,52
35265,75
35266,204
35267,198
35268,160
35269,135
35270,128
35271,109
35272,110
35273,215
35274,61
35275,47
35276,43
35277,63
35278,43
35279,61
35280,175
35281,338
35282,257
35283,185
35284,223
35285,180
35286,221
35287,426
35288,64
35289,41
35290,37
35291,53
35292,46
35293,52
35294,116
35295,82
35296,60
35297,51
35298,48
35299,34
35300,48
35301,112
35302,131
35303,104
35304,98
35305,118
35306,82
35307,109
35308,156
35309,193
35310,162
35311,139
35312,142
35313,119
35314,134
35315,280
35316,32
35317,16
35318,3
35319,0
35320,0
35321,4
35322,56
35323,62
35324,46
35325,39
35326,48
35327,44
35328,60
35329,171
35330,38
35331,24
35332,17
35333,22
35334,25
35335,25
35336,121
35337,75
35338,60
35339,51
35340,57
35341,45
35342,52
35343,135
35344,31
35345,20
35346,14
35347,9
35348,18
35349,22
35350,62
35351,446
35352,299
35353,118
35354,157
35355,155
35356,353
35357,510
35358,198
35359,150
35360,119
35361,141
35362,106
35363,118
35364,171
35365,431
35366,337
35367,193
35368,220
35369,183
35370,348
35371,487
35372,243
35373,207
35374,184
35375,186
35376,160
35377,141
35378,269
35379,460
35380,345
35381,207
35382,246
35383,214
35384,383
35385,459
35386,125
35387,92
35388,71
35389,77
35390,61
35391,80
35392,201
35393,166
35394,134
35395,115
35396,114
35397,111
35398,117
35399,323
35400,105
35401,91
35402,68
35403,99
35404,76
35405,81
35406,200
35407,32
35408,9
35409,0
35410,0
35411,0
35412,2
35413,61
35414,3
35415,4
35416,6
35417,4
35418,13
35419,16
35420,77
35421,195
35422,137
35423,100
35424,135
35425,118
35426,144
35427,320
35428,27
35429,27
35430,26
35431,30
35432,36
35433,50
35434,119
35435,78
35436,62
35437,57
35438,84
35439,60
35440,58
35441,139
35442,507
35443,369
35444,190
35445,214
35446,191
35447,378
35448,541
35449,148
35450,117
35451,93
35452,107
35453,93
35454,108
35455,308
35456,83
35457,58
35458,34
35459,64
35460,49
35461,89
35462,184
35463,54
35464,31
35465,21
35466,8
35467,8
35468,7
35469,90
35470,269
35471,198
35472,141
35473,128
35474,115
35475,158
35476,256
35477,124
35478,101
35479,94
35480,115
35481,78
35482,90
35483,200
35484,340
35485,259
35486,183
35487,222
35488,191
35489,276
35490,374
35491,283
35492,196
35493,117
35494,131
35495,102
35496,164
35497,331
35498,77
35499,64
35500,59
35501,85
35502,51
35503,60
35504,159
35505,148
35506,97
35507,61
35508,74
35509,81
35510,135
35511,241
35512,567
35513,409
35514,200
35515,227
35516,206
35517,391
35518,616
35519,104
35520,82
35521,74
35522,96
35523,59
35524,60
35525,118
35526,267
35527,222
35528,204
35529,229
35530,183
35531,206
35532,336
35533,52
35534,35
35535,26
35536,26
35537,14
35538,15
35539,135
35540,43
35541,28
35542,20
35543,12
35544,15
35545,29
35546,94
35547,192
35548,150
35549,137
35550,156
35551,117
35552,177
35553,243
35554,129
35555,97
35556,73
35557,94
35558,79
35559,95
35560,216
35561,153
35562,124
35563,123
35564,157
35565,109
35566,118
35567,233
35568,50
35569,38
35570,30
35571,31
35572,25
35573,40
35574,121
35575,402
35576,335
35577,270
35578,253
35579,233
35580,196
35581,326
35582,22
35583,15
35584,19
35585,56
35586,33
35587,42
35588,105
35589,77
35590,55
35591,33
35592,23
35593,19
35594,40
35595,133
35596,191
35597,130
35598,105
35599,120
35600,102
35601,133
35602,332
35603,294
35604,241
35605,202
35606,192
35607,170
35608,170
35609,263
35610,32
35611,13
35612,12
35613,15
35614,23
35615,21
35616,110
35617,272
35618,166
35619,79
35620,97
35621,82
35622,188
35623,400
35624,47
35625,35
35626,33
35627,50
35628,37
35629,48
35630,153
35631,19
35632,9
35633,4
35634,0
35635,9
35636,22
35637,55
35638,339
35639,226
35640,73
35641,94
35642,100
35643,259
35644,426
35645,259
35646,205
35647,150
35648,173
35649,135
35650,192
35651,332
35652,23
35653,17
35654,14
35655,7
35656,17
35657,23
35658,96
35659,110
35660,87
35661,74
35662,98
35663,59
35664,52
35665,183
35666,104
35667,67
35668,40
35669,50
35670,28
35671,53
35672,143
35673,79
35674,51
35675,38
35676,26
35677,16
35678,9
35679,134
35680,379
35681,288
35682,201
35683,213
35684,198
35685,276
35686,442
35687,75
35688,58
35689,51
35690,79
35691,47
35692,61
35693,105
35694,95
35695,82
35696,68
35697,115
35698,95
35699,119
35700,287
35701,294
35702,229
35703,184
35704,204
35705,165
35706,202
35707,270
35708,58
35709,48
35710,38
35711,42
35712,27
35713,41
35714,110
35715,52
35716,30
35717,24
35718,17
35719,30
35720,29
35721,136
35722,56
35723,35
35724,29
35725,49
35726,34
35727,49
35728,99
35729,30
35730,17
35731,12
35732,24
35733,12
35734,26
35735,53
35736,373
35737,299
35738,219
35739,238
35740,202
35741,231
35742,377
35743,202
35744,177
35745,149
35746,178
35747,129
35748,136
35749,217
35750,57
35751,45
35752,40
35753,31
35754,30
35755,32
35756,81
35757,264
35758,159
35759,75
35760,97
35761,91
35762,212
35763,401
35764,238
35765,177
35766,129
35767,138
35768,114
35769,152
35770,249
35771,85
35772,69
35773,64
35774,71
35775,59
35776,56
35777,234
35778,141
35779,115
35780,95
35781,78
35782,60
35783,45
35784,144
35785,312
35786,201
35787,107
35788,146
35789,127
35790,219
35791,378
35792,50
35793,38
35794,30
35795,33
35796,33
35797,62
35798,142
35799,154
35800,107
35801,86
35802,80
35803,64
35804,78
35805,233
35806,48
35807,28
35808,26
35809,34
35810,24
35811,49
35812,101
35813,99
35814,89
35815,86
35816,103
35817,73
35818,65
35819,208
35820,133
35821,106
35822,89
35823,83
35824,65
35825,61
35826,217
35827,59
35828,46
35829,40
35830,52
35831,40
35832,47
35833,146
35834,86
35835,71
35836,65
35837,81
35838,61
35839,68
35840,168
35841,381
35842,286
35843,191
35844,215
35845,185
35846,288
35847,365
35848,144
35849,95
35850,58
35851,76
35852,60
35853,98
35854,185
35855,43
35856,31
35857,26
35858,18
35859,22
35860,20
35861,70
35862,127
35863,120
35864,83
35865,81
35866,62
35867,257
35868,199
35869,294
35870,285
35871,171
35872,151
35873,120
35874,355
35875,270
35876,260
35877,258
35878,131
35879,115
35880,100
35881,218
35882,172
35883,302
35884,299
35885,146
35886,132
35887,108
35888,376
35889,261
35890,76
35891,68
35892,51
35893,48
35894,48
35895,229
35896,169
35897,80
35898,73
35899,37
35900,35
35901,34
35902,121
35903,71
35904,187
35905,183
35906,102
35907,95
35908,82
35909,206
35910,154
35911,64
35912,54
35913,63
35914,61
35915,60
35916,128
35917,103
35918,168
35919,153
35920,99
35921,92
35922,72
35923,309
35924,213
35925,359
35926,359
35927,205
35928,187
35929,145
35930,289
35931,254
35932,358
35933,357
35934,220
35935,198
35936,150
35937,337
35938,279
35939,48
35940,36
35941,35
35942,33
35943,30
35944,99
35945,75
35946,247
35947,237
35948,142
35949,127
35950,101
35951,337
35952,241
35953,42
35954,31
35955,23
35956,22
35957,15
35958,105
35959,66
35960,115
35961,104
35962,57
35963,49
35964,37
35965,96
35966,75
35967,149
35968,141
35969,91
35970,83
35971,69
35972,259
35973,217
35974,75
35975,74
35976,41
35977,40
35978,36
35979,133
35980,106
35981,225
35982,215
35983,128
35984,114
35985,88
35986,223
35987,158
35988,128
35989,113
35990,73
35991,66
35992,48
35993,130
35994,107
35995,62
35996,50
35997,40
35998,38
35999,33
36000,82
36001,59
36002,134
36003,125
36004,60
36005,57
36006,46
36007,246
36008,177
36009,389
36010,367
36011,206
36012,161
36013,126
36014,404
36015,293
36016,229
36017,218
36018,171
36019,157
36020,121
36021,259
36022,210
36023,233
36024,224
36025,113
36026,107
36027,92
36028,261
36029,164
36030,220
36031,205
36032,147
36033,130
36034,106
36035,204
36036,143
36037,228
36038,216
36039,158
36040,135
36041,108
36042,297
36043,248
36044,106
36045,104
36046,50
36047,49
36048,53
36049,150
36050,87
36051,53
36052,41
36053,23
36054,17
36055,16
36056,62
36057,53
36058,35
36059,30
36060,23
36061,23
36062,24
36063,96
36064,83
36065,300
36066,299
36067,163
36068,151
36069,122
36070,281
36071,208
36072,344
36073,333
36074,202
36075,182
36076,138
36077,354
36078,267
36079,57
36080,54
36081,21
36082,20
36083,19
36084,144
36085,98
36086,114
36087,104
36088,66
36089,61
36090,49
36091,146
36092,97
36093,126
36094,116
36095,72
36096,67
36097,52
36098,202
36099,169
36100,137
36101,131
36102,68
36103,64
36104,56
36105,234
36106,169
36107,159
36108,154
36109,75
36110,69
36111,63
36112,243
36113,172
36114,163
36115,150
36116,82
36117,77
36118,63
36119,176
36120,143
36121,117
36122,112
36123,54
36124,52
36125,37
36126,132
36127,100
36128,512
36129,500
36130,274
36131,250
36132,209
36133,437
36134,321
36135,138
36136,128
36137,81
36138,73
36139,53
36140,133
36141,101
36142,235
36143,218
36144,137
36145,131
36146,105
36147,323
36148,233
36149,159
36150,145
36151,84
36152,73
36153,60
36154,196
36155,143
36156,106
36157,99
36158,55
36159,49
36160,25
36161,86
36162,60
36163,232
36164,226
36165,114
36166,108
36167,102
36168,228
36169,164
36170,126
36171,108
36172,77
36173,73
36174,65
36175,233
36176,153
36177,124
36178,113
36179,77
36180,72
36181,64
36182,256
36183,196
36184,116
36185,110
36186,83
36187,80
36188,64
36189,169
36190,132
36191,44
36192,38
36193,24
36194,23
36195,18
36196,138
36197,98
36198,165
36199,155
36200,109
36201,100
36202,83
36203,220
36204,191
36205,241
36206,235
36207,128
36208,113
36209,95
36210,261
36211,212
36212,169
36213,166
36214,72
36215,67
36216,50
36217,258
36218,197
36219,186
36220,176
36221,89
36222,83
36223,65
36224,279
36225,196
36226,114
36227,111
36228,59
36229,54
36230,53
36231,161
36232,110
36233,278
36234,268
36235,156
36236,132
36237,104
36238,248
36239,208
36240,169
36241,153
36242,102
36243,92
36244,69
36245,162
36246,133
36247,277
36248,272
36249,152
36250,138
36251,111
36252,343
36253,254
36254,157
36255,149
36256,73
36257,71
36258,62
36259,275
36260,188
36261,73
36262,66
36263,44
36264,43
36265,39
36266,116
36267,88
36268,125
36269,116
36270,61
36271,55
36272,42
36273,136
36274,80
36275,193
36276,185
36277,105
36278,98
36279,82
36280,273
36281,217
36282,149
36283,139
36284,98
36285,93
36286,88
36287,214
36288,160
36289,52
36290,43
36291,52
36292,50
36293,47
36294,77
36295,76
36296,224
36297,216
36298,95
36299,86
36300,76
36301,280
36302,212
36303,176
36304,167
36305,110
36306,102
36307,82
36308,206
36309,122
36310,121
36311,112
36312,68
36313,69
36314,59
36315,223
36316,197
36317,77
36318,66
36319,74
36320,64
36321,56
36322,116
36323,107
36324,161
36325,156
36326,78
36327,73
36328,62
36329,243
36330,166
36331,89
36332,83
36333,44
36334,42
36335,37
36336,144
36337,95
36338,154
36339,142
36340,104
36341,93
36342,74
36343,176
36344,137
36345,188
36346,173
36347,138
36348,127
36349,91
36350,230
36351,206
36352,68
36353,60
36354,42
36355,40
36356,34
36357,140
36358,97
36359,159
36360,149
36361,95
36362,92
36363,83
36364,181
36365,149
36366,178
36367,173
36368,90
36369,82
36370,66
36371,230
36372,168
36373,42
36374,36
36375,29
36376,28
36377,31
36378,75
36379,71
36380,65
36381,59
36382,60
36383,57
36384,46
36385,93
36386,72
36387,48
36388,37
36389,30
36390,24
36391,22
36392,25
36393,30
36394,638
36395,616
36396,352
36397,291
36398,210
36399,197
36400,229
36401,79
36402,67
36403,31
36404,33
36405,32
36406,39
36407,49
36408,436
36409,442
36410,207
36411,163
36412,123
36413,112
36414,131
36415,90
36416,83
36417,24
36418,24
36419,22
36420,31
36421,33
36422,213
36423,196
36424,96
36425,87
36426,71
36427,63
36428,75
36429,47
36430,43
36431,37
36432,33
36433,30
36434,38
36435,37
36436,0
36437,0
36438,1
36439,2
36440,0
36441,0
36442,0
36443,154
36444,146
36445,89
36446,85
36447,71
36448,75
36449,62
36450,155
36451,140
36452,67
36453,58
36454,41
36455,41
36456,37
36457,221
36458,205
36459,151
36460,129
36461,106
36462,98
36463,96
36464,15
36465,32
36466,38
36467,33
36468,31
36469,32
36470,46
36471,250
36472,237
36473,134
36474,114
36475,97
36476,90
36477,79
36478,123
36479,111
36480,83
36481,65
36482,50
36483,54
36484,39
36485,208
36486,199
36487,97
36488,92
36489,78
36490,79
36491,71
36492,341
36493,324
36494,176
36495,157
36496,121
36497,117
36498,105
36499,77
36500,63
36501,29
36502,23
36503,13
36504,10
36505,6
36506,176
36507,169
36508,84
36509,78
36510,63
36511,69
36512,62
36513,114
36514,102
36515,86
36516,73
36517,63
36518,67
36519,58
36520,18
36521,39
36522,25
36523,28
36524,28
36525,30
36526,70
36527,88
36528,71
36529,36
36530,28
36531,22
36532,26
36533,24
36534,22
36535,14
36536,24
36537,25
36538,23
36539,25
36540,25
36541,360
36542,349
36543,143
36544,118
36545,98
36546,97
36547,106
36548,131
36549,119
36550,92
36551,78
36552,63
36553,71
36554,59
36555,938
36556,909
36557,384
36558,300
36559,220
36560,202
36561,249
36562,196
36563,178
36564,162
36565,142
36566,120
36567,113
36568,98
36569,429
36570,417
36571,192
36572,158
36573,121
36574,116
36575,122
36576,156
36577,139
36578,105
36579,94
36580,83
36581,79
36582,65
36583,68
36584,61
36585,24
36586,24
36587,25
36588,35
36589,38
36590,242
36591,240
36592,136
36593,120
36594,97
36595,92
36596,86
36597,643
36598,617
36599,303
36600,244
36601,177
36602,163
36603,194
36604,55
36605,48
36606,15
36607,12
36608,12
36609,21
36610,30
36611,198
36612,178
36613,99
36614,85
36615,71
36616,69
36617,55
36618,70
36619,57
36620,54
36621,48
36622,42
36623,34
36624,39
36625,116
36626,103
36627,47
36628,42
36629,38
36630,48
36631,41
36632,480
36633,475
36634,238
36635,184
36636,134
36637,126
36638,128
36639,227
36640,219
36641,95
36642,85
36643,71
36644,68
36645,66
36646,583
36647,566
36648,268
36649,224
36650,157
36651,147
36652,168
36653,65
36654,48
36655,40
36656,35
36657,29
36658,35
36659,25
36660,18
36661,29
36662,25
36663,28
36664,26
36665,31
36666,41
36667,103
36668,95
36669,44
36670,46
36671,45
36672,60
36673,57
36674,42
36675,64
36676,42
36677,47
36678,50
36679,55
36680,94
36681,147
36682,127
36683,129
36684,112
36685,95
36686,84
36687,62
36688,196
36689,178
36690,119
36691,96
36692,76
36693,74
36694,62
36695,201
36696,190
36697,127
36698,112
36699,93
36700,94
36701,77
36702,103
36703,88
36704,76
36705,66
36706,54
36707,55
36708,47
36709,415
36710,413
36711,178
36712,159
36713,110
36714,103
36715,114
36716,337
36717,324
36718,128
36719,101
36720,81
36721,78
36722,82
36723,432
36724,422
36725,206
36726,184
36727,137
36728,134
36729,141
36730,168
36731,158
36732,69
36733,65
36734,53
36735,57
36736,47
36737,52
36738,36
36739,53
36740,41
36741,31
36742,32
36743,34
36744,626
36745,608
36746,310
36747,256
36748,179
36749,164
36750,194
36751,202
36752,191
36753,87
36754,78
36755,65
36756,62
36757,56
36758,85
36759,75
36760,52
36761,48
36762,45
36763,53
36764,51
36765,24
36766,29
36767,31
36768,23
36769,27
36770,35
36771,49
36772,214
36773,200
36774,112
36775,107
36776,90
36777,91
36778,86
36779,77
36780,65
36781,62
36782,61
36783,57
36784,59
36785,57
36786,61
36787,46
36788,48
36789,45
36790,32
36791,28
36792,28
36793,183
36794,171
36795,74
36796,60
36797,49
36798,55
36799,53
36800,204
36801,191
36802,115
36803,100
36804,86
36805,85
36806,79
36807,240
36808,220
36809,108
36810,87
36811,71
36812,75
36813,65
36814,113
36815,99
36816,58
36817,44
36818,36
36819,44
36820,42
36821,30
36822,34
36823,26
36824,31
36825,39
36826,42
36827,52
36828,31
36829,15
36830,11
36831,10
36832,9
36833,14
36834,28
36835,173
36836,155
36837,93
36838,80
36839,65
36840,62
36841,48
36842,222
36843,203
36844,144
36845,128
36846,104
36847,103
36848,86
36849,66
36850,51
36851,67
36852,56
36853,47
36854,50
36855,44
36856,307
36857,304
36858,151
36859,129
36860,106
36861,95
36862,94
36863,3
36864,1
36865,3
36866,6
36867,5
36868,2
36869,0
36870,8
36871,13
36872,27
36873,29
36874,29
36875,28
36876,34
36877,258
36878,108
36879,73
36880,68
36881,56
36882,53
36883,67
36884,641
36885,336
36886,247
36887,189
36888,158
36889,153
36890,186
36891,119
36892,27
36893,9
36894,0
36895,0
36896,0
36897,7
36898,202
36899,67
36900,47
36901,40
36902,32
36903,26
36904,46
36905,494
36906,137
36907,94
36908,90
36909,79
36910,81
36911,150
36912,136
36913,24
36914,9
36915,5
36916,4
36917,6
36918,31
36919,672
36920,240
36921,142
36922,106
36923,94
36924,101
36925,198
36926,139
36927,78
36928,40
36929,33
36930,23
36931,20
36932,18
36933,162
36934,11
36935,0
36936,0
36937,0
36938,7
36939,31
36940,159
36941,52
36942,26
36943,21
36944,17
36945,20
36946,25
36947,94
36948,85
36949,73
36950,64
36951,44
36952,39
36953,31
36954,292
36955,134
36956,99
36957,96
36958,87
36959,84
36960,86
36961,135
36962,12
36963,1
36964,0
36965,0
36966,3
36967,13
36968,17
36969,5
36970,2
36971,0
36972,0
36973,18
36974,21
36975,534
36976,212
36977,168
36978,143
36979,123
36980,116
36981,143
36982,139
36983,31
36984,14
36985,9
36986,4
36987,6
36988,18
36989,588
36990,307
36991,237
36992,191
36993,169
36994,164
36995,185
36996,78
36997,24
36998,12
36999,12
37000,10
37001,13
37002,13
37003,229
37004,42
37005,20
37006,17
37007,16
37008,20
37009,40
37010,122
37011,46
37012,31
37013,28
37014,32
37015,32
37016,37
37017,577
37018,220
37019,173
37020,143
37021,127
37022,130
37023,157
37024,145
37025,28
37026,5
37027,3
37028,3
37029,7
37030,25
37031,195
37032,87
37033,65
37034,49
37035,34
37036,24
37037,51
37038,207
37039,61
37040,43
37041,41
37042,41
37043,44
37044,68
37045,352
37046,220
37047,152
37048,141
37049,122
37050,117
37051,130
37052,107
37053,36
37054,10
37055,0
37056,0
37057,0
37058,7
37059,87
37060,27
37061,5
37062,1
37063,0
37064,0
37065,12
37066,402
37067,129
37068,84
37069,72
37070,62
37071,60
37072,93
37073,198
37074,96
37075,75
37076,68
37077,55
37078,43
37079,53
37080,56
37081,33
37082,13
37083,6
37084,0
37085,0
37086,1
37087,258
37088,33
37089,14
37090,11
37091,23
37092,29
37093,62
37094,161
37095,100
37096,81
37097,73
37098,66
37099,62
37100,60
37101,556
37102,188
37103,126
37104,92
37105,74
37106,78
37107,141
37108,405
37109,271
37110,210
37111,181
37112,155
37113,145
37114,143
37115,372
37116,125
37117,90
37118,84
37119,73
37120,68
37121,105
37122,151
37123,85
37124,44
37125,40
37126,34
37127,34
37128,37
37129,129
37130,51
37131,34
37132,34
37133,39
37134,39
37135,40
37136,297
37137,75
37138,60
37139,57
37140,52
37141,54
37142,85
37143,175
37144,74
37145,47
37146,34
37147,24
37148,16
37149,33
37150,8
37151,11
37152,4
37153,2
37154,0
37155,0
37156,0
37157,573
37158,244
37159,174
37160,130
37161,116
37162,113
37163,169
37164,70
37165,53
37166,42
37167,35
37168,28
37169,25
37170,17
37171,99
37172,42
37173,17
37174,16
37175,10
37176,14
37177,23
37178,465
37179,172
37180,102
37181,93
37182,76
37183,69
37184,98
37185,361
37186,172
37187,131
37188,118
37189,91
37190,77
37191,104
37192,226
37193,31
37194,14
37195,11
37196,6
37197,14
37198,40
37199,137
37200,19
37201,6
37202,6
37203,13
37204,23
37205,44
37206,315
37207,102
37208,70
37209,62
37210,49
37211,42
37212,58
37213,217
37214,93
37215,71
37216,68
37217,57
37218,54
37219,74
37220,136
37221,48
37222,23
37223,22
37224,21
37225,27
37226,39
37227,398
37228,125
37229,83
37230,75
37231,68
37232,71
37233,106
37234,312
37235,122
37236,80
37237,70
37238,55
37239,47
37240,90
37241,250
37242,100
37243,68
37244,64
37245,55
37246,53
37247,66
37248,367
37249,98
37250,55
37251,46
37252,37
37253,40
37254,75
37255,1179
37256,566
37257,356
37258,277
37259,243
37260,217
37261,388
37262,241
37263,104
37264,79
37265,71
37266,57
37267,45
37268,59
37269,386
37270,178
37271,127
37272,121
37273,107
37274,109
37275,116
37276,272
37277,90
37278,65
37279,49
37280,35
37281,27
37282,34
37283,263
37284,62
37285,40
37286,33
37287,24
37288,23
37289,55
37290,168
37291,53
37292,39
37293,32
37294,34
37295,34
37296,39
37297,201
37298,95
37299,72
37300,69
37301,76
37302,75
37303,74
37304,292
37305,234
37306,169
37307,152
37308,115
37309,97
37310,102
37311,153
37312,18
37313,11
37314,10
37315,19
37316,24
37317,41
37318,101
37319,19
37320,3
37321,0
37322,2
37323,3
37324,19
37325,268
37326,99
37327,60
37328,54
37329,43
37330,41
37331,50
37332,430
37333,238
37334,180
37335,153
37336,135
37337,128
37338,130
37339,77
37340,32
37341,14
37342,13
37343,10
37344,12
37345,21
37346,351
37347,189
37348,145
37349,133
37350,112
37351,107
37352,115
37353,420
37354,117
37355,73
37356,65
37357,51
37358,50
37359,91
37360,82
37361,23
37362,21
37363,26
37364,29
37365,42
37366,46
37367,286
37368,163
37369,95
37370,84
37371,64
37372,62
37373,72
37374,428
37375,114
37376,67
37377,60
37378,45
37379,48
37380,87
37381,568
37382,227
37383,151
37384,124
37385,113
37386,117
37387,161
37388,168
37389,47
37390,32
37391,27
37392,23
37393,25
37394,42
37395,314
37396,178
37397,137
37398,122
37399,108
37400,96
37401,110
37402,104
37403,31
37404,14
37405,8
37406,5
37407,6
37408,17
37409,124
37410,67
37411,38
37412,32
37413,17
37414,11
37415,19
37416,640
37417,280
37418,180
37419,138
37420,119
37421,115
37422,185
37423,290
37424,63
37425,42
37426,42
37427,39
37428,48
37429,65
37430,290
37431,132
37432,114
37433,111
37434,100
37435,90
37436,113
37437,123
37438,44
37439,30
37440,22
37441,12
37442,11
37443,29
37444,116
37445,40
37446,16
37447,14
37448,5
37449,8
37450,12
37451,123
37452,46
37453,21
37454,17
37455,15
37456,22
37457,37
37458,71
37459,9
37460,0
37461,0
37462,0
37463,0
37464,7
37465,345
37466,143
37467,107
37468,96
37469,86
37470,83
37471,99
37472,405
37473,203
37474,153
37475,142
37476,127
37477,118
37478,125
37479,159
37480,97
37481,82
37482,69
37483,57
37484,50
37485,52
37486,377
37487,103
37488,69
37489,64
37490,48
37491,54
37492,87
37493,302
37494,106
37495,80
37496,77
37497,68
37498,68
37499,76
37500,255
37501,105
37502,72
37503,66
37504,57
37505,53
37506,60
37507,101
37508,89
37509,63
37510,48
37511,27
37512,21
37513,12
37514,262
37515,80
37516,43
37517,38
37518,30
37519,30
37520,47
37521,295
37522,75
37523,55
37524,51
37525,45
37526,46
37527,70
37528,271
37529,145
37530,95
37531,82
37532,65
37533,55
37534,71
37535,62
37536,4
37537,0
37538,0
37539,0
37540,0
37541,3
37542,183
37543,120
37544,86
37545,78
37546,65
37547,55
37548,48
37549,189
37550,141
37551,100
37552,86
37553,66
37554,54
37555,48
37556,85
37557,26
37558,13
37559,10
37560,9
37561,11
37562,15
37563,80
37564,55
37565,42
37566,40
37567,44
37568,45
37569,45
37570,613
37571,240
37572,130
37573,98
37574,86
37575,95
37576,176
37577,75
37578,30
37579,16
37580,10
37581,6
37582,5
37583,11
37584,114
37585,60
37586,44
37587,35
37588,24
37589,23
37590,22
37591,233
37592,52
37593,33
37594,31
37595,32
37596,40
37597,61
37598,111
37599,62
37600,61
37601,56
37602,55
37603,49
37604,76
37605,182
37606,99
37607,98
37608,91
37609,84
37610,76
37611,102
37612,11
37613,10
37614,13
37615,7
37616,3
37617,1
37618,12
37619,260
37620,109
37621,92
37622,83
37623,74
37624,62
37625,112
37626,74
37627,61
37628,58
37629,48
37630,45
37631,40
37632,43
37633,17
37634,7
37635,5
37636,7
37637,15
37638,41
37639,54
37640,5
37641,12
37642,9
37643,8
37644,12
37645,25
37646,39
37647,43
37648,21
37649,25
37650,17
37651,24
37652,21
37653,42
37654,31
37655,15
37656,17
37657,17
37658,33
37659,31
37660,46
37661,89
37662,61
37663,60
37664,55
37665,56
37666,49
37667,55
37668,89
37669,50
37670,49
37671,45
37672,50
37673,46
37674,53
37675,57
37676,23
37677,20
37678,10
37679,14
37680,11
37681,40
37682,80
37683,46
37684,42
37685,37
37686,37
37687,35
37688,58
37689,73
37690,51
37691,47
37692,40
37693,35
37694,30
37695,52
37696,30
37697,13
37698,12
37699,10
37700,12
37701,6
37702,29
37703,27
37704,24
37705,22
37706,18
37707,20
37708,18
37709,37
37710,61
37711,45
37712,38
37713,30
37714,23
37715,17
37716,39
37717,42
37718,32
37719,32
37720,23
37721,15
37722,10
37723,22
37724,211
37725,88
37726,78
37727,72
37728,69
37729,62
37730,93
37731,16
37732,16
37733,18
37734,18
37735,28
37736,30
37737,51
37738,383
37739,150
37740,122
37741,101
37742,88
37743,85
37744,139
37745,72
37746,69
37747,71
37748,62
37749,58
37750,50
37751,46
37752,89
37753,41
37754,39
37755,37
37756,39
37757,34
37758,45
37759,157
37760,94
37761,87
37762,78
37763,65
37764,57
37765,71
37766,103
37767,53
37768,53
37769,48
37770,48
37771,40
37772,57
37773,130
37774,72
37775,61
37776,54
37777,50
37778,40
37779,56
37780,95
37781,51
37782,41
37783,34
37784,29
37785,24
37786,31
37787,84
37788,34
37789,28
37790,24
37791,30
37792,28
37793,34
37794,67
37795,28
37796,20
37797,15
37798,13
37799,7
37800,43
37801,12
37802,9
37803,11
37804,10
37805,19
37806,17
37807,41
37808,91
37809,37
37810,28
37811,22
37812,27
37813,19
37814,36
37815,572
37816,258
37817,182
37818,146
37819,130
37820,126
37821,199
37822,33
37823,20
37824,23
37825,20
37826,27
37827,26
37828,46
37829,61
37830,19
37831,20
37832,12
37833,16
37834,13
37835,27
37836,82
37837,56
37838,49
37839,40
37840,38
37841,30
37842,50
37843,73
37844,37
37845,34
37846,28
37847,27
37848,23
37849,41
37850,38
37851,34
37852,35
37853,30
37854,29
37855,25
37856,26
37857,127
37858,52
37859,49
37860,43
37861,42
37862,35
37863,59
37864,91
37865,24
37866,19
37867,14
37868,21
37869,19
37870,41
37871,271
37872,122
37873,103
37874,94
37875,90
37876,85
37877,103
37878,43
37879,23
37880,21
37881,18
37882,14
37883,11
37884,19
37885,15
37886,16
37887,20
37888,20
37889,29
37890,38
37891,63
37892,63
37893,59
37894,55
37895,39
37896,26
37897,20
37898,20
37899,341
37900,151
37901,131
37902,115
37903,106
37904,96
37905,144
37906,23
37907,22
37908,20
37909,18
37910,23
37911,19
37912,42
37913,47
37914,42
37915,43
37916,38
37917,39
37918,35
37919,36
37920,87
37921,24
37922,16
37923,12
37924,14
37925,13
37926,33
37927,64
37928,41
37929,41
37930,38
37931,39
37932,36
37933,52
37934,177
37935,101
37936,97
37937,91
37938,82
37939,72
37940,88
37941,0
37942,19
37943,16
37944,13
37945,12
37946,21
37947,30
37948,88
37949,45
37950,37
37951,30
37952,31
37953,25
37954,35
37955,44
37956,18
37957,15
37958,11
37959,17
37960,15
37961,37
37962,85
37963,59
37964,57
37965,54
37966,54
37967,49
37968,62
37969,155
37970,81
37971,73
37972,65
37973,61
37974,48
37975,68
37976,10
37977,19
37978,20
37979,23
37980,20
37981,32
37982,59
37983,114
37984,39
37985,13
37986,15
37987,13
37988,15
37989,17
37990,278
37991,109
37992,81
37993,76
37994,66
37995,60
37996,71
37997,244
37998,52
37999,34
38000,33
38001,22
38002,23
38003,49
38004,159
38005,71
38006,41
38007,43
38008,42
38009,47
38010,45
38011,126
38012,15
38013,11
38014,15
38015,10
38016,28
38017,35
38018,230
38019,70
38020,54
38021,52
38022,49
38023,47
38024,49
38025,226
38026,51
38027,31
38028,33
38029,31
38030,36
38031,39
38032,48
38033,14
38034,4
38035,0
38036,0
38037,0
38038,6
38039,121
38040,41
38041,29
38042,31
38043,28
38044,31
38045,41
38046,99
38047,85
38048,45
38049,43
38050,33
38051,33
38052,38
38053,55
38054,33
38055,13
38056,6
38057,0
38058,0
38059,0
38060,161
38061,18
38062,3
38063,6
38064,2
38065,6
38066,25
38067,382
38068,112
38069,81
38070,70
38071,49
38072,39
38073,126
38074,138
38075,99
38076,66
38077,62
38078,55
38079,52
38080,46
38081,122
38082,58
38083,27
38084,27
38085,23
38086,21
38087,34
38088,261
38089,71
38090,36
38091,36
38092,25
38093,24
38094,35
38095,147
38096,23
38097,20
38098,24
38099,24
38100,58
38101,67
38102,97
38103,27
38104,25
38105,28
38106,33
38107,49
38108,55
38109,152
38110,33
38111,12
38112,12
38113,6
38114,4
38115,8
38116,128
38117,31
38118,15
38119,16
38120,14
38121,18
38122,28
38123,96
38124,30
38125,10
38126,7
38127,1
38128,2
38129,16
38130,209
38131,33
38132,12
38133,10
38134,8
38135,12
38136,29
38137,368
38138,118
38139,84
38140,76
38141,61
38142,51
38143,86
38144,146
38145,25
38146,9
38147,9
38148,5
38149,4
38150,20
38151,234
38152,47
38153,35
38154,36
38155,39
38156,48
38157,60
38158,198
38159,27
38160,7
38161,7
38162,2
38163,8
38164,21
38165,210
38166,23
38167,9
38168,9
38169,6
38170,10
38171,29
38172,112
38173,25
38174,24
38175,32
38176,34
38177,64
38178,67
38179,132
38180,43
38181,21
38182,19
38183,11
38184,10
38185,16
38186,123
38187,38
38188,29
38189,27
38190,23
38191,25
38192,29
38193,56
38194,46
38195,36
38196,32
38197,32
38198,32
38199,29
38200,164
38201,40
38202,21
38203,21
38204,18
38205,22
38206,23
38207,95
38208,20
38209,4
38210,4
38211,1
38212,4
38213,22
38214,81
38215,53
38216,41
38217,41
38218,34
38219,33
38220,37
38221,173
38222,44
38223,23
38224,21
38225,15
38226,20
38227,33
38228,188
38229,43
38230,29
38231,31
38232,29
38233,33
38234,48
38235,871
38236,462
38237,297
38238,195
38239,178
38240,178
38241,295
38242,1217
38243,744
38244,507
38245,423
38246,404
38247,373
38248,515
38249,208
38250,99
38251,70
38252,47
38253,35
38254,37
38255,74
38256,389
38257,136
38258,98
38259,80
38260,77
38261,76
38262,130
38263,57
38264,18
38265,12
38266,1
38267,1
38268,4
38269,24
38270,857
38271,396
38272,236
38273,144
38274,131
38275,137
38276,288
38277,159
38278,103
38279,96
38280,68
38281,61
38282,59
38283,78
38284,216
38285,85
38286,71
38287,41
38288,37
38289,44
38290,93
38291,271
38292,133
38293,107
38294,81
38295,72
38296,65
38297,91
38298,205
38299,136
38300,128
38301,87
38302,77
38303,67
38304,86
38305,109
38306,110
38307,103
38308,75
38309,54
38310,48
38311,43
38312,476
38313,295
38314,223
38315,175
38316,166
38317,164
38318,188
38319,87
38320,42
38321,31
38322,10
38323,6
38324,7
38325,38
38326,23
38327,27
38328,29
38329,14
38330,6
38331,6
38332,12
38333,212
38334,155
38335,148
38336,116
38337,100
38338,89
38339,97
38340,2
38341,35
38342,39
38343,28
38344,27
38345,42
38346,45
38347,342
38348,202
38349,175
38350,140
38351,124
38352,119
38353,139
38354,59
38355,38
38356,33
38357,13
38358,4
38359,2
38360,13
38361,258
38362,114
38363,93
38364,71
38365,65
38366,71
38367,108
38368,181
38369,144
38370,139
38371,98
38372,79
38373,69
38374,71
38375,152
38376,88
38377,82
38378,56
38379,48
38380,47
38381,63
38382,801
38383,429
38384,299
38385,200
38386,185
38387,186
38388,290
38389,35
38390,20
38391,20
38392,5
38393,4
38394,4
38395,18
38396,402
38397,156
38398,109
38399,81
38400,67
38401,64
38402,131
38403,347
38404,150
38405,123
38406,95
38407,82
38408,87
38409,138
38410,152
38411,109
38412,104
38413,74
38414,63
38415,60
38416,72
38417,124
38418,52
38419,48
38420,22
38421,9
38422,7
38423,31
38424,358
38425,139
38426,100
38427,76
38428,68
38429,70
38430,130
38431,451
38432,208
38433,130
38434,103
38435,93
38436,95
38437,168
38438,209
38439,124
38440,91
38441,62
38442,50
38443,51
38444,72
38445,29
38446,33
38447,31
38448,15
38449,5
38450,6
38451,6
38452,479
38453,184
38454,107
38455,81
38456,79
38457,90
38458,175
38459,1217
38460,687
38461,460
38462,383
38463,375
38464,336
38465,512
38466,414
38467,298
38468,258
38469,199
38470,175
38471,166
38472,168
38473,413
38474,168
38475,117
38476,89
38477,77
38478,81
38479,145
38480,190
38481,131
38482,113
38483,82
38484,69
38485,67
38486,78
38487,331
38488,167
38489,142
38490,118
38491,112
38492,109
38493,133
38494,264
38495,100
38496,70
38497,54
38498,52
38499,58
38500,100
38501,57
38502,48
38503,46
38504,23
38505,14
38506,14
38507,19
38508,464
38509,235
38510,167
38511,132
38512,120
38513,120
38514,173
38515,39
38516,59
38517,62
38518,37
38519,23
38520,21
38521,14
38522,189
38523,103
38524,87
38525,56
38526,50
38527,52
38528,72
38529,543
38530,291
38531,201
38532,147
38533,138
38534,139
38535,212
38536,47
38537,44
38538,43
38539,25
38540,30
38541,31
38542,34
38543,327
38544,59
38545,33
38546,17
38547,15
38548,22
38549,82
38550,303
38551,144
38552,116
38553,83
38554,74
38555,71
38556,100
38557,119
38558,77
38559,70
38560,44
38561,34
38562,34
38563,48
38564,237
38565,126
38566,97
38567,73
38568,66
38569,67
38570,93
38571,429
38572,200
38573,142
38574,114
38575,105
38576,106
38577,158
38578,275
38579,115
38580,85
38581,56
38582,51
38583,52
38584,88
38585,50
38586,32
38587,31
38588,19
38589,19
38590,20
38591,24
38592,439
38593,194
38594,129
38595,95
38596,85
38597,86
38598,156
38599,1300
38600,702
38601,435
38602,354
38603,353
38604,329
38605,545
38606,147
38607,97
38608,85
38609,60
38610,49
38611,48
38612,60
38613,205
38614,122
38615,101
38616,66
38617,55
38618,53
38619,63
38620,174
38621,64
38622,59
38623,40
38624,32
38625,31
38626,67
38627,385
38628,153
38629,121
38630,97
38631,92
38632,98
38633,150
38634,447
38635,217
38636,157
38637,120
38638,111
38639,111
38640,166
38641,18
38642,34
38643,37
38644,21
38645,24
38646,33
38647,41
38648,140
38649,45
38650,38
38651,26
38652,27
38653,26
38654,62
38655,189
38656,73
38657,55
38658,31
38659,21
38660,22
38661,57
38662,472
38663,292
38664,209
38665,156
38666,140
38667,134
38668,180
38669,182
38670,116
38671,110
38672,81
38673,70
38674,63
38675,78
38676,97
38677,99
38678,90
38679,64
38680,54
38681,51
38682,47
38683,429
38684,180
38685,122
38686,97
38687,89
38688,90
38689,154
38690,211
38691,141
38692,106
38693,79
38694,63
38695,61
38696,70
38697,488
38698,185
38699,103
38700,77
38701,68
38702,73
38703,163
38704,523
38705,252
38706,175
38707,125
38708,116
38709,119
38710,190
38711,307
38712,158
38713,124
38714,89
38715,79
38716,80
38717,115
38718,144
38719,113
38720,109
38721,72
38722,58
38723,55
38724,57
38725,252
38726,166
38727,148
38728,109
38729,78
38730,68
38731,88
38732,522
38733,291
38734,204
38735,143
38736,129
38737,123
38738,180
38739,12
38740,32
38741,33
38742,29
38743,33
38744,41
38745,41
38746,434
38747,186
38748,121
38749,100
38750,98
38751,103
38752,162
38753,356
38754,162
38755,139
38756,107
38757,101
38758,104
38759,151
38760,134
38761,81
38762,72
38763,41
38764,32
38765,30
38766,51
38767,236
38768,106
38769,77
38770,59
38771,51
38772,52
38773,73
38774,61
38775,36
38776,31
38777,16
38778,13
38779,17
38780,29
38781,119
38782,42
38783,38
38784,21
38785,17
38786,16
38787,40
38788,271
38789,165
38790,137
38791,99
38792,92
38793,91
38794,100
38795,363
38796,212
38797,176
38798,140
38799,119
38800,112
38801,133
38802,489
38803,176
38804,93
38805,72
38806,66
38807,77
38808,172
38809,336
38810,169
38811,143
38812,110
38813,99
38814,100
38815,133
38816,542
38817,357
38818,274
38819,205
38820,187
38821,167
38822,192
38823,177
38824,160
38825,152
38826,120
38827,92
38828,75
38829,73
38830,209
38831,108
38832,89
38833,63
38834,60
38835,61
38836,87
38837,246
38838,128
38839,102
38840,65
38841,55
38842,60
38843,92
38844,223
38845,148
38846,128
38847,88
38848,74
38849,71
38850,80
38851,33
38852,11
38853,10
38854,0
38855,0
38856,0
38857,9
38858,269
38859,177
38860,154
38861,137
38862,121
38863,120
38864,118
38865,164
38866,132
38867,116
38868,93
38869,70
38870,64
38871,66
38872,268
38873,167
38874,139
38875,115
38876,102
38877,98
38878,112
38879,514
38880,232
38881,142
38882,109
38883,99
38884,102
38885,182
38886,198
38887,112
38888,87
38889,56
38890,48
38891,50
38892,72
38893,311
38894,123
38895,98
38896,64
38897,60
38898,69
38899,112
38900,621
38901,601
38902,316
38903,277
38904,208
38905,164
38906,155
38907,745
38908,713
38909,418
38910,356
38911,279
38912,225
38913,201
38914,173
38915,159
38916,91
38917,80
38918,71
38919,51
38920,43
38921,117
38922,88
38923,61
38924,51
38925,45
38926,30
38927,22
38928,408
38929,410
38930,191
38931,170
38932,132
38933,110
38934,101
38935,82
38936,67
38937,62
38938,57
38939,55
38940,44
38941,34
38942,141
38943,124
38944,54
38945,44
38946,41
38947,33
38948,29
38949,652
38950,659
38951,298
38952,257
38953,197
38954,146
38955,148
38956,77
38957,62
38958,53
38959,46
38960,46
38961,37
38962,29
38963,93
38964,67
38965,45
38966,40
38967,42
38968,33
38969,23
38970,168
38971,166
38972,66
38973,58
38974,56
38975,50
38976,43
38977,147
38978,129
38979,74
38980,64
38981,60
38982,46
38983,36
38984,239
38985,215
38986,130
38987,119
38988,103
38989,83
38990,67
38991,84
38992,64
38993,72
38994,65
38995,58
38996,36
38997,26
38998,189
38999,164
39000,102
39001,93
39002,87
39003,76
39004,66
39005,27
39006,19
39007,11
39008,11
39009,9
39010,1
39011,6
39012,193
39013,185
39014,112
39015,107
39016,101
39017,82
39018,71
39019,104
39020,94
39021,55
39022,45
39023,39
39024,31
39025,24
39026,492
39027,465
39028,292
39029,249
39030,199
39031,155
39032,139
39033,84
39034,65
39035,49
39036,42
39037,35
39038,24
39039,16
39040,129
39041,121
39042,61
39043,57
39044,58
39045,49
39046,38
39047,400
39048,396
39049,252
39050,207
39051,172
39052,135
39053,116
39054,73
39055,63
39056,43
39057,40
39058,40
39059,35
39060,26
39061,281
39062,261
39063,138
39064,121
39065,113
39066,99
39067,91
39068,65
39069,56
39070,36
39071,28
39072,31
39073,23
39074,13
39075,433
39076,416
39077,210
39078,176
39079,132
39080,99
39081,88
39082,196
39083,174
39084,85
39085,80
39086,70
39087,61
39088,57
39089,72
39090,44
39091,34
39092,32
39093,33
39094,29
39095,21
39096,81
39097,59
39098,48
39099,41
39100,38
39101,21
39102,13
39103,210
39104,201
39105,97
39106,88
39107,79
39108,64
39109,55
39110,151
39111,133
39112,72
39113,62
39114,56
39115,45
39116,34
39117,158
39118,130
39119,78
39120,69
39121,61
39122,46
39123,38
39124,35
39125,16
39126,10
39127,10
39128,16
39129,17
39130,12
39131,17
39132,5
39133,11
39134,11
39135,11
39136,4
39137,0
39138,394
39139,393
39140,187
39141,169
39142,142
39143,117
39144,115
39145,116
39146,90
39147,71
39148,65
39149,60
39150,50
39151,41
39152,1445
39153,1400
39154,719
39155,605
39156,493
39157,409
39158,407
39159,324
39160,300
39161,211
39162,190
39163,157
39164,126
39165,107
39166,572
39167,570
39168,289
39169,243
39170,190
39171,147
39172,144
39173,71
39174,46
39175,40
39176,38
39177,36
39178,24
39179,15
39180,200
39181,178
39182,115
39183,108
39184,99
39185,76
39186,65
39187,214
39188,187
39189,113
39190,105
39191,101
39192,83
39193,72
39194,363
39195,367
39196,148
39197,125
39198,107
39199,92
39200,91
39201,117
39202,90
39203,63
39204,55
39205,47
39206,33
39207,25
39208,4
39209,12
39210,3
39211,5
39212,3
39213,1
39214,11
39215,591
39216,590
39217,308
39218,265
39219,207
39220,160
39221,151
39222,22
39223,6
39224,14
39225,15
39226,17
39227,14
39228,10
39229,40
39230,18
39231,12
39232,11
39233,16
39234,17
39235,13
39236,30
39237,22
39238,14
39239,16
39240,19
39241,16
39242,14
39243,404
39244,401
39245,202
39246,179
39247,139
39248,111
39249,102
39250,54
39251,38
39252,27
39253,28
39254,30
39255,25
39256,19
39257,69
39258,66
39259,27
39260,23
39261,26
39262,26
39263,19
39264,104
39265,88
39266,62
39267,51
39268,48
39269,31
39270,25
39271,5
39272,2
39273,6
39274,5
39275,3
39276,0
39277,0
39278,153
39279,143
39280,79
39281,71
39282,67
39283,51
39284,41
39285,121
39286,97
39287,66
39288,59
39289,54
39290,40
39291,31
39292,43
39293,24
39294,14
39295,13
39296,15
39297,18
39298,16
39299,606
39300,612
39301,306
39302,263
39303,215
39304,168
39305,161
39306,232
39307,206
39308,98
39309,89
39310,83
39311,65
39312,55
39313,126
39314,96
39315,57
39316,52
39317,50
39318,43
39319,33
39320,190
39321,186
39322,86
39323,77
39324,74
39325,59
39326,49
39327,2446
39328,2153
39329,1273
39330,1095
39331,964
39332,891
39333,886
39334,209
39335,177
39336,103
39337,95
39338,88
39339,69
39340,58
39341,282
39342,264
39343,170
39344,149
39345,135
39346,113
39347,101
39348,107
39349,80
39350,56
39351,48
39352,42
39353,29
39354,19
39355,46
39356,44
39357,19
39358,16
39359,22
39360,20
39361,15
39362,288
39363,284
39364,159
39365,140
39366,129
39367,103
39368,94
39369,312
39370,292
39371,167
39372,145
39373,126
39374,96
39375,84
39376,137
39377,120
39378,80
39379,73
39380,69
39381,64
39382,52
39383,56
39384,49
39385,31
39386,28
39387,29
39388,20
39389,12
39390,584
39391,553
39392,363
39393,324
39394,251
39395,206
39396,188
39397,139
39398,112
39399,53
39400,44
39401,41
39402,41
39403,34
39404,80
39405,65
39406,39
39407,31
39408,31
39409,27
39410,20
39411,209
39412,177
39413,109
39414,101
39415,94
39416,78
39417,67
39418,178
39419,162
39420,109
39421,103
39422,98
39423,86
39424,73
39425,19
39426,27
39427,6
39428,7
39429,7
39430,15
39431,30
39432,390
39433,377
39434,240
39435,213
39436,156
39437,132
39438,120
39439,306
39440,306
39441,142
39442,120
39443,107
39444,87
39445,79
39446,197
39447,170
39448,106
39449,98
39450,86
39451,62
39452,54
39453,19
39454,5
39455,6
39456,7
39457,8
39458,7
39459,10
39460,542
39461,548
39462,260
39463,212
39464,164
39465,120
39466,119
39467,909
39468,902
39469,415
39470,336
39471,277
39472,235
39473,232
39474,42
39475,37
39476,30
39477,27
39478,30
39479,19
39480,12
39481,220
39482,190
39483,127
39484,116
39485,106
39486,79
39487,66
39488,106
39489,94
39490,63
39491,51
39492,44
39493,35
39494,27
39495,68
39496,52
39497,53
39498,45
39499,43
39500,26
39501,17
39502,522
39503,504
39504,290
39505,240
39506,192
39507,145
39508,134
39509,177
39510,164
39511,79
39512,72
39513,68
39514,60
39515,50
39516,237
39517,230
39518,107
39519,100
39520,98
39521,85
39522,77
39523,245
39524,218
39525,108
39526,102
39527,96
39528,85
39529,74
39530,28
39531,14
39532,17
39533,16
39534,19
39535,11
39536,7
39537,55
39538,33
39539,19
39540,19
39541,21
39542,19
39543,12
39544,29
39545,21
39546,6
39547,6
39548,12
39549,18
39550,16
39551,162
39552,148
39553,66
39554,56
39555,49
39556,42
39557,37
39558,371
39559,345
39560,196
39561,177
39562,144
39563,119
39564,102
39565,41
39566,25
39567,21
39568,20
39569,22
39570,14
39571,7
39572,492
39573,483
39574,296
39575,253
39576,204
39577,166
39578,151
39579,44
39580,31
39581,38
39582,33
39583,32
39584,25
39585,15
39586,360
39587,348
39588,218
39589,196
39590,153
39591,120
39592,105
39593,286
39594,281
39595,122
39596,102
39597,91
39598,76
39599,75
39600,248
39601,226
39602,144
39603,131
39604,119
39605,89
39606,74
39607,320
39608,297
39609,170
39610,147
39611,135
39612,110
39613,97
39614,299
39615,270
39616,177
39617,150
39618,131
39619,95
39620,82
39621,265
39622,259
39623,145
39624,121
39625,109
39626,86
39627,79
39628,81
39629,63
39630,38
39631,32
39632,34
39633,32
39634,23
39635,79
39636,68
39637,52
39638,46
39639,46
39640,34
39641,25
39642,0
39643,9
39644,0
39645,0
39646,0
39647,0
39648,9
39649,235
39650,209
39651,158
39652,141
39653,126
39654,104
39655,89
39656,197
39657,172
39658,136
39659,125
39660,109
39661,79
39662,65
39663,129
39664,110
39665,72
39666,70
39667,70
39668,61
39669,51
39670,414
39671,426
39672,206
39673,189
39674,149
39675,117
39676,106
39677,152
39678,121
39679,72
39680,63
39681,56
39682,41
39683,32
39684,242
39685,221
39686,163
39687,149
39688,131
39689,97
39690,82
39691,76
39692,64
39693,26
39694,24
39695,28
39696,31
39697,23
39698,82
39699,57
39700,29
39701,28
39702,34
39703,39
39704,33
39705,51
39706,44
39707,19
39708,16
39709,22
39710,24
39711,19
39712,187
39713,158
39714,100
39715,94
39716,89
39717,76
39718,66
39719,184
39720,177
39721,83
39722,73
39723,69
39724,56
39725,49
39726,210
39727,185
39728,99
39729,93
39730,85
39731,72
39732,60
39733,139
39734,130
39735,66
39736,60
39737,56
39738,50
39739,40
39740,130
39741,115
39742,65
39743,61
39744,63
39745,57
39746,49
39747,128
39748,122
39749,61
39750,58
39751,62
39752,52
39753,42
39754,91
39755,83
39756,49
39757,42
39758,43
39759,33
39760,24
39761,79
39762,76
39763,29
39764,22
39765,25
39766,27
39767,21
39768,238
39769,235
39770,110
39771,103
39772,97
39773,79
39774,71
39775,307
39776,303
39777,164
39778,139
39779,112
39780,89
39781,80
39782,82
39783,81
39784,43
39785,38
39786,40
39787,32
39788,23
39789,100
39790,100
39791,38
39792,35
39793,40
39794,35
39795,27
39796,136
39797,132
39798,66
39799,63
39800,63
39801,53
39802,43
39803,162
39804,136
39805,77
39806,69
39807,67
39808,53
39809,44
39810,166
39811,150
39812,99
39813,92
39814,87
39815,71
39816,59
39817,124
39818,107
39819,69
39820,65
39821,66
39822,52
39823,42
39824,127
39825,64
39826,55
39827,51
39828,65
39829,49
39830,46
39831,381
39832,174
39833,132
39834,122
39835,160
39836,125
39837,136
39838,137
39839,34
39840,26
39841,19
39842,50
39843,24
39844,44
39845,20
39846,23
39847,26
39848,25
39849,36
39850,45
39851,41
39852,64
39853,39
39854,38
39855,36
39856,77
39857,48
39858,36
39859,111
39860,91
39861,78
39862,70
39863,83
39864,70
39865,58
39866,42
39867,41
39868,33
39869,23
39870,24
39871,24
39872,15
39873,84
39874,34
39875,30
39876,28
39877,70
39878,34
39879,30
39880,33
39881,15
39882,16
39883,10
39884,15
39885,14
39886,14
39887,36
39888,49
39889,41
39890,37
39891,40
39892,43
39893,36
39894,17
39895,25
39896,26
39897,30
39898,34
39899,60
39900,60
39901,22
39902,23
39903,21
39904,18
39905,19
39906,18
39907,12
39908,0
39909,18
39910,7
39911,3
39912,3
39913,11
39914,13
39915,70
39916,8
39917,7
39918,2
39919,36
39920,11
39921,27
39922,397
39923,135
39924,96
39925,86
39926,139
39927,90
39928,142
39929,80
39930,93
39931,80
39932,70
39933,82
39934,66
39935,43
39936,367
39937,126
39938,87
39939,83
39940,142
39941,100
39942,131
39943,30
39944,26
39945,22
39946,19
39947,25
39948,27
39949,19
39950,145
39951,41
39952,36
39953,35
39954,73
39955,42
39956,73
39957,14
39958,13
39959,2
39960,0
39961,0
39962,0
39963,0
39964,50
39965,35
39966,32
39967,29
39968,40
39969,36
39970,34
39971,29
39972,22
39973,8
39974,4
39975,23
39976,7
39977,5
39978,42
39979,40
39980,32
39981,23
39982,35
39983,31
39984,27
39985,95
39986,12
39987,3
39988,0
39989,35
39990,20
39991,52
39992,11
39993,28
39994,21
39995,23
39996,27
39997,52
39998,57
39999,0
40000,17
40001,15
40002,15
40003,15
40004,22
40005,18
40006,16
40007,22
40008,22
40009,25
40010,56
40011,62
40012,76
40013,6
40014,19
40015,17
40016,21
40017,35
40018,39
40019,36
40020,19
40021,19
40022,20
40023,22
40024,36
40025,61
40026,57
40027,745
40028,304
40029,158
40030,105
40031,163
40032,134
40033,294
40034,45
40035,32
40036,24
40037,17
40038,34
40039,17
40040,10
40041,149
40042,97
40043,88
40044,83
40045,111
40046,91
40047,75
40048,130
40049,64
40050,59
40051,50
40052,66
40053,46
40054,47
40055,89
40056,100
40057,84
40058,69
40059,72
40060,57
40061,34
40062,31
40063,46
40064,37
40065,40
40066,58
40067,80
40068,84
40069,129
40070,92
40071,82
40072,70
40073,86
40074,60
40075,52
40076,110
40077,21
40078,14
40079,9
40080,65
40081,32
40082,46
40083,88
40084,11
40085,5
40086,2
40087,57
40088,25
40089,47
40090,512
40091,171
40092,88
40093,83
40094,132
40095,102
40096,173
40097,93
40098,76
40099,61
40100,48
40101,72
40102,41
40103,32
40104,38
40105,20
40106,15
40107,11
40108,16
40109,8
40110,11
40111,260
40112,131
40113,100
40114,89
40115,112
40116,92
40117,98
40118,54
40119,17
40120,20
40121,21
40122,63
40123,41
40124,40
40125,43
40126,28
40127,28
40128,22
40129,40
40130,31
40131,24
40132,77
40133,75
40134,68
40135,62
40136,71
40137,51
40138,44
40139,45
40140,49
40141,47
40142,35
40143,31
40144,30
40145,29
40146,41
40147,0
40148,0
40149,0
40150,16
40151,6
40152,22
40153,109
40154,64
40155,50
40156,48
40157,70
40158,52
40159,53
40160,25
40161,15
40162,14
40163,16
40164,23
40165,23
40166,13
40167,38
40168,70
40169,53
40170,36
40171,25
40172,21
40173,3
40174,50
40175,28
40176,15
40177,11
40178,45
40179,21
40180,21
40181,28
40182,31
40183,32
40184,29
40185,43
40186,32
40187,24
40188,50
40189,41
40190,42
40191,37
40192,49
40193,44
40194,42
40195,86
40196,35
40197,30
40198,25
40199,35
40200,31
40201,38
40202,10
40203,20
40204,23
40205,27
40206,23
40207,32
40208,42
40209,156
40210,128
40211,107
40212,150
40213,103
40214,92
40215,64
40216,214
40217,184
40218,152
40219,204
40220,148
40221,132
40222,111
40223,9
40224,11
40225,0
40226,2
40227,13
40228,23
40229,22
40230,17
40231,9
40232,1
40233,36
40234,47
40235,64
40236,63
40237,92
40238,82
40239,52
40240,119
40241,98
40242,113
40243,92
40244,235
40245,206
40246,160
40247,214
40248,166
40249,167
40250,117
40251,69
40252,50
40253,55
40254,97
40255,81
40256,88
40257,86
40258,65
40259,54
40260,46
40261,95
40262,81
40263,96
40264,71
40265,135
40266,115
40267,65
40268,105
40269,95
40270,88
40271,84
40272,130
40273,121
40274,96
40275,165
40276,126
40277,131
40278,108
40279,26
40280,21
40281,12
40282,22
40283,42
40284,50
40285,49
40286,133
40287,111
40288,76
40289,115
40290,94
40291,101
40292,78
40293,161
40294,145
40295,106
40296,154
40297,127
40298,127
40299,102
40300,49
40301,36
40302,19
40303,44
40304,57
40305,65
40306,63
40307,35
40308,18
40309,0
40310,40
40311,31
40312,47
40313,51
40314,121
40315,107
40316,59
40317,99
40318,83
40319,76
40320,72
40321,173
40322,139
40323,114
40324,170
40325,140
40326,124
40327,91
40328,61
40329,44
40330,11
40331,37
40332,31
40333,33
40334,31
40335,88
40336,64
40337,28
40338,37
40339,39
40340,44
40341,43
40342,105
40343,81
40344,73
40345,128
40346,110
40347,119
40348,100
40349,64
40350,46
40351,32
40352,63
40353,69
40354,91
40355,89
40356,59
40357,58
40358,33
40359,86
40360,89
40361,96
40362,96
40363,73
40364,56
40365,28
40366,42
40367,33
40368,43
40369,41
40370,131
40371,106
40372,72
40373,130
40374,115
40375,112
40376,64
40377,39
40378,27
40379,14
40380,40
40381,44
40382,61
40383,65
40384,251
40385,222
40386,182
40387,224
40388,201
40389,202
40390,147
40391,94
40392,77
40393,70
40394,124
40395,103
40396,113
40397,113
40398,97
40399,80
40400,44
40401,101
40402,66
40403,62
40404,58
40405,158
40406,141
40407,113
40408,159
40409,120
40410,115
40411,90
40412,17
40413,18
40414,14
40415,64
40416,60
40417,73
40418,75
40419,66
40420,49
40421,16
40422,55
40423,53
40424,63
40425,61
40426,12
40427,13
40428,10
40429,20
40430,26
40431,37
40432,37
40433,137
40434,110
40435,85
40436,119
40437,97
40438,93
40439,91
40440,49
40441,37
40442,26
40443,66
40444,68
40445,83
40446,83
40447,13
40448,8
40449,5
40450,36
40451,48
40452,64
40453,65
40454,129
40455,116
40456,77
40457,123
40458,81
40459,72
40460,55
40461,82
40462,71
40463,61
40464,106
40465,122
40466,135
40467,115
40468,74
40469,53
40470,18
40471,56
40472,64
40473,75
40474,69
40475,41
40476,29
40477,18
40478,41
40479,49
40480,57
40481,59
40482,54
40483,37
40484,16
40485,49
40486,67
40487,83
40488,84
40489,27
40490,22
40491,22
40492,52
40493,56
40494,68
40495,52
40496,165
40497,139
40498,88
40499,143
40500,107
40501,104
40502,72
40503,127
40504,88
40505,66
40506,104
40507,63
40508,66
40509,44
40510,33
40511,23
40512,10
40513,47
40514,78
40515,94
40516,95
40517,313
40518,268
40519,213
40520,248
40521,225
40522,233
40523,179
40524,97
40525,68
40526,26
40527,54
40528,34
40529,40
40530,38
40531,68
40532,44
40533,34
40534,67
40535,62
40536,67
40537,69
40538,38
40539,34
40540,17
40541,59
40542,88
40543,110
40544,113
40545,173
40546,151
40547,125
40548,143
40549,99
40550,90
40551,76
40552,42
40553,27
40554,12
40555,82
40556,86
40557,96
40558,77
40559,128
40560,110
40561,90
40562,148
40563,106
40564,103
40565,78
40566,35
40567,22
40568,13
40569,59
40570,79
40571,97
40572,98
40573,24
40574,12
40575,8
40576,25
40577,38
40578,53
40579,51
40580,59
40581,55
40582,42
40583,92
40584,96
40585,107
40586,92
40587,137
40588,118
40589,87
40590,139
40591,84
40592,85
40593,77
40594,153
40595,116
40596,89
40597,152
40598,122
40599,127
40600,78
40601,269
40602,222
40603,167
40604,208
40605,206
40606,197
40607,167
40608,112
40609,83
40610,41
40611,77
40612,64
40613,63
40614,60
40615,25
40616,23
40617,17
40618,40
40619,52
40620,57
40621,55
40622,49
40623,30
40624,17
40625,63
40626,59
40627,64
40628,65
40629,244
40630,203
40631,168
40632,212
40633,156
40634,145
40635,92
40636,72
40637,66
40638,36
40639,48
40640,54
40641,60
40642,53
40643,43
40644,31
40645,13
40646,56
40647,61
40648,81
40649,79
40650,16
40651,16
40652,8
40653,32
40654,32
40655,49
40656,49
40657,13
40658,10
40659,6
40660,28
40661,33
40662,48
40663,52
40664,31
40665,13
40666,0
40667,14
40668,32
40669,37
40670,37
40671,143
40672,121
40673,76
40674,119
40675,105
40676,97
40677,69
40678,46
40679,45
40680,33
40681,93
40682,83
40683,93
40684,72
40685,49
40686,39
40687,25
40688,61
40689,75
40690,89
40691,89
40692,75
40693,60
40694,43
40695,108
40696,114
40697,119
40698,95
40699,111
40700,92
40701,55
40702,62
40703,75
40704,70
40705,57
40706,147
40707,117
40708,95
40709,146
40710,101
40711,92
40712,67
40713,114
40714,89
40715,56
40716,74
40717,55
40718,48
40719,43
40720,124
40721,109
40722,75
40723,129
40724,84
40725,81
40726,57
40727,22
40728,24
40729,14
40730,36
40731,43
40732,62
40733,62
40734,39
40735,39
40736,17
40737,55
40738,78
40739,97
40740,96
40741,137
40742,124
40743,95
40744,138
40745,107
40746,104
40747,93
40748,39
40749,36
40750,23
40751,68
40752,62
40753,73
40754,71
40755,123
40756,99
40757,55
40758,112
40759,80
40760,79
40761,59
40762,25
40763,22
40764,19
40765,37
40766,55
40767,71
40768,68
40769,9
40770,15
40771,11
40772,51
40773,75
40774,92
40775,96
40776,326
40777,159
40778,133
40779,131
40780,115
40781,108
40782,136
40783,523
40784,296
40785,218
40786,193
40787,171
40788,151
40789,196
40790,141
40791,49
40792,41
40793,31
40794,23
40795,16
40796,47
40797,16
40798,11
40799,10
40800,18
40801,13
40802,5
40803,11
40804,275
40805,104
40806,84
40807,78
40808,75
40809,68
40810,102
40811,847
40812,377
40813,235
40814,173
40815,157
40816,150
40817,288
40818,63
40819,41
40820,38
40821,35
40822,34
40823,26
40824,36
40825,167
40826,47
40827,38
40828,38
40829,35
40830,34
40831,76
40832,31
40833,23
40834,23
40835,25
40836,23
40837,15
40838,17
40839,193
40840,102
40841,91
40842,89
40843,79
40844,66
40845,86
40846,52
40847,57
40848,57
40849,57
40850,41
40851,33
40852,29
40853,150
40854,94
40855,88
40856,84
40857,77
40858,67
40859,74
40860,64
40861,19
40862,14
40863,12
40864,6
40865,2
40866,30
40867,95
40868,58
40869,51
40870,37
40871,28
40872,22
40873,33
40874,468
40875,265
40876,217
40877,193
40878,172
40879,151
40880,177
40881,18
40882,22
40883,22
40884,42
40885,37
40886,40
40887,44
40888,298
40889,184
40890,159
40891,153
40892,126
40893,111
40894,127
40895,51
40896,29
40897,28
40898,34
40899,29
40900,21
40901,31
40902,103
40903,54
40904,47
40905,35
40906,27
40907,17
40908,32
40909,223
40910,106
40911,85
40912,82
40913,76
40914,74
40915,108
40916,403
40917,222
40918,183
40919,163
40920,142
40921,124
40922,144
40923,110
40924,60
40925,54
40926,50
40927,45
40928,37
40929,53
40930,462
40931,243
40932,184
40933,166
40934,158
40935,145
40936,186
40937,145
40938,60
40939,51
40940,45
40941,42
40942,34
40943,55
40944,381
40945,145
40946,104
40947,91
40948,75
40949,68
40950,128
40951,222
40952,111
40953,103
40954,100
40955,83
40956,67
40957,106
40958,80
40959,56
40960,53
40961,52
40962,44
40963,38
40964,45
40965,181
40966,85
40967,61
40968,48
40969,32
40970,25
40971,52
40972,320
40973,113
40974,91
40975,86
40976,77
40977,70
40978,116
40979,95
40980,49
40981,43
40982,39
40983,35
40984,26
40985,39
40986,132
40987,77
40988,70
40989,61
40990,50
40991,40
40992,57
40993,56
40994,43
40995,37
40996,26
40997,14
40998,10
40999,11
41000,308
41001,112
41002,89
41003,87
41004,85
41005,79
41006,124
41007,98
41008,77
41009,75
41010,68
41011,61
41012,54
41013,51
41014,861
41015,429
41016,278
41017,206
41018,189
41019,166
41020,294
41021,356
41022,234
41023,202
41024,184
41025,157
41026,144
41027,156
41028,127
41029,56
41030,52
41031,55
41032,56
41033,49
41034,70
41035,32
41036,31
41037,32
41038,30
41039,25
41040,19
41041,22
41042,62
41043,53
41044,47
41045,45
41046,35
41047,29
41048,30
41049,73
41050,55
41051,52
41052,52
41053,51
41054,41
41055,42
41056,82
41057,26
41058,23
41059,30
41060,35
41061,32
41062,56
41063,35
41064,24
41065,20
41066,19
41067,10
41068,3
41069,8
41070,73
41071,50
41072,44
41073,37
41074,27
41075,20
41076,24
41077,372
41078,160
41079,135
41080,135
41081,117
41082,109
41083,143
41084,27
41085,39
41086,40
41087,40
41088,26
41089,20
41090,15
41091,37
41092,18
41093,18
41094,19
41095,23
41096,17
41097,23
41098,441
41099,220
41100,163
41101,142
41102,128
41103,113
41104,160
41105,129
41106,72
41107,65
41108,60
41109,51
41110,42
41111,51
41112,285
41113,78
41114,49
41115,43
41116,42
41117,43
41118,93
41119,51
41120,54
41121,47
41122,35
41123,21
41124,12
41125,9
41126,159
41127,85
41128,78
41129,74
41130,64
41131,53
41132,73
41133,64
41134,42
41135,39
41136,32
41137,26
41138,19
41139,29
41140,436
41141,175
41142,123
41143,118
41144,104
41145,97
41146,154
41147,330
41148,124
41149,90
41150,83
41151,76
41152,67
41153,111
41154,278
41155,110
41156,85
41157,78
41158,72
41159,64
41160,101
41161,1174
41162,650
41163,442
41164,371
41165,381
41166,314
41167,476
41168,114
41169,68
41170,63
41171,59
41172,52
41173,40
41174,55
41175,77
41176,56
41177,49
41178,40
41179,30
41180,19
41181,21
41182,350
41183,130
41184,110
41185,107
41186,104
41187,102
41188,144
41189,296
41190,124
41191,97
41192,95
41193,86
41194,84
41195,110
41196,115
41197,53
41198,44
41199,40
41200,31
41201,21
41202,43
41203,349
41204,260
41205,236
41206,202
41207,175
41208,151
41209,154
41210,162
41211,69
41212,61
41213,55
41214,41
41215,29
41216,55
41217,197
41218,120
41219,113
41220,104
41221,87
41222,75
41223,88
41224,329
41225,216
41226,184
41227,171
41228,150
41229,134
41230,144
41231,49
41232,26
41233,21
41234,20
41235,24
41236,20
41237,26
41238,58
41239,49
41240,51
41241,57
41242,49
41243,42
41244,40
41245,393
41246,153
41247,118
41248,103
41249,93
41250,83
41251,150
41252,90
41253,70
41254,64
41255,61
41256,47
41257,35
41258,41
41259,19
41260,9
41261,10
41262,24
41263,19
41264,11
41265,21
41266,357
41267,120
41268,87
41269,83
41270,76
41271,73
41272,142
41273,313
41274,131
41275,109
41276,105
41277,101
41278,96
41279,122
41280,225
41281,109
41282,85
41283,82
41284,70
41285,64
41286,91
41287,188
41288,122
41289,112
41290,103
41291,84
41292,70
41293,75
41294,73
41295,38
41296,33
41297,27
41298,23
41299,17
41300,26
41301,149
41302,104
41303,96
41304,80
41305,57
41306,43
41307,51
41308,665
41309,352
41310,247
41311,200
41312,187
41313,153
41314,228
41315,343
41316,155
41317,130
41318,125
41319,121
41320,115
41321,147
41322,70
41323,39
41324,39
41325,34
41326,26
41327,20
41328,37
41329,92
41330,53
41331,46
41332,41
41333,33
41334,24
41335,28
41336,190
41337,84
41338,73
41339,70
41340,62
41341,57
41342,82
41343,225
41344,132
41345,112
41346,109
41347,91
41348,84
41349,97
41350,191
41351,138
41352,131
41353,127
41354,108
41355,93
41356,87
41357,135
41358,102
41359,98
41360,92
41361,75
41362,62
41363,64
41364,210
41365,70
41366,52
41367,49
41368,44
41369,45
41370,87
41371,327
41372,157
41373,128
41374,123
41375,111
41376,105
41377,136
41378,445
41379,271
41380,230
41381,201
41382,177
41383,162
41384,170
41385,166
41386,138
41387,128
41388,111
41389,84
41390,70
41391,65
41392,275
41393,122
41394,93
41395,87
41396,87
41397,79
41398,106
41399,319
41400,169
41401,142
41402,130
41403,110
41404,96
41405,121
41406,0
41407,2
41408,2
41409,8
41410,5
41411,6
41412,12
41413,176
41414,137
41415,128
41416,110
41417,85
41418,70
41419,71
41420,425
41421,164
41422,115
41423,116
41424,102
41425,94
41426,157
41427,141
41428,72
41429,65
41430,58
41431,48
41432,41
41433,58
41434,30
41435,31
41436,30
41437,30
41438,22
41439,19
41440,17
41441,328
41442,112
41443,84
41444,77
41445,70
41446,72
41447,126
41448,112
41449,163
41450,157
41451,139
41452,146
41453,156
41454,171
41455,133
41456,170
41457,172
41458,151
41459,162
41460,172
41461,191
41462,59
41463,48
41464,52
41465,62
41466,79
41467,126
41468,132
41469,126
41470,150
41471,147
41472,142
41473,152
41474,169
41475,163
41476,0
41477,26
41478,25
41479,13
41480,10
41481,48
41482,51
41483,56
41484,138
41485,138
41486,119
41487,123
41488,147
41489,165
41490,140
41491,159
41492,150
41493,149
41494,172
41495,187
41496,199
41497,43
41498,53
41499,48
41500,31
41501,51
41502,76
41503,83
41504,13
41505,62
41506,51
41507,28
41508,42
41509,71
41510,67
41511,43
41512,108
41513,108
41514,113
41515,125
41516,153
41517,179
41518,30
41519,72
41520,68
41521,65
41522,83
41523,125
41524,149
41525,13
41526,87
41527,82
41528,47
41529,49
41530,71
41531,62
41532,122
41533,152
41534,152
41535,152
41536,168
41537,172
41538,196
41539,74
41540,136
41541,138
41542,131
41543,138
41544,151
41545,166
41546,65
41547,106
41548,111
41549,106
41550,122
41551,147
41552,181
41553,26
41554,43
41555,46
41556,53
41557,67
41558,87
41559,82
41560,57
41561,107
41562,97
41563,106
41564,122
41565,166
41566,188
41567,52
41568,97
41569,90
41570,90
41571,84
41572,118
41573,153
41574,23
41575,43
41576,57
41577,46
41578,60
41579,85
41580,111
41581,49
41582,98
41583,93
41584,86
41585,99
41586,135
41587,166
41588,22
41589,54
41590,46
41591,26
41592,36
41593,81
41594,99
41595,142
41596,184
41597,176
41598,175
41599,178
41600,184
41601,208
41602,20
41603,77
41604,58
41605,32
41606,49
41607,83
41608,109
41609,32
41610,73
41611,71
41612,49
41613,58
41614,72
41615,98
41616,71
41617,92
41618,87
41619,107
41620,133
41621,174
41622,198
41623,51
41624,78
41625,80
41626,70
41627,87
41628,133
41629,149
41630,73
41631,98
41632,106
41633,94
41634,99
41635,125
41636,156
41637,114
41638,149
41639,135
41640,132
41641,144
41642,158
41643,185
41644,92
41645,139
41646,130
41647,118
41648,131
41649,142
41650,168
41651,15
41652,44
41653,41
41654,45
41655,63
41656,101
41657,98
41658,103
41659,132
41660,134
41661,100
41662,107
41663,126
41664,155
41665,35
41666,71
41667,65
41668,29
41669,26
41670,42
41671,76
41672,22
41673,102
41674,99
41675,86
41676,89
41677,103
41678,119
41679,37
41680,60
41681,64
41682,45
41683,54
41684,100
41685,102
41686,1
41687,49
41688,43
41689,14
41690,14
41691,39
41692,43
41693,66
41694,137
41695,131
41696,114
41697,129
41698,141
41699,159
41700,7
41701,22
41702,26
41703,33
41704,42
41705,78
41706,76
41707,398
41708,172
41709,133
41710,123
41711,109
41712,111
41713,142
41714,625
41715,347
41716,244
41717,196
41718,180
41719,172
41720,216
41721,24
41722,10
41723,11
41724,3
41725,1
41726,3
41727,11
41728,76
41729,45
41730,36
41731,26
41732,19
41733,17
41734,26
41735,105
41736,37
41737,34
41738,29
41739,32
41740,30
41741,51
41742,70
41743,15
41744,9
41745,1
41746,4
41747,5
41748,29
41749,728
41750,307
41751,171
41752,121
41753,115
41754,118
41755,239
41756,184
41757,121
41758,110
41759,97
41760,81
41761,77
41762,83
41763,56
41764,34
41765,29
41766,21
41767,19
41768,19
41769,26
41770,157
41771,41
41772,32
41773,26
41774,23
41775,29
41776,69
41777,205
41778,105
41779,80
41780,66
41781,58
41782,54
41783,73
41784,35
41785,19
41786,20
41787,12
41788,23
41789,23
41790,21
41791,59
41792,74
41793,66
41794,53
41795,35
41796,31
41797,18
41798,264
41799,138
41800,115
41801,106
41802,103
41803,95
41804,108
41805,73
41806,24
41807,17
41808,9
41809,4
41810,8
41811,32
41812,18
41813,16
41814,17
41815,9
41816,5
41817,7
41818,9
41819,281
41820,154
41821,128
41822,116
41823,106
41824,104
41825,114
41826,47
41827,20
41828,19
41829,10
41830,7
41831,6
41832,18
41833,189
41834,131
41835,119
41836,106
41837,87
41838,83
41839,90
41840,22
41841,12
41842,14
41843,7
41844,8
41845,8
41846,13
41847,218
41848,98
41849,78
41850,69
41851,63
41852,68
41853,100
41854,153
41855,102
41856,96
41857,82
41858,65
41859,59
41860,58
41861,1
41862,8
41863,9
41864,7
41865,14
41866,32
41867,36
41868,517
41869,265
41870,184
41871,159
41872,153
41873,153
41874,203
41875,135
41876,56
41877,48
41878,38
41879,35
41880,34
41881,52
41882,160
41883,72
41884,63
41885,51
41886,39
41887,34
41888,57
41889,100
41890,63
41891,54
41892,44
41893,36
41894,35
41895,44
41896,25
41897,18
41898,20
41899,7
41900,0
41901,0
41902,5
41903,347
41904,120
41905,91
41906,78
41907,68
41908,68
41909,121
41910,115
41911,58
41912,52
41913,40
41914,37
41915,35
41916,47
41917,237
41918,112
41919,83
41920,69
41921,59
41922,59
41923,77
41924,9
41925,10
41926,12
41927,13
41928,23
41929,40
41930,41
41931,16
41932,18
41933,19
41934,10
41935,4
41936,6
41937,3
41938,509
41939,189
41940,100
41941,84
41942,82
41943,91
41944,179
41945,161
41946,108
41947,102
41948,89
41949,77
41950,73
41951,72
41952,1843
41953,910
41954,782
41955,661
41956,617
41957,573
41958,839
41959,221
41960,157
41961,141
41962,123
41963,104
41964,102
41965,98
41966,698
41967,320
41968,198
41969,136
41970,131
41971,135
41972,227
41973,151
41974,88
41975,80
41976,67
41977,57
41978,55
41979,62
41980,401
41981,224
41982,177
41983,157
41984,138
41985,133
41986,146
41987,100
41988,62
41989,57
41990,50
41991,50
41992,46
41993,51
41994,159
41995,55
41996,50
41997,45
41998,45
41999,45
42000,71
42001,31
42002,25
42003,24
42004,11
42005,4
42006,3
42007,7
42008,0
42009,5
42010,6
42011,4
42012,5
42013,17
42014,18
42015,250
42016,132
42017,116
42018,104
42019,89
42020,86
42021,100
42022,44
42023,48
42024,46
42025,33
42026,21
42027,20
42028,12
42029,63
42030,35
42031,28
42032,21
42033,19
42034,19
42035,28
42036,652
42037,328
42038,206
42039,161
42040,153
42041,150
42042,222
42043,150
42044,87
42045,81
42046,69
42047,60
42048,56
42049,65
42050,213
42051,61
42052,40
42053,28
42054,24
42055,30
42056,75
42057,23
42058,25
42059,27
42060,20
42061,23
42062,23
42063,17
42064,281
42065,116
42066,87
42067,73
42068,65
42069,67
42070,97
42071,92
42072,50
42073,43
42074,33
42075,26
42076,27
42077,36
42078,63
42079,28
42080,23
42081,15
42082,21
42083,24
42084,30
42085,540
42086,252
42087,172
42088,146
42089,138
42090,144
42091,214
42092,518
42093,238
42094,147
42095,113
42096,109
42097,109
42098,187
42099,111
42100,56
42101,51
42102,44
42103,43
42104,42
42105,48
42106,221
42107,87
42108,69
42109,57
42110,51
42111,51
42112,88
42113,2926
42114,1439
42115,1308
42116,1230
42117,1179
42118,1110
42119,1731
42120,122
42121,71
42122,63
42123,55
42124,46
42125,43
42126,53
42127,499
42128,276
42129,193
42130,164
42131,152
42132,156
42133,189
42134,78
42135,55
42136,47
42137,32
42138,24
42139,22
42140,24
42141,212
42142,117
42143,108
42144,97
42145,83
42146,76
42147,85
42148,245
42149,135
42150,113
42151,104
42152,102
42153,101
42154,102
42155,183
42156,152
42157,145
42158,129
42159,104
42160,95
42161,90
42162,61
42163,13
42164,9
42165,3
42166,15
42167,17
42168,37
42169,235
42170,133
42171,111
42172,97
42173,84
42174,83
42175,90
42176,270
42177,158
42178,136
42179,122
42180,115
42181,113
42182,111
42183,59
42184,28
42185,24
42186,15
42187,18
42188,20
42189,24
42190,33
42191,25
42192,26
42193,16
42194,19
42195,22
42196,14
42197,754
42198,323
42199,195
42200,130
42201,126
42202,126
42203,234
42204,145
42205,96
42206,87
42207,75
42208,56
42209,47
42210,55
42211,1
42212,6
42213,8
42214,6
42215,14
42216,20
42217,22
42218,688
42219,264
42220,139
42221,99
42222,91
42223,98
42224,213
42225,877
42226,422
42227,265
42228,186
42229,180
42230,185
42231,308
42232,46
42233,23
42234,22
42235,14
42236,10
42237,10
42238,15
42239,139
42240,87
42241,80
42242,68
42243,54
42244,52
42245,54
42246,66
42247,28
42248,22
42249,13
42250,10
42251,12
42252,20
42253,107
42254,78
42255,69
42256,50
42257,35
42258,32
42259,29
42260,928
42261,533
42262,390
42263,307
42264,291
42265,271
42266,368
42267,127
42268,56
42269,46
42270,39
42271,38
42272,36
42273,54
42274,231
42275,105
42276,86
42277,82
42278,78
42279,80
42280,104
42281,229
42282,102
42283,81
42284,76
42285,72
42286,75
42287,101
42288,102
42289,55
42290,48
42291,33
42292,27
42293,25
42294,42
42295,67
42296,38
42297,34
42298,25
42299,25
42300,24
42301,25
42302,133
42303,48
42304,38
42305,29
42306,25
42307,28
42308,48
42309,24
42310,0
42311,1
42312,0
42313,4
42314,8
42315,11
42316,292
42317,141
42318,115
42319,101
42320,94
42321,95
42322,104
42323,330
42324,178
42325,149
42326,134
42327,123
42328,116
42329,124
42330,58
42331,57
42332,57
42333,43
42334,34
42335,31
42336,24
42337,407
42338,136
42339,83
42340,77
42341,68
42342,75
42343,145
42344,199
42345,113
42346,104
42347,95
42348,86
42349,83
42350,93
42351,483
42352,306
42353,225
42354,188
42355,174
42356,167
42357,195
42358,99
42359,88
42360,82
42361,65
42362,48
42363,43
42364,36
42365,498
42366,220
42367,128
42368,109
42369,104
42370,107
42371,178
42372,21
42373,8
42374,10
42375,11
42376,20
42377,23
42378,23
42379,226
42380,126
42381,100
42382,84
42383,72
42384,71
42385,81
42386,0
42387,0
42388,0
42389,0
42390,2
42391,13
42392,19
42393,332
42394,196
42395,174
42396,158
42397,138
42398,132
42399,142
42400,143
42401,103
42402,95
42403,80
42404,62
42405,58
42406,54
42407,211
42408,122
42409,106
42410,100
42411,89
42412,91
42413,100
42414,554
42415,255
42416,162
42417,131
42418,123
42419,127
42420,209
42421,84
42422,49
42423,41
42424,29
42425,22
42426,21
42427,26
42428,26
42429,28
42430,27
42431,20
42432,18
42433,19
42434,17
42435,160
42436,60
42437,51
42438,43
42439,42
42440,44
42441,71
42442,28
42443,23
42444,22
42445,28
42446,26
42447,50
42448,36
42449,62
42450,57
42451,55
42452,54
42453,50
42454,75
42455,57
42456,6
42457,3
42458,3
42459,7
42460,24
42461,45
42462,38
42463,19
42464,12
42465,11
42466,12
42467,9
42468,28
42469,30
42470,12
42471,7
42472,6
42473,20
42474,22
42475,50
42476,35
42477,14
42478,16
42479,18
42480,35
42481,34
42482,56
42483,45
42484,13
42485,16
42486,20
42487,44
42488,50
42489,68
42490,58
42491,29
42492,34
42493,36
42494,54
42495,82
42496,109
42497,97
42498,21
42499,23
42500,25
42501,45
42502,75
42503,92
42504,87
42505,26
42506,25
42507,24
42508,37
42509,50
42510,81
42511,64
42512,11
42513,3
42514,4
42515,13
42516,12
42517,25
42518,31
42519,103
42520,91
42521,81
42522,72
42523,68
42524,96
42525,90
42526,42
42527,35
42528,33
42529,34
42530,34
42531,49
42532,44
42533,11
42534,8
42535,7
42536,15
42537,26
42538,43
42539,43
42540,19
42541,14
42542,14
42543,34
42544,34
42545,51
42546,41
42547,13
42548,5
42549,6
42550,24
42551,39
42552,47
42553,54
42554,24
42555,26
42556,27
42557,42
42558,69
42559,92
42560,87
42561,7
42562,8
42563,8
42564,9
42565,7
42566,11
42567,14
42568,8
42569,5
42570,7
42571,15
42572,37
42573,50
42574,53
42575,20
42576,11
42577,11
42578,17
42579,16
42580,26
42581,27
42582,7
42583,5
42584,5
42585,10
42586,24
42587,49
42588,33
42589,127
42590,111
42591,88
42592,80
42593,69
42594,110
42595,106
42596,24
42597,24
42598,25
42599,46
42600,66
42601,78
42602,82
42603,5
42604,1
42605,4
42606,21
42607,22
42608,34
42609,27
42610,9
42611,6
42612,6
42613,26
42614,43
42615,60
42616,53
42617,38
42618,47
42619,48
42620,62
42621,75
42622,83
42623,77
42624,12
42625,6
42626,8
42627,27
42628,38
42629,64
42630,45
42631,18
42632,29
42633,33
42634,53
42635,82
42636,111
42637,94
42638,10
42639,3
42640,2
42641,9
42642,9
42643,17
42644,22
42645,27
42646,26
42647,24
42648,44
42649,58
42650,77
42651,71
42652,18
42653,18
42654,19
42655,36
42656,67
42657,78
42658,83
42659,104
42660,96
42661,89
42662,83
42663,80
42664,100
42665,92
42666,18
42667,10
42668,10
42669,9
42670,38
42671,44
42672,47
42673,21
42674,14
42675,15
42676,23
42677,22
42678,44
42679,29
42680,21
42681,18
42682,18
42683,26
42684,36
42685,47
42686,47
42687,20
42688,21
42689,23
42690,47
42691,61
42692,77
42693,77
42694,19
42695,19
42696,19
42697,34
42698,65
42699,95
42700,81
42701,48
42702,41
42703,35
42704,30
42705,30
42706,35
42707,27
42708,8
42709,2
42710,3
42711,17
42712,45
42713,53
42714,60
42715,30
42716,26
42717,27
42718,36
42719,39
42720,47
42721,44
42722,15
42723,21
42724,25
42725,43
42726,67
42727,75
42728,78
42729,16
42730,17
42731,20
42732,38
42733,66
42734,81
42735,84
42736,53
42737,37
42738,37
42739,86
42740,110
42741,61
42742,49
42743,52
42744,60
42745,49
42746,104
42747,158
42748,79
42749,75
42750,0
42751,1
42752,3
42753,46
42754,100
42755,46
42756,43
42757,25
42758,34
42759,10
42760,53
42761,144
42762,61
42763,78
42764,111
42765,70
42766,42
42767,77
42768,147
42769,56
42770,20
42771,12
42772,25
42773,36
42774,71
42775,81
42776,48
42777,34
42778,0
42779,0
42780,6
42781,37
42782,73
42783,40
42784,38
42785,5
42786,28
42787,0
42788,38
42789,136
42790,43
42791,61
42792,30
42793,33
42794,13
42795,50
42796,114
42797,47
42798,48
42799,29
42800,30
42801,39
42802,86
42803,108
42804,73
42805,36
42806,0
42807,0
42808,28
42809,65
42810,76
42811,61
42812,42
42813,40
42814,39
42815,37
42816,95
42817,148
42818,86
42819,75
42820,34
42821,50
42822,37
42823,93
42824,208
42825,91
42826,96
42827,47
42828,63
42829,60
42830,105
42831,175
42832,96
42833,113
42834,17
42835,34
42836,40
42837,85
42838,136
42839,79
42840,73
42841,75
42842,76
42843,37
42844,94
42845,204
42846,92
42847,110
42848,13
42849,29
42850,17
42851,70
42852,84
42853,72
42854,71
42855,0
42856,11
42857,12
42858,40
42859,89
42860,40
42861,52
42862,31
42863,36
42864,61
42865,100
42866,88
42867,73
42868,63
42869,0
42870,13
42871,14
42872,31
42873,41
42874,21
42875,32
42876,0
42877,9
42878,8
42879,59
42880,100
42881,56
42882,57
42883,0
42884,0
42885,15
42886,18
42887,48
42888,10
42889,10
42890,92
42891,52
42892,16
42893,57
42894,147
42895,53
42896,26
42897,225
42898,183
42899,88
42900,116
42901,172
42902,72
42903,33
42904,27
42905,44
42906,65
42907,117
42908,139
42909,101
42910,94
42911,40
42912,35
42913,21
42914,64
42915,161
42916,66
42917,31
42918,0
42919,0
42920,9
42921,18
42922,45
42923,9
42924,8
42925,32
42926,34
42927,48
42928,80
42929,92
42930,64
42931,52
42932,2
42933,8
42934,12
42935,69
42936,113
42937,68
42938,54
42939,13
42940,28
42941,0
42942,43
42943,146
42944,64
42945,68
42946,60
42947,59
42948,50
42949,101
42950,121
42951,80
42952,34
42953,1
42954,14
42955,31
42956,77
42957,71
42958,57
42959,52
42960,40
42961,36
42962,45
42963,72
42964,181
42965,40
42966,7
42967,0
42968,11
42969,30
42970,56
42971,74
42972,49
42973,56
42974,0
42975,23
42976,21
42977,55
42978,161
42979,45
42980,61
42981,25
42982,35
42983,11
42984,55
42985,115
42986,51
42987,66
42988,21
42989,32
42990,30
42991,66
42992,74
42993,42
42994,41
42995,5
42996,17
42997,13
42998,50
42999,92
43000,46
43001,43
43002,315
43003,270
43004,172
43005,186
43006,267
43007,112
43008,68
43009,7
43010,21
43011,22
43012,61
43013,119
43014,67
43015,72
43016,5
43017,17
43018,21
43019,67
43020,181
43021,56
43022,52
43023,30
43024,45
43025,14
43026,71
43027,204
43028,89
43029,98
43030,11
43031,42
43032,21
43033,78
43034,142
43035,80
43036,98
43037,0
43038,8
43039,10
43040,49
43041,94
43042,53
43043,43
43044,0
43045,11
43046,9
43047,57
43048,93
43049,56
43050,53
43051,41
43052,46
43053,82
43054,113
43055,104
43056,86
43057,83
43058,16
43059,20
43060,0
43061,42
43062,137
43063,64
43064,67
43065,0
43066,2
43067,7
43068,45
43069,80
43070,43
43071,44
43072,3
43073,32
43074,29
43075,67
43076,118
43077,64
43078,91
43079,0
43080,6
43081,11
43082,21
43083,49
43084,32
43085,42
43086,17
43087,31
43088,36
43089,75
43090,81
43091,70
43092,68
43093,76
43094,63
43095,32
43096,83
43097,194
43098,77
43099,92
43100,144
43101,124
43102,75
43103,110
43104,171
43105,75
43106,32
43107,2
43108,18
43109,49
43110,80
43111,77
43112,68
43113,63
43114,17
43115,20
43116,24
43117,46
43118,90
43119,57
43120,63
43121,68
43122,51
43123,41
43124,97
43125,116
43126,70
43127,74
43128,19
43129,21
43130,9
43131,26
43132,84
43133,35
43134,22
43135,0
43136,13
43137,22
43138,58
43139,97
43140,66
43141,59
43142,0
43143,5
43144,0
43145,19
43146,73
43147,30
43148,43
43149,23
43150,12
43151,22
43152,65
43153,123
43154,60
43155,34
43156,18
43157,12
43158,27
43159,77
43160,150
43161,74
43162,58
43163,19
43164,15
43165,20
43166,61
43167,81
43168,52
43169,31
43170,39
43171,44
43172,36
43173,76
43174,107
43175,56
43176,49
43177,0
43178,0
43179,41
43180,74
43181,73
43182,51
43183,39
43184,37
43185,49
43186,42
43187,81
43188,150
43189,74
43190,84
43191,0
43192,9
43193,8
43194,57
43195,184
43196,58
43197,55
43198,25
43199,32
43200,39
43201,85
43202,105
43203,83
43204,66
43205,10
43206,21
43207,52
43208,91
43209,106
43210,81
43211,58
43212,1
43213,3
43214,33
43215,75
43216,76
43217,72
43218,55
43219,23
43220,37
43221,22
43222,71
43223,141
43224,60
43225,77
43226,4
43227,18
43228,18
43229,58
43230,63
43231,45
43232,43
43233,0
43234,2
43235,19
43236,50
43237,94
43238,48
43239,36
43240,166
43241,90
43242,85
43243,78
43244,70
43245,66
43246,78
43247,249
43248,144
43249,139
43250,127
43251,105
43252,88
43253,116
43254,358
43255,123
43256,99
43257,88
43258,78
43259,78
43260,137
43261,63
43262,40
43263,31
43264,23
43265,21
43266,17
43267,20
43268,99
43269,62
43270,57
43271,50
43272,52
43273,49
43274,51
43275,179
43276,131
43277,124
43278,112
43279,91
43280,81
43281,84
43282,102
43283,38
43284,32
43285,27
43286,27
43287,27
43288,51
43289,275
43290,134
43291,112
43292,102
43293,100
43294,96
43295,111
43296,136
43297,60
43298,50
43299,38
43300,31
43301,28
43302,52
43303,121
43304,72
43305,64
43306,54
43307,46
43308,44
43309,57
43310,191
43311,80
43312,72
43313,63
43314,54
43315,51
43316,78
43317,70
43318,39
43319,32
43320,21
43321,19
43322,17
43323,24
43324,97
43325,63
43326,54
43327,39
43328,27
43329,26
43330,27
43331,136
43332,37
43333,31
43334,24
43335,24
43336,26
43337,57
43338,525
43339,227
43340,146
43341,114
43342,99
43343,103
43344,186
43345,208
43346,154
43347,138
43348,122
43349,101
43350,99
43351,95
43352,136
43353,60
43354,56
43355,53
43356,53
43357,48
43358,69
43359,203
43360,87
43361,77
43362,71
43363,68
43364,64
43365,94
43366,103
43367,59
43368,49
43369,36
43370,25
43371,23
43372,34
43373,330
43374,151
43375,124
43376,111
43377,100
43378,96
43379,122
43380,126
43381,59
43382,50
43383,42
43384,37
43385,34
43386,53
43387,249
43388,134
43389,108
43390,93
43391,84
43392,82
43393,95
43394,88
43395,20
43396,13
43397,4
43398,4
43399,8
43400,34
43401,164
43402,80
43403,71
43404,62
43405,50
43406,47
43407,63
43408,70
43409,40
43410,35
43411,26
43412,19
43413,20
43414,28
43415,150
43416,64
43417,58
43418,52
43419,48
43420,48
43421,67
43422,72
43423,32
43424,24
43425,17
43426,14
43427,12
43428,28
43429,182
43430,74
43431,66
43432,56
43433,51
43434,45
43435,73
43436,450
43437,205
43438,150
43439,115
43440,98
43441,96
43442,151
43443,276
43444,135
43445,106
43446,93
43447,86
43448,82
43449,97
43450,172
43451,118
43452,111
43453,103
43454,95
43455,85
43456,84
43457,87
43458,73
43459,68
43460,55
43461,46
43462,44
43463,35
43464,52
43465,11
43466,11
43467,7
43468,16
43469,16
43470,26
43471,323
43472,102
43473,76
43474,65
43475,60
43476,59
43477,110
43478,181
43479,79
43480,74
43481,68
43482,63
43483,60
43484,82
43485,116
43486,57
43487,49
43488,40
43489,35
43490,33
43491,48
43492,254
43493,143
43494,115
43495,101
43496,93
43497,87
43498,94
43499,82
43500,71
43501,67
43502,52
43503,41
43504,38
43505,31
43506,62
43507,5
43508,0
43509,0
43510,0
43511,5
43512,22
43513,177
43514,102
43515,96
43516,89
43517,81
43518,79
43519,89
43520,51
43521,36
43522,35
43523,30
43524,36
43525,34
43526,31
43527,90
43528,57
43529,50
43530,39
43531,32
43532,29
43533,32
43534,327
43535,138
43536,106
43537,96
43538,86
43539,85
43540,123
43541,412
43542,191
43543,143
43544,127
43545,109
43546,112
43547,142
43548,296
43549,162
43550,131
43551,118
43552,107
43553,102
43554,120
43555,74
43556,22
43557,22
43558,18
43559,22
43560,26
43561,39
43562,13
43563,0
43564,0
43565,0
43566,0
43567,8
43568,8
43569,451
43570,176
43571,97
43572,96
43573,83
43574,86
43575,165
43576,127
43577,65
43578,57
43579,48
43580,42
43581,44
43582,55
43583,78
43584,14
43585,7
43586,3
43587,6
43588,13
43589,41
43590,8
43591,10
43592,10
43593,6
43594,8
43595,16
43596,8
43597,68
43598,75
43599,70
43600,57
43601,41
43602,39
43603,24
43604,139
43605,86
43606,78
43607,70
43608,66
43609,66
43610,69
43611,39
43612,29
43613,27
43614,17
43615,8
43616,9
43617,11
43618,329
43619,167
43620,143
43621,130
43622,119
43623,118
43624,132
43625,512
43626,299
43627,215
43628,182
43629,159
43630,157
43631,196
43632,236
43633,144
43634,125
43635,105
43636,88
43637,85
43638,85
43639,203
43640,115
43641,104
43642,98
43643,95
43644,93
43645,97
43646,215
43647,104
43648,77
43649,62
43650,50
43651,50
43652,76
43653,291
43654,117
43655,88
43656,78
43657,67
43658,69
43659,105
43660,172
43661,105
43662,96
43663,85
43664,74
43665,72
43666,81
43667,24
43668,6
43669,6
43670,5
43671,10
43672,14
43673,13
43674,115
43675,58
43676,50
43677,39
43678,37
43679,36
43680,46
43681,55
43682,39
43683,33
43684,23
43685,17
43686,17
43687,19
43688,33
43689,35
43690,33
43691,22
43692,11
43693,11
43694,7
43695,209
43696,85
43697,71
43698,65
43699,61
43700,66
43701,97
43702,30
43703,22
43704,22
43705,18
43706,26
43707,29
43708,18
43709,1050
43710,560
43711,345
43712,258
43713,256
43714,253
43715,435
43716,420
43717,276
43718,206
43719,184
43720,163
43721,160
43722,166
43723,8
43724,9
43725,10
43726,13
43727,27
43728,59
43729,57
43730,62
43731,40
43732,32
43733,19
43734,12
43735,13
43736,16
43737,69
43738,43
43739,36
43740,27
43741,20
43742,20
43743,24
43744,394
43745,163
43746,134
43747,124
43748,108
43749,109
43750,148
43751,348
43752,156
43753,124
43754,112
43755,99
43756,96
43757,134
43758,258
43759,124
43760,92
43761,82
43762,73
43763,69
43764,88
43765,89
43766,53
43767,46
43768,40
43769,32
43770,34
43771,41
43772,505
43773,223
43774,133
43775,120
43776,110
43777,115
43778,181
43779,250
43780,101
43781,70
43782,60
43783,55
43784,54
43785,84
43786,207
43787,89
43788,77
43789,66
43790,59
43791,56
43792,84
43793,765
43794,357
43795,214
43796,147
43797,138
43798,141
43799,246
43800,129
43801,74
43802,67
43803,58
43804,49
43805,50
43806,59
43807,42
43808,12
43809,12
43810,8
43811,16
43812,18
43813,20
43814,260
43815,113
43816,90
43817,86
43818,86
43819,91
43820,109
43821,34
43822,17
43823,16
43824,13
43825,14
43826,14
43827,21
43828,139
43829,83
43830,79
43831,71
43832,61
43833,64
43834,63
43835,459
43836,291
43837,228
43838,198
43839,184
43840,178
43841,187
43842,169
43843,92
43844,76
43845,71
43846,63
43847,62
43848,77
43849,81
43850,65
43851,64
43852,53
43853,46
43854,47
43855,37
43856,198
43857,97
43858,84
43859,77
43860,68
43861,65
43862,85
43863,38
43864,33
43865,32
43866,28
43867,32
43868,31
43869,21
43870,240
43871,106
43872,82
43873,73
43874,64
43875,62
43876,103
43877,516
43878,235
43879,153
43880,130
43881,123
43882,124
43883,190
43884,194
43885,93
43886,79
43887,71
43888,62
43889,67
43890,85
43891,135
43892,90
43893,83
43894,71
43895,60
43896,60
43897,58
43898,31
43899,15
43900,14
43901,11
43902,17
43903,19
43904,16
43905,172
43906,125
43907,113
43908,93
43909,70
43910,65
43911,64
43912,291
43913,146
43914,117
43915,103
43916,92
43917,89
43918,110
43919,55
43920,36
43921,29
43922,18
43923,12
43924,14
43925,24
43926,39
43927,26
43928,24
43929,19
43930,19
43931,18
43932,14
43933,58
43934,22
43935,15
43936,9
43937,8
43938,12
43939,26
43940,225
43941,131
43942,110
43943,97
43944,84
43945,81
43946,90
43947,174
43948,135
43949,125
43950,108
43951,87
43952,78
43953,71
43954,327
43955,155
43956,126
43957,115
43958,104
43959,106
43960,134
43961,163
43962,104
43963,95
43964,86
43965,78
43966,77
43967,83
43968,57
43969,72
43970,67
43971,52
43972,37
43973,35
43974,18
43975,17
43976,3
43977,4
43978,5
43979,17
43980,19
43981,15
43982,170
43983,104
43984,90
43985,78
43986,65
43987,64
43988,73
43989,45
43990,15
43991,8
43992,1
43993,0
43994,2
43995,15
43996,123
43997,94
43998,88
43999,75
44000,59
44001,59
44002,51
44003,516
44004,241
44005,150
44006,122
44007,110
44008,109
44009,184
44010,43
44011,28
44012,25
44013,17
44014,13
44015,13
44016,14
44017,113
44018,105
44019,94
44020,84
44021,79
44022,107
44023,86
44024,184
44025,156
44026,126
44027,114
44028,107
44029,145
44030,122
44031,24
44032,17
44033,14
44034,8
44035,6
44036,17
44037,20
44038,16
44039,11
44040,10
44041,11
44042,20
44043,47
44044,34
44045,17
44046,9
44047,7
44048,14
44049,15
44050,34
44051,33
44052,17
44053,13
44054,13
44055,18
44056,29
44057,41
44058,36
44059,6
44060,2
44061,2
44062,5
44063,17
44064,40
44065,31
44066,90
44067,78
44068,60
44069,50
44070,48
44071,83
44072,84
44073,25
44074,18
44075,16
44076,14
44077,13
44078,20
44079,16
44080,17
44081,7
44082,4
44083,4
44084,7
44085,36
44086,35
44087,17
44088,9
44089,9
44090,6
44091,9
44092,22
44093,16
44094,41
44095,34
44096,31
44097,35
44098,32
44099,53
44100,40
44101,27
44102,25
44103,22
44104,30
44105,31
44106,38
44107,31
44108,50
44109,42
44110,39
44111,44
44112,42
44113,57
44114,40
44115,9
44116,15
44117,12
44118,9
44119,27
44120,47
44121,39
44122,20
44123,22
44124,22
44125,36
44126,64
44127,83
44128,78
44129,48
44130,35
44131,24
44132,11
44133,7
44134,29
44135,20
44136,15
44137,8
44138,7
44139,7
44140,5
44141,16
44142,16
44143,83
44144,78
44145,68
44146,55
44147,48
44148,50
44149,45
44150,17
44151,9
44152,9
44153,12
44154,26
44155,42
44156,42
44157,89
44158,84
44159,78
44160,74
44161,70
44162,87
44163,75
44164,26
44165,20
44166,18
44167,25
44168,24
44169,51
44170,32
44171,17
44172,19
44173,20
44174,34
44175,46
44176,73
44177,55
44178,24
44179,15
44180,12
44181,10
44182,9
44183,31
44184,28
44185,28
44186,32
44187,33
44188,48
44189,63
44190,82
44191,77
44192,26
44193,22
44194,20
44195,23
44196,23
44197,42
44198,28
44199,16
44200,12
44201,8
44202,5
44203,5
44204,15
44205,11
44206,80
44207,70
44208,62
44209,56
44210,56
44211,92
44212,85
44213,23
44214,20
44215,18
44216,23
44217,22
44218,42
44219,25
44220,281
44221,221
44222,143
44223,111
44224,103
44225,183
44226,179
44227,44
44228,40
44229,36
44230,39
44231,38
44232,42
44233,33
44234,98
44235,92
44236,83
44237,79
44238,76
44239,99
44240,93
44241,14
44242,6
44243,3
44244,3
44245,4
44246,25
44247,13
44248,12
44249,9
44250,7
44251,15
44252,27
44253,43
44254,43
44255,51
44256,42
44257,39
44258,43
44259,42
44260,53
44261,38
44262,43
44263,35
44264,31
44265,36
44266,38
44267,62
44268,62
44269,43
44270,35
44271,24
44272,14
44273,12
44274,32
44275,17
44276,12
44277,7
44278,6
44279,4
44280,14
44281,24
44282,24
44283,86
44284,84
44285,77
44286,69
44287,59
44288,83
44289,73
44290,35
44291,27
44292,23
44293,17
44294,14
44295,18
44296,9
44297,16
44298,10
44299,8
44300,8
44301,16
44302,34
44303,28
44304,46
44305,36
44306,33
44307,26
44308,23
44309,34
44310,33
44311,20
44312,12
44313,9
44314,5
44315,7
44316,36
44317,34
44318,38
44319,33
44320,30
44321,31
44322,36
44323,45
44324,40
44325,15
44326,15
44327,18
44328,31
44329,63
44330,73
44331,76
44332,19
44333,13
44334,14
44335,23
44336,23
44337,43
44338,29
44339,98
44340,88
44341,76
44342,69
44343,68
44344,94
44345,87
44346,7
44347,5
44348,5
44349,10
44350,24
44351,49
44352,33
44353,8
44354,11
44355,15
44356,34
44357,48
44358,78
44359,61
44360,414
44361,332
44362,210
44363,154
44364,135
44365,235
44366,229
44367,55
44368,48
44369,40
44370,32
44371,28
44372,57
44373,40
44374,21
44375,17
44376,15
44377,23
44378,26
44379,52
44380,39
44381,22
44382,15
44383,13
44384,25
44385,22
44386,35
44387,25
44388,38
44389,32
44390,30
44391,38
44392,37
44393,44
44394,34
44395,92
44396,88
44397,80
44398,68
44399,63
44400,55
44401,46
44402,21
44403,12
44404,9
44405,18
44406,17
44407,59
44408,35
44409,20
44410,10
44411,6
44412,7
44413,8
44414,25
44415,23
44416,14
44417,23
44418,22
44419,33
44420,37
44421,59
44422,40
44423,71
44424,66
44425,59
44426,48
44427,42
44428,40
44429,33
44430,42
44431,33
44432,24
44433,21
44434,19
44435,38
44436,38
44437,26
44438,26
44439,24
44440,43
44441,52
44442,71
44443,65
44444,83
44445,72
44446,59
44447,55
44448,54
44449,89
44450,84
44451,171
44452,139
44453,121
44454,116
44455,107
44456,142
44457,139
44458,18
44459,10
44460,10
44461,9
44462,38
44463,44
44464,47
44465,97
44466,86
44467,74
44468,59
44469,51
44470,78
44471,58
44472,22
44473,11
44474,10
44475,12
44476,14
44477,23
44478,22
44479,27
44480,22
44481,17
44482,15
44483,13
44484,19
44485,17
44486,66
44487,59
44488,53
44489,44
44490,42
44491,71
44492,49
44493,59
44494,50
44495,43
44496,40
44497,37
44498,62
44499,57
44500,22
44501,23
44502,25
44503,49
44504,63
44505,79
44506,79
44507,41
44508,31
44509,26
44510,34
44511,33
44512,58
44513,37
44514,10
44515,5
44516,5
44517,15
44518,30
44519,40
44520,40
44521,40
44522,29
44523,26
44524,28
44525,28
44526,49
44527,32
44528,5
44529,2
44530,1
44531,3
44532,16
44533,29
44534,21
44535,64
44536,58
44537,51
44538,44
44539,38
44540,42
44541,31
44542,117
44543,104
44544,92
44545,73
44546,63
44547,70
44548,60
44549,14
44550,2
44551,0
44552,4
44553,7
44554,24
44555,29
44556,10
44557,5
44558,4
44559,9
44560,13
44561,32
44562,25
44563,62
44564,58
44565,52
44566,47
44567,43
44568,50
44569,44
44570,56
44571,48
44572,44
44573,31
44574,29
44575,29
44576,18
44577,50
44578,40
44579,32
44580,29
44581,24
44582,37
44583,36
44584,39
44585,35
44586,34
44587,41
44588,43
44589,52
44590,44
44591,25
44592,24
44593,22
44594,35
44595,40
44596,47
44597,44
44598,32
44599,24
44600,23
44601,35
44602,33
44603,52
44604,40
44605,74
44606,65
44607,56
44608,48
44609,43
44610,60
44611,60
44612,19
44613,19
44614,20
44615,21
44616,32
44617,60
44618,43
44619,35
44620,27
44621,23
44622,16
44623,14
44624,30
44625,19
44626,13
44627,13
44628,16
44629,37
44630,62
44631,78
44632,73
44633,51
44634,43
44635,75
44636,107
44637,54
44638,22
44639,23
44640,239
44641,158
44642,178
44643,245
44644,123
44645,67
44646,95
44647,75
44648,30
44649,47
44650,156
44651,69
44652,37
44653,52
44654,246
44655,106
44656,123
44657,209
44658,90
44659,49
44660,95
44661,34
44662,55
44663,65
44664,84
44665,54
44666,8
44667,2
44668,43
44669,27
44670,44
44671,71
44672,31
44673,13
44674,20
44675,144
44676,96
44677,104
44678,141
44679,91
44680,53
44681,65
44682,0
44683,41
44684,54
44685,73
44686,59
44687,35
44688,28
44689,6
44690,0
44691,16
44692,125
44693,10
44694,0
44695,11
44696,0
44697,9
44698,19
44699,24
44700,3
44701,20
44702,23
44703,271
44704,170
44705,165
44706,287
44707,137
44708,98
44709,109
44710,67
44711,29
44712,36
44713,124
44714,44
44715,23
44716,34
44717,88
44718,60
44719,68
44720,107
44721,53
44722,36
44723,46
44724,134
44725,75
44726,93
44727,212
44728,80
44729,49
44730,57
44731,24
44732,9
44733,14
44734,90
44735,20
44736,10
44737,23
44738,129
44739,132
44740,133
44741,136
44742,99
44743,50
44744,58
44745,87
44746,50
44747,53
44748,58
44749,31
44750,0
44751,13
44752,53
44753,26
44754,41
44755,151
44756,37
44757,9
44758,18
44759,103
44760,68
44761,72
44762,85
44763,43
44764,27
44765,40
44766,152
44767,41
44768,55
44769,149
44770,45
44771,15
44772,48
44773,71
44774,82
44775,83
44776,92
44777,70
44778,45
44779,42
44780,282
44781,123
44782,138
44783,210
44784,97
44785,49
44786,101
44787,85
44788,114
44789,133
44790,158
44791,108
44792,62
44793,56
44794,166
44795,79
44796,95
44797,201
44798,89
44799,52
44800,75
44801,51
44802,61
44803,56
44804,77
44805,32
44806,15
44807,17
44808,150
44809,135
44810,143
44811,152
44812,104
44813,55
44814,59
44815,94
44816,67
44817,75
44818,139
44819,80
44820,49
44821,54
44822,22
44823,29
44824,41
44825,39
44826,21
44827,10
44828,15
44829,87
44830,65
44831,94
44832,119
44833,75
44834,31
44835,38
44836,38
44837,37
44838,53
44839,85
44840,50
44841,28
44842,36
44843,142
44844,93
44845,107
44846,229
44847,76
44848,34
44849,49
44850,212
44851,167
44852,168
44853,248
44854,133
44855,77
44856,89
44857,13
44858,5
44859,29
44860,154
44861,55
44862,67
44863,78
44864,104
44865,36
44866,44
44867,105
44868,51
44869,39
44870,66
44871,79
44872,59
44873,61
44874,183
44875,43
44876,12
44877,25
44878,91
44879,56
44880,63
44881,108
44882,63
44883,36
44884,51
44885,53
44886,23
44887,39
44888,113
44889,42
44890,16
44891,24
44892,177
44893,95
44894,100
44895,123
44896,67
44897,33
44898,61
44899,63
44900,31
44901,45
44902,164
44903,41
44904,11
44905,30
44906,469
44907,228
44908,209
44909,297
44910,143
44911,97
44912,177
44913,304
44914,198
44915,192
44916,296
44917,162
44918,122
44919,131
44920,85
44921,32
44922,43
44923,183
44924,65
44925,45
44926,56
44927,136
44928,102
44929,112
44930,161
44931,104
44932,70
44933,72
44934,126
44935,155
44936,155
44937,142
44938,100
44939,57
44940,54
44941,71
44942,12
44943,18
44944,121
44945,46
44946,27
44947,56
44948,204
44949,166
44950,163
44951,211
44952,120
44953,93
44954,91
44955,0
44956,9
44957,15
44958,43
44959,30
44960,42
44961,46
44962,90
44963,92
44964,95
44965,105
44966,74
44967,40
44968,37
44969,274
44970,137
44971,141
44972,247
44973,94
44974,54
44975,98
44976,306
44977,106
44978,97
44979,213
44980,74
44981,37
44982,80
44983,134
44984,69
44985,87
44986,182
44987,78
44988,40
44989,59
44990,57
44991,26
44992,41
44993,73
44994,28
44995,17
44996,27
44997,25
44998,10
44999,21
45000,57
45001,24
45002,15
45003,21
45004,180
45005,114
45006,135
45007,165
45008,89
45009,38
45010,52
45011,90
45012,38
45013,69
45014,196
45015,69
45016,44
45017,59
45018,65
45019,42
45020,55
45021,71
45022,27
45023,13
45024,30
45025,0
45026,17
45027,37
45028,110
45029,67
45030,68
45031,73
45032,39
45033,21
45034,30
45035,52
45036,39
45037,35
45038,41
45039,226
45040,136
45041,140
45042,203
45043,112
45044,81
45045,108
45046,115
45047,40
45048,50
45049,171
45050,42
45051,15
45052,43
45053,98
45054,72
45055,75
45056,200
45057,70
45058,50
45059,55
45060,174
45061,117
45062,124
45063,161
45064,82
45065,44
45066,56
45067,34
45068,77
45069,90
45070,89
45071,60
45072,28
45073,21
45074,106
45075,69
45076,74
45077,154
45078,58
45079,22
45080,39
45081,171
45082,134
45083,131
45084,133
45085,92
45086,52
45087,55
45088,219
45089,124
45090,135
45091,221
45092,100
45093,60
45094,92
45095,8
45096,9
45097,30
45098,49
45099,32
45100,14
45101,17
45102,73
45103,35
45104,47
45105,152
45106,57
45107,43
45108,58
45109,179
45110,177
45111,155
45112,152
45113,176
45114,125
45115,104
45116,150
45117,159
45118,149
45119,157
45120,185
45121,129
45122,108
45123,40
45124,50
45125,39
45126,32
45127,48
45128,40
45129,37
45130,15
45131,24
45132,13
45133,12
45134,41
45135,57
45136,55
45137,281
45138,234
45139,219
45140,208
45141,235
45142,167
45143,175
45144,68
45145,74
45146,63
45147,90
45148,117
45149,97
45150,91
45151,16
45152,29
45153,15
45154,18
45155,38
45156,70
45157,83
45158,47
45159,71
45160,61
45161,88
45162,105
45163,104
45164,98
45165,1
45166,29
45167,24
45168,41
45169,59
45170,62
45171,57
45172,104
45173,139
45174,128
45175,117
45176,135
45177,116
45178,101
45179,53
45180,51
45181,42
45182,38
45183,56
45184,63
45185,66
45186,173
45187,171
45188,148
45189,120
45190,136
45191,101
45192,109
45193,169
45194,166
45195,141
45196,146
45197,189
45198,136
45199,115
45200,38
45201,41
45202,30
45203,31
45204,63
45205,68
45206,77
45207,46
45208,95
45209,79
45210,41
45211,61
45212,51
45213,41
45214,131
45215,162
45216,151
45217,153
45218,166
45219,139
45220,124
45221,60
45222,64
45223,62
45224,72
45225,101
45226,108
45227,98
45228,38
45229,36
45230,27
45231,33
45232,54
45233,59
45234,60
45235,0
45236,33
45237,25
45238,9
45239,23
45240,17
45241,18
45242,139
45243,149
45244,122
45245,121
45246,146
45247,115
45248,115
45249,199
45250,179
45251,162
45252,169
45253,190
45254,145
45255,137
45256,33
45257,54
45258,42
45259,56
45260,96
45261,97
45262,93
45263,105
45264,146
45265,141
45266,146
45267,163
45268,123
45269,104
45270,49
45271,58
45272,43
45273,24
45274,58
45275,54
45276,56
45277,134
45278,137
45279,117
45280,114
45281,134
45282,106
45283,93
45284,27
45285,44
45286,42
45287,62
45288,79
45289,81
45290,82
45291,90
45292,139
45293,124
45294,120
45295,129
45296,83
45297,69
45298,19
45299,54
45300,39
45301,42
45302,54
45303,78
45304,83
45305,33
45306,23
45307,32
45308,54
45309,73
45310,75
45311,67
45312,72
45313,114
45314,103
45315,101
45316,132
45317,100
45318,86
45319,99
45320,123
45321,95
45322,103
45323,110
45324,74
45325,70
45326,67
45327,68
45328,63
45329,60
45330,91
45331,78
45332,66
45333,10
45334,38
45335,25
45336,31
45337,58
45338,88
45339,95
45340,332
45341,267
45342,257
45343,245
45344,249
45345,203
45346,214
45347,123
45348,149
45349,136
45350,137
45351,155
45352,141
45353,122
45354,38
45355,72
45356,55
45357,65
45358,87
45359,74
45360,69
45361,10
45362,33
45363,21
45364,6
45365,34
45366,44
45367,53
45368,55
45369,71
45370,73
45371,72
45372,116
45373,84
45374,69
45375,19
45376,29
45377,31
45378,40
45379,60
45380,75
45381,78
45382,23
45383,39
45384,32
45385,26
45386,49
45387,43
45388,42
45389,117
45390,128
45391,120
45392,133
45393,163
45394,121
45395,102
45396,110
45397,130
45398,121
45399,117
45400,136
45401,92
45402,83
45403,59
45404,73
45405,75
45406,103
45407,131
45408,135
45409,134
45410,33
45411,45
45412,43
45413,13
45414,29
45415,30
45416,26
45417,310
45418,229
45419,200
45420,199
45421,213
45422,160
45423,191
45424,133
45425,152
45426,133
45427,139
45428,163
45429,126
45430,110
45431,0
45432,4
45433,8
45434,13
45435,36
45436,75
45437,68
45438,21
45439,27
45440,27
45441,24
45442,49
45443,56
45444,58
45445,361
45446,335
45447,315
45448,294
45449,288
45450,211
45451,200
45452,91
45453,75
45454,62
45455,95
45456,135
45457,131
45458,131
45459,12
45460,43
45461,43
45462,41
45463,71
45464,80
45465,81
45466,0
45467,16
45468,19
45469,28
45470,40
45471,49
45472,49
45473,22
45474,21
45475,16
45476,32
45477,65
45478,85
45479,80
45480,77
45481,90
45482,95
45483,98
45484,117
45485,108
45486,95
45487,102
45488,147
45489,125
45490,131
45491,159
45492,112
45493,90
45494,33
45495,61
45496,47
45497,57
45498,73
45499,68
45500,57
45501,67
45502,89
45503,88
45504,110
45505,135
45506,117
45507,117
45508,11
45509,28
45510,31
45511,31
45512,51
45513,65
45514,65
45515,26
45516,85
45517,79
45518,63
45519,75
45520,68
45521,58
45522,111
45523,137
45524,131
45525,123
45526,149
45527,116
45528,91
45529,58
45530,79
45531,78
45532,96
45533,126
45534,101
45535,87
45536,50
45537,92
45538,88
45539,80
45540,107
45541,91
45542,77
45543,90
45544,130
45545,111
45546,107
45547,119
45548,81
45549,76
45550,11
45551,43
45552,31
45553,24
45554,39
45555,45
45556,52
45557,990
45558,538
45559,367
45560,287
45561,271
45562,267
45563,432
45564,1097
45565,695
45566,479
45567,395
45568,375
45569,346
45570,473
45571,348
45572,135
45573,103
45574,76
45575,62
45576,61
45577,130
45578,335
45579,134
45580,107
45581,75
45582,61
45583,58
45584,116
45585,777
45586,323
45587,183
45588,113
45589,108
45590,106
45591,229
45592,252
45593,83
45594,58
45595,43
45596,41
45597,45
45598,81
45599,1371
45600,664
45601,415
45602,319
45603,311
45604,290
45605,538
45606,353
45607,214
45608,182
45609,144
45610,128
45611,124
45612,142
45613,105
45614,71
45615,61
45616,39
45617,34
45618,34
45619,48
45620,291
45621,102
45622,80
45623,48
45624,46
45625,56
45626,107
45627,392
45628,175
45629,128
45630,98
45631,88
45632,86
45633,132
45634,273
45635,145
45636,113
45637,73
45638,69
45639,66
45640,89
45641,134
45642,118
45643,109
45644,80
45645,57
45646,51
45647,49
45648,886
45649,543
45650,395
45651,307
45652,291
45653,270
45654,330
45655,254
45656,118
45657,87
45658,58
45659,54
45660,57
45661,99
45662,192
45663,118
45664,110
45665,81
45666,61
45667,47
45668,81
45669,821
45670,474
45671,338
45672,243
45673,218
45674,210
45675,291
45676,296
45677,143
45678,126
45679,93
45680,85
45681,82
45682,117
45683,576
45684,355
45685,270
45686,206
45687,183
45688,174
45689,217
45690,136
45691,57
45692,50
45693,27
45694,17
45695,15
45696,38
45697,364
45698,157
45699,128
45700,95
45701,86
45702,91
45703,152
45704,556
45705,333
45706,256
45707,194
45708,173
45709,160
45710,191
45711,136
45712,76
45713,67
45714,45
45715,37
45716,37
45717,53
45718,1062
45719,599
45720,404
45721,328
45722,319
45723,318
45724,478
45725,274
45726,124
45727,90
45728,55
45729,50
45730,53
45731,88
45732,379
45733,150
45734,110
45735,85
45736,71
45737,69
45738,129
45739,284
45740,115
45741,85
45742,61
45743,53
45744,61
45745,97
45746,465
45747,296
45748,257
45749,206
45750,186
45751,174
45752,182
45753,168
45754,72
45755,57
45756,29
45757,16
45758,14
45759,43
45760,654
45761,290
45762,167
45763,115
45764,110
45765,116
45766,224
45767,459
45768,238
45769,168
45770,114
45771,101
45772,98
45773,163
45774,417
45775,250
45776,176
45777,127
45778,114
45779,110
45780,153
45781,329
45782,167
45783,135
45784,97
45785,78
45786,74
45787,108
45788,671
45789,280
45790,163
45791,107
45792,103
45793,118
45794,231
45795,427
45796,270
45797,225
45798,171
45799,159
45800,155
45801,167
45802,1896
45803,946
45804,759
45805,661
45806,645
45807,598
45808,929
45809,492
45810,364
45811,292
45812,223
45813,199
45814,183
45815,196
45816,558
45817,281
45818,198
45819,138
45820,129
45821,134
45822,208
45823,336
45824,177
45825,150
45826,116
45827,103
45828,100
45829,136
45830,860
45831,541
45832,365
45833,282
45834,258
45835,248
45836,321
45837,272
45838,134
45839,107
45840,87
45841,83
45842,86
45843,103
45844,515
45845,206
45846,118
45847,79
45848,75
45849,81
45850,178
45851,161
45852,97
45853,88
45854,58
45855,46
45856,38
45857,57
45858,132
45859,76
45860,71
45861,47
45862,37
45863,35
45864,46
45865,1099
45866,608
45867,416
45868,337
45869,325
45870,314
45871,482
45872,124
45873,101
45874,92
45875,68
45876,48
45877,42
45878,39
45879,333
45880,154
45881,121
45882,89
45883,84
45884,84
45885,127
45886,799
45887,434
45888,289
45889,191
45890,178
45891,173
45892,285
45893,625
45894,391
45895,290
45896,213
45897,193
45898,186
45899,218
45900,477
45901,131
45902,47
45903,29
45904,27
45905,35
45906,142
45907,161
45908,98
45909,79
45910,54
45911,38
45912,35
45913,45
45914,544
45915,279
45916,197
45917,143
45918,129
45919,130
45920,209
45921,374
45922,178
45923,135
45924,102
45925,89
45926,91
45927,139
45928,328
45929,112
45930,81
45931,58
45932,55
45933,57
45934,101
45935,932
45936,487
45937,318
45938,218
45939,209
45940,211
45941,365
45942,884
45943,454
45944,280
45945,177
45946,167
45947,160
45948,296
45949,696
45950,318
45951,187
45952,117
45953,108
45954,114
45955,238
45956,2400
45957,1199
45958,1010
45959,944
45960,895
45961,806
45962,1218
45963,274
45964,163
45965,126
45966,94
45967,80
45968,75
45969,100
45970,659
45971,338
45972,227
45973,165
45974,150
45975,163
45976,226
45977,529
45978,305
45979,228
45980,166
45981,155
45982,145
45983,182
45984,215
45985,95
45986,83
45987,64
45988,53
45989,48
45990,83
45991,343
45992,114
45993,95
45994,73
45995,72
45996,79
45997,118
45998,492
45999,273
46000,204
46001,145
46002,131
46003,127
46004,182
46005,445
46006,289
46007,224
46008,177
46009,165
46010,159
46011,185
46012,175
46013,87
46014,86
46015,57
46016,46
46017,40
46018,70
46019,79
46020,59
46021,59
46022,51
46023,51
46024,51
46025,55
46026,576
46027,424
46028,346
46029,266
46030,230
46031,216
46032,236
46033,181
46034,69
46035,63
46036,47
46037,46
46038,46
46039,86
46040,312
46041,121
46042,88
46043,57
46044,47
46045,46
46046,91
46047,514
46048,314
46049,224
46050,174
46051,158
46052,156
46053,204
46054,717
46055,497
46056,373
46057,291
46058,270
46059,254
46060,277
46061,359
46062,171
46063,146
46064,110
46065,100
46066,99
46067,144
46068,405
46069,286
46070,233
46071,183
46072,161
46073,153
46074,157
46075,771
46076,371
46077,237
46078,136
46079,130
46080,132
46081,246
46082,279
46083,139
46084,105
46085,89
46086,72
46087,73
46088,89
46089,181
46090,81
46091,66
46092,52
46093,34
46094,35
46095,69
46096,891
46097,417
46098,249
46099,165
46100,153
46101,161
46102,311
46103,620
46104,316
46105,216
46106,157
46107,149
46108,154
46109,225
46110,430
46111,213
46112,148
46113,113
46114,102
46115,106
46116,157
46117,366
46118,235
46119,211
46120,149
46121,129
46122,119
46123,146
46124,259
46125,128
46126,91
46127,61
46128,53
46129,51
46130,82
46131,419
46132,247
46133,209
46134,153
46135,125
46136,117
46137,141
46138,908
46139,525
46140,369
46141,255
46142,234
46143,209
46144,311
46145,81
46146,54
46147,55
46148,33
46149,33
46150,33
46151,46
46152,546
46153,254
46154,178
46155,128
46156,123
46157,134
46158,214
46159,475
46160,210
46161,135
46162,99
46163,98
46164,104
46165,164
46166,259
46167,135
46168,101
46169,68
46170,59
46171,55
46172,87
46173,273
46174,136
46175,107
46176,84
46177,74
46178,69
46179,93
46180,270
46181,118
46182,85
46183,56
46184,51
46185,60
46186,97
46187,155
46188,65
46189,59
46190,41
46191,35
46192,35
46193,57
46194,820
46195,467
46196,326
46197,247
46198,230
46199,227
46200,299
46201,661
46202,429
46203,326
46204,252
46205,225
46206,216
46207,250
46208,273
46209,174
46210,150
46211,114
46212,96
46213,88
46214,100
46215,643
46216,267
46217,145
46218,92
46219,83
46220,103
46221,222
46222,393
46223,176
46224,130
46225,98
46226,86
46227,90
46228,140
46229,540
46230,351
46231,268
46232,200
46233,181
46234,166
46235,193
46236,277
46237,200
46238,175
46239,145
46240,116
46241,102
46242,107
46243,516
46244,251
46245,164
46246,113
46247,109
46248,112
46249,188
46250,352
46251,158
46252,134
46253,95
46254,84
46255,87
46256,138
46257,548
46258,327
46259,256
46260,170
46261,151
46262,135
46263,190
46264,153
46265,69
46266,55
46267,32
46268,25
46269,28
46270,57
46271,503
46272,325
46273,238
46274,194
46275,169
46276,158
46277,185
46278,115
46279,87
46280,84
46281,64
46282,60
46283,59
46284,63
46285,1444
46286,750
46287,499
46288,437
46289,438
46290,430
46291,645
46292,402
46293,205
46294,144
46295,105
46296,95
46297,98
46298,134
46299,211
46300,167
46301,157
46302,126
46303,102
46304,89
46305,98
46306,335
46307,111
46308,88
46309,60
46310,56
46311,64
46312,107
46313,232
46314,333
46315,325
46316,336
46317,289
46318,263
46319,243
46320,290
46321,369
46322,333
46323,344
46324,289
46325,262
46326,253
46327,56
46328,77
46329,86
46330,87
46331,51
46332,43
46333,46
46334,11
46335,8
46336,58
46337,71
46338,38
46339,44
46340,55
46341,99
46342,128
46343,116
46344,143
46345,111
46346,121
46347,120
46348,12
46349,27
46350,58
46351,66
46352,45
46353,63
46354,82
46355,16
46356,27
46357,65
46358,60
46359,48
46360,50
46361,59
46362,249
46363,332
46364,303
46365,322
46366,261
46367,231
46368,234
46369,2
46370,72
46371,134
46372,150
46373,128
46374,130
46375,130
46376,17
46377,37
46378,87
46379,103
46380,74
46381,86
46382,81
46383,34
46384,44
46385,86
46386,83
46387,47
46388,45
46389,55
46390,50
46391,103
46392,142
46393,164
46394,124
46395,127
46396,129
46397,39
46398,48
46399,101
46400,114
46401,85
46402,101
46403,105
46404,29
46405,29
46406,99
46407,114
46408,83
46409,86
46410,87
46411,97
46412,165
46413,186
46414,209
46415,170
46416,181
46417,178
46418,4
46419,8
46420,28
46421,32
46422,17
46423,24
46424,48
46425,0
46426,18
46427,27
46428,36
46429,44
46430,55
46431,78
46432,94
46433,110
46434,187
46435,200
46436,173
46437,171
46438,168
46439,17
46440,19
46441,35
46442,53
46443,31
46444,35
46445,59
46446,88
46447,148
46448,214
46449,237
46450,198
46451,195
46452,187
46453,15
46454,36
46455,53
46456,74
46457,52
46458,67
46459,84
46460,19
46461,48
46462,112
46463,107
46464,58
46465,50
46466,56
46467,44
46468,64
46469,107
46470,120
46471,72
46472,74
46473,73
46474,128
46475,141
46476,192
46477,197
46478,175
46479,160
46480,157
46481,138
46482,249
46483,234
46484,254
46485,225
46486,215
46487,221
46488,19
46489,30
46490,67
46491,67
46492,36
46493,45
46494,46
46495,144
46496,162
46497,138
46498,135
46499,86
46500,74
46501,76
46502,57
46503,46
46504,103
46505,91
46506,71
46507,75
46508,76
46509,39
46510,70
46511,159
46512,182
46513,150
46514,159
46515,163
46516,4
46517,23
46518,62
46519,63
46520,38
46521,30
46522,32
46523,43
46524,62
46525,135
46526,137
46527,95
46528,86
46529,87
46530,36
46531,36
46532,103
46533,114
46534,84
46535,100
46536,106
46537,21
46538,39
46539,81
46540,88
46541,47
46542,56
46543,62
46544,0
46545,15
46546,65
46547,54
46548,27
46549,20
46550,23
46551,106
46552,188
46553,204
46554,213
46555,171
46556,163
46557,170
46558,41
46559,11
46560,87
46561,88
46562,55
46563,60
46564,65
46565,607
46566,528
46567,469
46568,475
46569,414
46570,361
46571,354
46572,105
46573,142
46574,203
46575,231
46576,193
46577,181
46578,176
46579,256
46580,287
46581,245
46582,256
46583,197
46584,175
46585,173
46586,0
46587,19
46588,104
46589,100
46590,64
46591,66
46592,62
46593,32
46594,83
46595,153
46596,183
46597,147
46598,156
46599,152
46600,32
46601,45
46602,80
46603,109
46604,85
46605,99
46606,101
46607,103
46608,125
46609,114
46610,111
46611,73
46612,81
46613,86
46614,1
46615,21
46616,64
46617,60
46618,43
46619,42
46620,48
46621,0
46622,19
46623,24
46624,34
46625,39
46626,52
46627,65
46628,188
46629,241
46630,253
46631,267
46632,225
46633,205
46634,206
46635,38
46636,52
46637,110
46638,129
46639,98
46640,99
46641,100
46642,83
46643,157
46644,196
46645,211
46646,168
46647,145
46648,141
46649,41
46650,104
46651,150
46652,173
46653,131
46654,147
46655,144
46656,28
46657,64
46658,68
46659,70
46660,59
46661,63
46662,97
46663,16
46664,44
46665,101
46666,101
46667,59
46668,66
46669,63
46670,39
46671,43
46672,120
46673,116
46674,68
46675,58
46676,56
46677,0
46678,33
46679,51
46680,90
46681,71
46682,82
46683,89
46684,13
46685,47
46686,44
46687,64
46688,37
46689,63
46690,74
46691,130
46692,185
46693,212
46694,230
46695,185
46696,171
46697,160
46698,46
46699,87
46700,162
46701,169
46702,134
46703,122
46704,122
46705,43
46706,50
46707,94
46708,97
46709,56
46710,62
46711,66
46712,1067
46713,956
46714,704
46715,673
46716,603
46717,541
46718,533
46719,52
46720,44
46721,124
46722,104
46723,63
46724,70
46725,71
46726,92
46727,142
46728,181
46729,202
46730,168
46731,175
46732,166
46733,29
46734,65
46735,145
46736,153
46737,116
46738,106
46739,106
46740,9
46741,45
46742,54
46743,40
46744,27
46745,29
46746,53
46747,126
46748,168
46749,129
46750,147
46751,113
46752,127
46753,133
46754,83
46755,101
46756,142
46757,152
46758,110
46759,110
46760,108
46761,22
46762,37
46763,61
46764,85
46765,79
46766,101
46767,102
46768,22
46769,26
46770,74
46771,89
46772,65
46773,77
46774,72
46775,181
46776,240
46777,282
46778,284
46779,259
46780,231
46781,222
46782,27
46783,48
46784,52
46785,60
46786,56
46787,73
46788,98
46789,16
46790,30
46791,68
46792,73
46793,37
46794,37
46795,44
46796,36
46797,90
46798,140
46799,161
46800,142
46801,162
46802,157
46803,76
46804,85
46805,123
46806,122
46807,109
46808,126
46809,124
46810,5
46811,41
46812,54
46813,59
46814,42
46815,56
46816,69
46817,219
46818,264
46819,251
46820,270
46821,214
46822,202
46823,199
46824,43
46825,104
46826,151
46827,169
46828,124
46829,127
46830,129
46831,76
46832,98
46833,156
46834,184
46835,139
46836,148
46837,143
46838,17
46839,9
46840,24
46841,32
46842,29
46843,36
46844,48
46845,233
46846,311
46847,262
46848,279
46849,231
46850,211
46851,212
46852,525
46853,438
46854,422
46855,418
46856,364
46857,318
46858,310
46859,1
46860,47
46861,28
46862,40
46863,26
46864,44
46865,78
46866,79
46867,99
46868,158
46869,174
46870,132
46871,123
46872,122
46873,32
46874,62
46875,48
46876,59
46877,33
46878,44
46879,63
46880,0
46881,26
46882,62
46883,78
46884,64
46885,76
46886,79
46887,232
46888,333
46889,334
46890,353
46891,293
46892,259
46893,252
46894,44
46895,30
46896,63
46897,68
46898,50
46899,54
46900,56
46901,76
46902,107
46903,125
46904,152
46905,115
46906,136
46907,146
46908,56
46909,47
46910,106
46911,120
46912,80
46913,97
46914,98
46915,6
46916,26
46917,40
46918,57
46919,30
46920,38
46921,54
46922,4
46923,25
46924,58
46925,39
46926,21
46927,25
46928,51
46929,95
46930,149
46931,203
46932,232
46933,178
46934,170
46935,167
46936,0
46937,24
46938,43
46939,58
46940,56
46941,63
46942,77
46943,208
46944,210
46945,215
46946,247
46947,191
46948,187
46949,185
46950,177
46951,168
46952,168
46953,171
46954,136
46955,126
46956,126
46957,47
46958,111
46959,148
46960,170
46961,119
46962,123
46963,132
46964,65
46965,96
46966,150
46967,148
46968,97
46969,82
46970,81
46971,48
46972,112
46973,163
46974,177
46975,169
46976,168
46977,159
46978,60
46979,62
46980,139
46981,146
46982,133
46983,118
46984,110
46985,62
46986,106
46987,166
46988,183
46989,142
46990,131
46991,127
46992,24
46993,27
46994,48
46995,64
46996,45
46997,59
46998,70
46999,30
47000,56
47001,106
47002,127
47003,79
47004,82
47005,84
47006,0
47007,15
47008,50
47009,52
47010,27
47011,19
47012,39
47013,62
47014,119
47015,182
47016,191
47017,167
47018,172
47019,162
47020,46
47021,83
47022,166
47023,181
47024,146
47025,148
47026,146
47027,56
47028,44
47029,114
47030,132
47031,102
47032,110
47033,113
47034,112
47035,168
47036,199
47037,211
47038,156
47039,133
47040,132
47041,8
47042,12
47043,46
47044,57
47045,46
47046,56
47047,67
47048,8
47049,17
47050,67
47051,64
47052,43
47053,39
47054,53
47055,62
47056,80
47057,73
47058,94
47059,47
47060,71
47061,83
47062,46
47063,124
47064,165
47065,191
47066,155
47067,164
47068,162
47069,36
47070,131
47071,177
47072,194
47073,161
47074,160
47075,159
47076,51
47077,63
47078,113
47079,129
47080,99
47081,111
47082,114
47083,22
47084,40
47085,95
47086,110
47087,59
47088,63
47089,65
47090,45
47091,126
47092,151
47093,163
47094,154
47095,166
47096,175
47097,49
47098,61
47099,116
47100,125
47101,91
47102,97
47103,95
47104,14
47105,69
47106,139
47107,158
47108,121
47109,105
47110,104
47111,29
47112,69
47113,72
47114,74
47115,64
47116,67
47117,101
47118,91
47119,145
47120,181
47121,200
47122,156
47123,151
47124,146
47125,63
47126,130
47127,182
47128,202
47129,177
47130,180
47131,180
47132,28
47133,90
47134,143
47135,163
47136,118
47137,122
47138,125
47139,52
47140,113
47141,159
47142,169
47143,144
47144,151
47145,153
47146,48
47147,124
47148,197
47149,211
47150,178
47151,172
47152,174
47153,77
47154,89
47155,142
47156,166
47157,129
47158,135
47159,136
47160,26
47161,93
47162,146
47163,162
47164,154
47165,157
47166,151
47167,313
47168,134
47169,99
47170,90
47171,126
47172,93
47173,101
47174,509
47175,272
47176,199
47177,167
47178,199
47179,162
47180,184
47181,73
47182,23
47183,17
47184,7
47185,15
47186,1
47187,23
47188,272
47189,95
47190,78
47191,72
47192,101
47193,77
47194,109
47195,91
47196,13
47197,9
47198,3
47199,22
47200,6
47201,19
47202,333
47203,113
47204,87
47205,75
47206,127
47207,80
47208,122
47209,54
47210,39
47211,35
47212,28
47213,51
47214,26
47215,21
47216,14
47217,6
47218,4
47219,7
47220,15
47221,18
47222,14
47223,56
47224,0
47225,0
47226,0
47227,14
47228,0
47229,31
47230,32
47231,20
47232,23
47233,20
47234,27
47235,27
47236,17
47237,54
47238,43
47239,38
47240,36
47241,42
47242,30
47243,30
47244,97
47245,87
47246,75
47247,63
47248,63
47249,46
47250,41
47251,142
47252,79
47253,79
47254,77
47255,137
47256,75
47257,64
47258,46
47259,21
47260,21
47261,16
47262,27
47263,15
47264,19
47265,76
47266,51
47267,54
47268,49
47269,58
47270,59
47271,55
47272,55
47273,58
47274,47
47275,43
47276,58
47277,60
47278,52
47279,68
47280,21
47281,14
47282,10
47283,36
47284,19
47285,26
47286,43
47287,21
47288,6
47289,0
47290,1
47291,0
47292,1
47293,117
47294,46
47295,38
47296,34
47297,53
47298,39
47299,56
47300,215
47301,148
47302,123
47303,103
47304,102
47305,79
47306,80
47307,180
47308,81
47309,75
47310,72
47311,103
47312,65
47313,83
47314,577
47315,275
47316,177
47317,156
47318,215
47319,175
47320,222
47321,97
47322,33
47323,25
47324,15
47325,22
47326,8
47327,23
47328,166
47329,65
47330,55
47331,49
47332,66
47333,48
47334,65
47335,69
47336,65
47337,51
47338,42
47339,56
47340,44
47341,40
47342,181
47343,80
47344,55
47345,37
47346,23
47347,13
47348,42
47349,270
47350,115
47351,85
47352,71
47353,95
47354,69
47355,89
47356,113
47357,53
47358,43
47359,35
47360,47
47361,29
47362,35
47363,4
47364,18
47365,7
47366,0
47367,0
47368,0
47369,0
47370,308
47371,88
47372,65
47373,53
47374,117
47375,71
47376,107
47377,73
47378,63
47379,55
47380,47
47381,67
47382,40
47383,21
47384,1025
47385,442
47386,247
47387,208
47388,270
47389,228
47390,476
47391,245
47392,191
47393,164
47394,148
47395,144
47396,119
47397,121
47398,38
47399,38
47400,26
47401,16
47402,9
47403,5
47404,1
47405,83
47406,67
47407,57
47408,52
47409,67
47410,52
47411,43
47412,122
47413,52
47414,50
47415,46
47416,78
47417,53
47418,47
47419,86
47420,20
47421,17
47422,17
47423,44
47424,24
47425,53
47426,83
47427,44
47428,26
47429,13
47430,8
47431,2
47432,15
47433,10
47434,6
47435,8
47436,7
47437,7
47438,9
47439,9
47440,378
47441,145
47442,123
47443,111
47444,142
47445,108
47446,137
47447,18
47448,23
47449,23
47450,22
47451,20
47452,19
47453,23
47454,245
47455,123
47456,77
47457,68
47458,115
47459,78
47460,95
47461,240
47462,147
47463,116
47464,99
47465,121
47466,89
47467,95
47468,84
47469,18
47470,10
47471,4
47472,27
47473,13
47474,34
47475,35
47476,47
47477,31
47478,18
47479,18
47480,15
47481,11
47482,47
47483,3
47484,0
47485,0
47486,35
47487,26
47488,30
47489,228
47490,109
47491,67
47492,56
47493,69
47494,54
47495,71
47496,44
47497,38
47498,35
47499,33
47500,34
47501,27
47502,29
47503,179
47504,78
47505,63
47506,58
47507,86
47508,57
47509,79
47510,90
47511,34
47512,29
47513,25
47514,67
47515,33
47516,49
47517,37
47518,12
47519,5
47520,0
47521,12
47522,2
47523,7
47524,265
47525,94
47526,64
47527,54
47528,102
47529,59
47530,75
47531,134
47532,41
47533,34
47534,25
47535,47
47536,33
47537,41
47538,592
47539,241
47540,120
47541,85
47542,142
47543,114
47544,207
47545,110
47546,60
47547,51
47548,43
47549,65
47550,35
47551,38
47552,195
47553,121
47554,111
47555,107
47556,143
47557,108
47558,99
47559,54
47560,32
47561,23
47562,10
47563,17
47564,0
47565,2
47566,84
47567,29
47568,19
47569,9
47570,6
47571,5
47572,17
47573,284
47574,89
47575,68
47576,65
47577,111
47578,78
47579,115
47580,230
47581,118
47582,100
47583,88
47584,119
47585,84
47586,90
47587,71
47588,23
47589,15
47590,6
47591,15
47592,5
47593,17
47594,164
47595,45
47596,33
47597,29
47598,66
47599,35
47600,70
47601,79
47602,14
47603,8
47604,0
47605,5
47606,4
47607,16
47608,327
47609,161
47610,115
47611,104
47612,116
47613,92
47614,123
47615,298
47616,163
47617,129
47618,116
47619,129
47620,107
47621,113
47622,15
47623,10
47624,3
47625,1
47626,14
47627,16
47628,9
47629,256
47630,152
47631,124
47632,108
47633,127
47634,100
47635,91
47636,114
47637,30
47638,25
47639,19
47640,61
47641,29
47642,40
47643,13
47644,20
47645,20
47646,26
47647,36
47648,46
47649,42
47650,115
47651,42
47652,34
47653,24
47654,26
47655,21
47656,42
47657,287
47658,75
47659,43
47660,34
47661,83
47662,49
47663,87
47664,246
47665,106
47666,87
47667,81
47668,113
47669,83
47670,98
47671,145
47672,54
47673,50
47674,43
47675,52
47676,41
47677,57
47678,133
47679,97
47680,80
47681,66
47682,86
47683,54
47684,47
47685,168
47686,74
47687,57
47688,45
47689,66
47690,36
47691,50
47692,107
47693,78
47694,57
47695,40
47696,31
47697,18
47698,17
47699,271
47700,125
47701,96
47702,83
47703,105
47704,83
47705,89
47706,281
47707,80
47708,59
47709,59
47710,136
47711,98
47712,122
47713,290
47714,127
47715,91
47716,86
47717,132
47718,94
47719,113
47720,147
47721,74
47722,57
47723,52
47724,50
47725,39
47726,47
47727,57
47728,25
47729,11
47730,6
47731,25
47732,15
47733,27
47734,31
47735,0
47736,0
47737,0
47738,8
47739,0
47740,0
47741,244
47742,132
47743,105
47744,90
47745,129
47746,94
47747,91
47748,310
47749,162
47750,140
47751,121
47752,110
47753,97
47754,119
47755,299
47756,78
47757,48
47758,37
47759,98
47760,62
47761,111
47762,271
47763,112
47764,72
47765,64
47766,103
47767,75
47768,90
47769,476
47770,265
47771,180
47772,149
47773,153
47774,138
47775,151
47776,161
47777,147
47778,126
47779,102
47780,83
47781,62
47782,57
47783,227
47784,101
47785,70
47786,64
47787,105
47788,74
47789,92
47790,115
47791,46
47792,43
47793,36
47794,48
47795,36
47796,53
47797,57
47798,35
47799,26
47800,18
47801,28
47802,14
47803,4
47804,42
47805,65
47806,53
47807,44
47808,51
47809,46
47810,24
47811,71
47812,25
47813,17
47814,12
47815,31
47816,15
47817,21
47818,117
47819,73
47820,69
47821,64
47822,85
47823,65
47824,65
47825,295
47826,113
47827,86
47828,75
47829,111
47830,86
47831,107
47832,67
47833,24
47834,19
47835,12
47836,22
47837,9
47838,19
47839,95
47840,71
47841,65
47842,59
47843,59
47844,43
47845,41
47846,229
47847,81
47848,59
47849,51
47850,84
47851,68
47852,94
47853,59
47854,47
47855,73
47856,39
47857,75
47858,264
47859,258
47860,354
47861,143
47862,109
47863,101
47864,130
47865,95
47866,116
47867,456
47868,254
47869,197
47870,165
47871,202
47872,162
47873,175
47874,65
47875,17
47876,10
47877,0
47878,0
47879,0
47880,14
47881,92
47882,31
47883,21
47884,13
47885,6
47886,4
47887,12
47888,143
47889,43
47890,41
47891,39
47892,70
47893,61
47894,85
47895,116
47896,11
47897,5
47898,0
47899,33
47900,16
47901,35
47902,991
47903,431
47904,295
47905,283
47906,346
47907,301
47908,440
47909,86
47910,38
47911,29
47912,25
47913,41
47914,29
47915,35
47916,87
47917,13
47918,7
47919,4
47920,37
47921,16
47922,46
47923,90
47924,46
47925,42
47926,35
47927,46
47928,40
47929,32
47930,186
47931,102
47932,86
47933,81
47934,102
47935,68
47936,79
47937,63
47938,78
47939,68
47940,58
47941,55
47942,39
47943,29
47944,132
47945,68
47946,63
47947,60
47948,120
47949,76
47950,67
47951,117
47952,36
47953,30
47954,22
47955,59
47956,41
47957,67
47958,33
47959,20
47960,13
47961,5
47962,6
47963,8
47964,5
47965,247
47966,144
47967,130
47968,117
47969,124
47970,103
47971,112
47972,29
47973,8
47974,6
47975,0
47976,11
47977,5
47978,7
47979,379
47980,250
47981,206
47982,172
47983,170
47984,153
47985,160
47986,132
47987,39
47988,29
47989,26
47990,49
47991,36
47992,58
47993,415
47994,239
47995,202
47996,161
47997,161
47998,139
47999,146
48000,81
48001,37
48002,32
48003,31
48004,63
48005,37
48006,45
48007,488
48008,230
48009,181
48010,162
48011,212
48012,157
48013,182
48014,31
48015,10
48016,1
48017,0
48018,15
48019,16
48020,16
48021,255
48022,86
48023,49
48024,32
48025,40
48026,30
48027,54
48028,230
48029,96
48030,66
48031,60
48032,90
48033,58
48034,75
48035,174
48036,120
48037,104
48038,93
48039,102
48040,85
48041,91
48042,239
48043,76
48044,68
48045,61
48046,70
48047,41
48048,86
48049,411
48050,183
48051,136
48052,98
48053,121
48054,99
48055,147
48056,30
48057,30
48058,28
48059,25
48060,22
48061,19
48062,14
48063,79
48064,57
48065,38
48066,24
48067,14
48068,12
48069,14
48070,367
48071,109
48072,95
48073,84
48074,142
48075,93
48076,140
48077,46
48078,46
48079,42
48080,35
48081,47
48082,36
48083,23
48084,1167
48085,561
48086,367
48087,348
48088,414
48089,336
48090,553
48091,275
48092,202
48093,163
48094,147
48095,149
48096,128
48097,119
48098,328
48099,141
48100,109
48101,94
48102,145
48103,92
48104,120
48105,51
48106,41
48107,35
48108,31
48109,45
48110,44
48111,36
48112,150
48113,81
48114,81
48115,73
48116,112
48117,70
48118,67
48119,292
48120,84
48121,57
48122,50
48123,109
48124,57
48125,107
48126,10
48127,11
48128,0
48129,0
48130,0
48131,0
48132,0
48133,21
48134,16
48135,17
48136,12
48137,6
48138,8
48139,8
48140,573
48141,262
48142,177
48143,147
48144,189
48145,150
48146,213
48147,46
48148,25
48149,18
48150,12
48151,38
48152,24
48153,15
48154,472
48155,211
48156,160
48157,131
48158,179
48159,138
48160,193
48161,49
48162,38
48163,29
48164,19
48165,49
48166,43
48167,43
48168,134
48169,21
48170,11
48171,4
48172,41
48173,26
48174,58
48175,35
48176,47
48177,30
48178,16
48179,4
48180,0
48181,0
48182,359
48183,146
48184,81
48185,67
48186,83
48187,69
48188,106
48189,30
48190,29
48191,27
48192,24
48193,21
48194,19
48195,16
48196,129
48197,53
48198,42
48199,39
48200,63
48201,42
48202,56
48203,566
48204,267
48205,200
48206,177
48207,238
48208,190
48209,259
48210,124
48211,50
48212,42
48213,35
48214,77
48215,41
48216,59
48217,290
48218,104
48219,79
48220,66
48221,88
48222,71
48223,97
48224,1381
48225,585
48226,476
48227,414
48228,454
48229,394
48230,670
48231,76
48232,44
48233,35
48234,27
48235,52
48236,22
48237,23
48238,146
48239,77
48240,61
48241,47
48242,57
48243,29
48244,42
48245,154
48246,57
48247,46
48248,35
48249,30
48250,25
48251,43
48252,166
48253,69
48254,53
48255,45
48256,74
48257,56
48258,66
48259,148
48260,93
48261,91
48262,87
48263,123
48264,77
48265,72
48266,60
48267,25
48268,17
48269,9
48270,11
48271,6
48272,14
48273,24
48274,17
48275,20
48276,26
48277,64
48278,53
48279,54
48280,164
48281,53
48282,45
48283,34
48284,28
48285,25
48286,47
48287,118
48288,69
48289,54
48290,49
48291,74
48292,57
48293,58
48294,106
48295,50
48296,38
48297,33
48298,55
48299,36
48300,45
48301,181
48302,136
48303,129
48304,116
48305,126
48306,84
48307,83
48308,266
48309,102
48310,87
48311,77
48312,125
48313,70
48314,112
48315,37
48316,11
48317,9
48318,9
48319,16
48320,12
48321,15
48322,67
48323,71
48324,57
48325,49
48326,57
48327,50
48328,42
48329,453
48330,165
48331,117
48332,87
48333,131
48334,96
48335,171
48336,409
48337,176
48338,163
48339,131
48340,181
48341,124
48342,169
48343,116
48344,43
48345,40
48346,33
48347,42
48348,32
48349,45
48350,65
48351,68
48352,53
48353,42
48354,52
48355,32
48356,20
48357,107
48358,74
48359,52
48360,35
48361,27
48362,16
48363,13
48364,452
48365,208
48366,179
48367,148
48368,162
48369,137
48370,187
48371,27
48372,16
48373,15
48374,2
48375,1
48376,0
48377,6
48378,102
48379,44
48380,30
48381,24
48382,52
48383,31
48384,45
48385,7
48386,15
48387,16
48388,19
48389,35
48390,28
48391,25
48392,238
48393,130
48394,104
48395,90
48396,126
48397,91
48398,90
48399,226
48400,159
48401,141
48402,128
48403,160
48404,113
48405,110
48406,295
48407,103
48408,72
48409,63
48410,118
48411,71
48412,115
48413,199
48414,105
48415,75
48416,71
48417,105
48418,76
48419,87
48420,296
48421,199
48422,166
48423,132
48424,134
48425,105
48426,98
48427,51
48428,72
48429,60
48430,43
48431,37
48432,28
48433,12
48434,178
48435,85
48436,74
48437,68
48438,121
48439,60
48440,79
48441,177
48442,68
48443,63
48444,54
48445,63
48446,54
48447,80
48448,210
48449,121
48450,99
48451,82
48452,81
48453,58
48454,71
48455,71
48456,16
48457,11
48458,8
48459,24
48460,11
48461,32
48462,114
48463,104
48464,87
48465,74
48466,76
48467,57
48468,39
48469,40
48470,19
48471,14
48472,10
48473,20
48474,15
48475,12
48476,179
48477,112
48478,109
48479,100
48480,118
48481,85
48482,86
48483,416
48484,175
48485,149
48486,116
48487,151
48488,115
48489,183
48490,84
48491,31
48492,26
48493,20
48494,32
48495,17
48496,31
48497,48
48498,41
48499,36
48500,30
48501,27
48502,27
48503,23
48504,292
48505,97
48506,67
48507,58
48508,107
48509,79
48510,110
48511,204
48512,197
48513,124
48514,103
48515,87
48516,78
48517,68
48518,292
48519,278
48520,168
48521,148
48522,118
48523,106
48524,96
48525,59
48526,44
48527,27
48528,27
48529,21
48530,25
48531,11
48532,6
48533,0
48534,6
48535,7
48536,6
48537,4
48538,2
48539,296
48540,285
48541,139
48542,125
48543,101
48544,95
48545,98
48546,50
48547,38
48548,14
48549,14
48550,11
48551,8
48552,13
48553,580
48554,575
48555,255
48556,215
48557,152
48558,144
48559,168
48560,64
48561,48
48562,32
48563,26
48564,20
48565,30
48566,23
48567,103
48568,93
48569,29
48570,28
48571,25
48572,32
48573,37
48574,56
48575,42
48576,26
48577,27
48578,24
48579,25
48580,34
48581,61
48582,56
48583,46
48584,38
48585,32
48586,39
48587,37
48588,22
48589,19
48590,47
48591,43
48592,39
48593,33
48594,27
48595,243
48596,229
48597,148
48598,138
48599,116
48600,108
48601,98
48602,0
48603,7
48604,0
48605,0
48606,0
48607,0
48608,19
48609,114
48610,106
48611,67
48612,66
48613,56
48614,64
48615,52
48616,35
48617,21
48618,7
48619,7
48620,4
48621,1
48622,6
48623,179
48624,165
48625,125
48626,111
48627,95
48628,90
48629,86
48630,28
48631,18
48632,15
48633,18
48634,16
48635,21
48636,33
48637,84
48638,70
48639,53
48640,36
48641,25
48642,21
48643,15
48644,99
48645,88
48646,44
48647,36
48648,35
48649,43
48650,31
48651,328
48652,321
48653,211
48654,182
48655,141
48656,127
48657,108
48658,80
48659,72
48660,47
48661,45
48662,38
48663,31
48664,35
48665,372
48666,354
48667,181
48668,163
48669,129
48670,122
48671,116
48672,80
48673,67
48674,42
48675,30
48676,27
48677,40
48678,36
48679,30
48680,29
48681,22
48682,21
48683,17
48684,21
48685,21
48686,117
48687,109
48688,57
48689,53
48690,44
48691,54
48692,47
48693,80
48694,67
48695,75
48696,62
48697,52
48698,44
48699,46
48700,27
48701,19
48702,21
48703,18
48704,10
48705,0
48706,2
48707,126
48708,118
48709,47
48710,40
48711,29
48712,33
48713,26
48714,187
48715,168
48716,83
48717,71
48718,57
48719,55
48720,56
48721,35
48722,23
48723,31
48724,29
48725,24
48726,25
48727,23
48728,6
48729,0
48730,15
48731,3
48732,0
48733,0
48734,0
48735,391
48736,380
48737,172
48738,151
48739,117
48740,112
48741,122
48742,63
48743,53
48744,61
48745,49
48746,41
48747,42
48748,40
48749,750
48750,726
48751,332
48752,267
48753,194
48754,179
48755,221
48756,161
48757,144
48758,132
48759,116
48760,101
48761,99
48762,89
48763,393
48764,379
48765,180
48766,156
48767,122
48768,116
48769,120
48770,82
48771,67
48772,56
48773,45
48774,31
48775,34
48776,16
48777,121
48778,105
48779,81
48780,74
48781,63
48782,66
48783,56
48784,126
48785,113
48786,69
48787,66
48788,54
48789,62
48790,56
48791,209
48792,201
48793,84
48794,79
48795,69
48796,74
48797,67
48798,73
48799,58
48800,46
48801,30
48802,18
48803,9
48804,9
48805,5
48806,0
48807,0
48808,3
48809,1
48810,0
48811,0
48812,583
48813,582
48814,291
48815,241
48816,175
48817,161
48818,171
48819,115
48820,99
48821,78
48822,73
48823,58
48824,56
48825,36
48826,81
48827,69
48828,51
48829,40
48830,30
48831,23
48832,29
48833,246
48834,231
48835,141
48836,114
48837,93
48838,81
48839,80
48840,85
48841,69
48842,58
48843,50
48844,43
48845,53
48846,39
48847,121
48848,111
48849,42
48850,35
48851,29
48852,26
48853,37
48854,28
48855,15
48856,36
48857,26
48858,19
48859,15
48860,11
48861,104
48862,92
48863,37
48864,36
48865,37
48866,49
48867,42
48868,100
48869,83
48870,56
48871,45
48872,36
48873,40
48874,22
48875,83
48876,70
48877,58
48878,52
48879,46
48880,52
48881,46
48882,23
48883,22
48884,17
48885,17
48886,18
48887,25
48888,30
48889,438
48890,432
48891,205
48892,182
48893,129
48894,128
48895,136
48896,70
48897,57
48898,33
48899,28
48900,29
48901,36
48902,25
48903,103
48904,86
48905,45
48906,40
48907,32
48908,43
48909,36
48910,64
48911,57
48912,21
48913,19
48914,18
48915,32
48916,28
48917,844
48918,817
48919,413
48920,363
48921,279
48922,259
48923,278
48924,125
48925,110
48926,71
48927,61
48928,47
48929,49
48930,41
48931,141
48932,127
48933,86
48934,77
48935,75
48936,83
48937,80
48938,61
48939,44
48940,30
48941,21
48942,11
48943,11
48944,1
48945,19
48946,24
48947,23
48948,19
48949,18
48950,20
48951,33
48952,168
48953,160
48954,70
48955,70
48956,65
48957,72
48958,72
48959,93
48960,83
48961,58
48962,57
48963,51
48964,54
48965,43
48966,76
48967,62
48968,53
48969,49
48970,45
48971,57
48972,41
48973,246
48974,227
48975,196
48976,169
48977,128
48978,103
48979,78
48980,112
48981,100
48982,45
48983,44
48984,37
48985,44
48986,42
48987,39
48988,30
48989,17
48990,17
48991,12
48992,16
48993,19
48994,147
48995,130
48996,85
48997,67
48998,52
48999,59
49000,52
49001,129
49002,119
49003,93
49004,77
49005,63
49006,72
49007,56
49008,24
49009,13
49010,14
49011,6
49012,7
49013,12
49014,17
49015,248
49016,232
49017,173
49018,148
49019,113
49020,97
49021,81
49022,298
49023,291
49024,133
49025,112
49026,88
49027,82
49028,87
49029,54
49030,62
49031,68
49032,65
49033,62
49034,70
49035,85
49036,70
49037,61
49038,34
49039,30
49040,19
49041,13
49042,16
49043,336
49044,326
49045,135
49046,110
49047,89
49048,84
49049,85
49050,426
49051,417
49052,212
49053,189
49054,140
49055,138
49056,141
49057,43
49058,33
49059,16
49060,18
49061,17
49062,12
49063,12
49064,196
49065,183
49066,135
49067,114
49068,94
49069,88
49070,76
49071,53
49072,35
49073,31
49074,24
49075,16
49076,12
49077,8
49078,61
49079,45
49080,54
49081,34
49082,22
49083,14
49084,3
49085,362
49086,353
49087,187
49088,153
49089,118
49090,109
49091,103
49092,78
49093,67
49094,38
49095,33
49096,27
49097,25
49098,23
49099,146
49100,132
49101,56
49102,57
49103,57
49104,67
49105,67
49106,134
49107,125
49108,72
49109,65
49110,57
49111,70
49112,57
49113,47
49114,30
49115,33
49116,29
49117,19
49118,12
49119,7
49120,17
49121,32
49122,30
49123,23
49124,23
49125,27
49126,44
49127,72
49128,62
49129,37
49130,28
49131,28
49132,38
49133,33
49134,8
49135,24
49136,16
49137,21
49138,20
49139,20
49140,37
49141,205
49142,191
49143,114
49144,105
49145,90
49146,88
49147,77
49148,352
49149,346
49150,202
49151,184
49152,147
49153,157
49154,147
49155,182
49156,165
49157,96
49158,82
49159,59
49160,57
49161,52
49162,242
49163,232
49164,100
49165,87
49166,74
49167,73
49168,77
49169,95
49170,83
49171,63
49172,50
49173,44
49174,51
49175,48
49176,250
49177,235
49178,143
49179,118
49180,95
49181,86
49182,70
49183,115
49184,93
49185,96
49186,77
49187,57
49188,40
49189,28
49190,219
49191,206
49192,112
49193,91
49194,77
49195,77
49196,69
49197,113
49198,108
49199,55
49200,51
49201,44
49202,51
49203,40
49204,62
49205,45
49206,41
49207,37
49208,33
49209,37
49210,24
49211,11
49212,0
49213,1
49214,0
49215,0
49216,0
49217,1
49218,83
49219,71
49220,65
49221,62
49222,52
49223,59
49224,43
49225,60
49226,46
49227,65
49228,54
49229,47
49230,53
49231,39
49232,18
49233,14
49234,14
49235,17
49236,15
49237,19
49238,26
49239,93
49240,80
49241,64
49242,59
49243,50
49244,60
49245,51
49246,305
49247,302
49248,159
49249,143
49250,112
49251,95
49252,91
49253,45
49254,29
49255,20
49256,22
49257,19
49258,24
49259,10
49260,9
49261,18
49262,28
49263,30
49264,26
49265,25
49266,31
49267,157
49268,148
49269,66
49270,62
49271,54
49272,62
49273,63
49274,214
49275,212
49276,192
49277,181
49278,199
49279,143
49280,119
49281,198
49282,199
49283,186
49284,185
49285,210
49286,150
49287,125
49288,135
49289,153
49290,138
49291,144
49292,175
49293,127
49294,126
49295,52
49296,66
49297,46
49298,25
49299,46
49300,47
49301,56
49302,51
49303,73
49304,63
49305,90
49306,107
49307,100
49308,92
49309,129
49310,163
49311,150
49312,138
49313,153
49314,138
49315,116
49316,17
49317,20
49318,20
49319,26
49320,47
49321,61
49322,70
49323,55
49324,84
49325,77
49326,61
49327,84
49328,76
49329,64
49330,56
49331,108
49332,86
49333,70
49334,76
49335,55
49336,54
49337,123
49338,131
49339,109
49340,112
49341,139
49342,121
49343,115
49344,206
49345,185
49346,169
49347,170
49348,190
49349,145
49350,140
49351,103
49352,97
49353,79
49354,101
49355,126
49356,135
49357,138
49358,12
49359,19
49360,16
49361,21
49362,50
49363,68
49364,69
49365,54
49366,89
49367,76
49368,97
49369,110
49370,101
49371,101
49372,38
49373,45
49374,39
49375,47
49376,71
49377,90
49378,98
49379,18
49380,58
49381,38
49382,41
49383,52
49384,76
49385,82
49386,82
49387,118
49388,107
49389,101
49390,132
49391,95
49392,80
49393,75
49394,93
49395,68
49396,99
49397,109
49398,92
49399,90
49400,90
49401,84
49402,77
49403,73
49404,104
49405,90
49406,78
49407,58
49408,82
49409,65
49410,43
49411,70
49412,72
49413,69
49414,415
49415,309
49416,267
49417,260
49418,270
49419,223
49420,228
49421,88
49422,105
49423,111
49424,102
49425,142
49426,116
49427,94
49428,35
49429,26
49430,22
49431,19
49432,47
49433,64
49434,55
49435,134
49436,143
49437,133
49438,128
49439,148
49440,97
49441,89
49442,138
49443,142
49444,115
49445,117
49446,152
49447,125
49448,119
49449,233
49450,212
49451,190
49452,186
49453,204
49454,165
49455,150
49456,161
49457,186
49458,167
49459,173
49460,187
49461,134
49462,119
49463,20
49464,49
49465,45
49466,32
49467,43
49468,40
49469,36
49470,0
49471,18
49472,13
49473,8
49474,39
49475,49
49476,49
49477,60
49478,69
49479,67
49480,89
49481,111
49482,117
49483,115
49484,64
49485,79
49486,82
49487,49
49488,62
49489,80
49490,78
49491,88
49492,146
49493,133
49494,102
49495,109
49496,99
49497,82
49498,0
49499,19
49500,14
49501,11
49502,27
49503,35
49504,38
49505,222
49506,232
49507,201
49508,184
49509,189
49510,132
49511,123
49512,68
49513,63
49514,70
49515,50
49516,83
49517,89
49518,87
49519,374
49520,374
49521,399
49522,393
49523,332
49524,294
49525,284
49526,903
49527,823
49528,666
49529,634
49530,549
49531,480
49532,459
49533,89
49534,100
49535,100
49536,101
49537,66
49538,52
49539,57
49540,36
49541,40
49542,87
49543,95
49544,59
49545,59
49546,63
49547,215
49548,244
49549,170
49550,193
49551,156
49552,158
49553,157
49554,33
49555,44
49556,108
49557,115
49558,82
49559,92
49560,91
49561,55
49562,71
49563,88
49564,80
49565,68
49566,65
49567,67
49568,484
49569,430
49570,445
49571,433
49572,349
49573,291
49574,295
49575,3
49576,63
49577,94
49578,116
49579,106
49580,111
49581,130
49582,73
49583,105
49584,146
49585,159
49586,128
49587,120
49588,113
49589,110
49590,114
49591,116
49592,110
49593,71
49594,66
49595,73
49596,100
49597,165
49598,175
49599,206
49600,153
49601,151
49602,151
49603,152
49604,167
49605,176
49606,202
49607,155
49608,148
49609,149
49610,49
49611,43
49612,120
49613,133
49614,108
49615,106
49616,104
49617,182
49618,259
49619,242
49620,275
49621,218
49622,214
49623,211
49624,52
49625,56
49626,135
49627,150
49628,125
49629,135
49630,142
49631,357
49632,319
49633,362
49634,373
49635,305
49636,279
49637,263
49638,63
49639,92
49640,141
49641,130
49642,77
49643,61
49644,65
49645,108
49646,146
49647,158
49648,171
49649,118
49650,110
49651,107
49652,332
49653,256
49654,307
49655,303
49656,268
49657,235
49658,215
49659,299
49660,382
49661,316
49662,323
49663,283
49664,261
49665,267
49666,23
49667,32
49668,68
49669,69
49670,37
49671,47
49672,48
49673,292
49674,253
49675,221
49676,205
49677,136
49678,109
49679,111
49680,45
49681,37
49682,99
49683,87
49684,67
49685,72
49686,73
49687,40
49688,66
49689,160
49690,185
49691,153
49692,161
49693,160
49694,1
49695,20
49696,62
49697,64
49698,41
49699,32
49700,34
49701,108
49702,147
49703,185
49704,197
49705,137
49706,117
49707,116
49708,196
49709,201
49710,204
49711,219
49712,165
49713,159
49714,162
49715,81
49716,106
49717,133
49718,134
49719,89
49720,82
49721,84
49722,0
49723,15
49724,65
49725,54
49726,27
49727,20
49728,22
49729,377
49730,379
49731,337
49732,343
49733,269
49734,244
49735,251
49736,78
49737,66
49738,136
49739,134
49740,98
49741,87
49742,89
49743,1077
49744,936
49745,689
49746,666
49747,600
49748,538
49749,533
49750,265
49751,278
49752,304
49753,317
49754,263
49755,231
49756,222
49757,510
49758,365
49759,361
49760,338
49761,275
49762,237
49763,236
49764,0
49765,19
49766,104
49767,100
49768,64
49769,66
49770,62
49771,99
49772,163
49773,226
49774,252
49775,213
49776,202
49777,193
49778,194
49779,201
49780,189
49781,227
49782,179
49783,161
49784,151
49785,179
49786,197
49787,158
49788,167
49789,110
49790,101
49791,107
49792,78
49793,88
49794,108
49795,99
49796,73
49797,66
49798,66
49799,48
49800,61
49801,91
49802,94
49803,85
49804,90
49805,87
49806,387
49807,338
49808,362
49809,354
49810,302
49811,263
49812,262
49813,43
49814,46
49815,104
49816,123
49817,92
49818,96
49819,98
49820,26
49821,35
49822,113
49823,121
49824,82
49825,81
49826,74
49827,250
49828,292
49829,300
49830,317
49831,249
49832,199
49833,191
49834,73
49835,139
49836,178
49837,198
49838,156
49839,167
49840,160
49841,70
49842,96
49843,122
49844,121
49845,95
49846,94
49847,101
49848,35
49849,63
49850,120
49851,116
49852,80
49853,76
49854,71
49855,0
49856,7
49857,38
49858,31
49859,5
49860,17
49861,24
49862,21
49863,34
49864,109
49865,108
49866,58
49867,50
49868,51
49869,73
49870,99
49871,141
49872,177
49873,141
49874,139
49875,136
49876,536
49877,401
49878,406
49879,393
49880,323
49881,286
49882,276
49883,103
49884,161
49885,207
49886,226
49887,176
49888,156
49889,155
49890,49
49891,73
49892,95
49893,117
49894,99
49895,111
49896,115
49897,138
49898,178
49899,173
49900,170
49901,121
49902,108
49903,106
49904,2040
49905,1832
49906,1254
49907,1075
49908,969
49909,889
49910,879
49911,177
49912,176
49913,199
49914,190
49915,127
49916,110
49917,112
49918,256
49919,331
49920,309
49921,332
49922,269
49923,248
49924,233
49925,11
49926,45
49927,122
49928,130
49929,97
49930,97
49931,104
49932,263
49933,276
49934,197
49935,209
49936,167
49937,161
49938,161
49939,241
49940,235
49941,239
49942,253
49943,184
49944,160
49945,155
49946,17
49947,31
49948,74
49949,88
49950,64
49951,75
49952,76
49953,77
49954,70
49955,84
49956,86
49957,69
49958,76
49959,70
49960,277
49961,267
49962,341
49963,334
49964,298
49965,260
49966,237
49967,62
49968,58
49969,89
49970,93
49971,72
49972,85
49973,91
49974,42
49975,52
49976,111
49977,110
49978,56
49979,42
49980,44
49981,151
49982,222
49983,237
49984,266
49985,225
49986,219
49987,210
49988,64
49989,91
49990,125
49991,124
49992,111
49993,127
49994,128
49995,26
49996,52
49997,96
49998,100
49999,67
50000,78
50001,73
50002,354
50003,301
50004,317
50005,329
50006,255
50007,236
50008,229
50009,300
50010,358
50011,301
50012,301
50013,239
50014,214
50015,218
50016,19
50017,37
50018,63
50019,82
50020,57
50021,64
50022,87
50023,58
50024,93
50025,152
50026,182
50027,134
50028,140
50029,138
50030,369
50031,366
50032,332
50033,336
50034,278
50035,243
50036,247
50037,923
50038,755
50039,553
50040,517
50041,439
50042,393
50043,395
50044,57
50045,74
50046,96
50047,106
50048,74
50049,79
50050,78
50051,192
50052,214
50053,233
50054,246
50055,200
50056,173
50057,164
50058,77
50059,97
50060,108
50061,108
50062,59
50063,50
50064,55
50065,403
50066,405
50067,427
50068,429
50069,361
50070,319
50071,309
50072,137
50073,132
50074,111
50075,115
50076,88
50077,88
50078,89
50079,159
50080,233
50081,205
50082,241
50083,184
50084,183
50085,189
50086,131
50087,128
50088,157
50089,166
50090,122
50091,122
50092,119
50093,29
50094,28
50095,62
50096,55
50097,23
50098,38
50099,47
50100,390
50101,325
50102,349
50103,365
50104,295
50105,269
50106,255
50107,10
50108,44
50109,97
50110,109
50111,92
50112,90
50113,83
50114,236
50115,226
50116,244
50117,274
50118,211
50119,202
50120,194
50121,11
50122,9
50123,77
50124,76
50125,52
50126,51
50127,55
50128,273
50129,185
50130,217
50131,209
50132,170
50133,146
50134,134
50135,157
50136,223
50137,214
50138,235
50139,177
50140,164
50141,171
50142,249
50143,270
50144,261
50145,244
50146,175
50147,135
50148,131
50149,296
50150,305
50151,334
50152,332
50153,300
50154,269
50155,250
50156,143
50157,140
50158,184
50159,191
50160,170
50161,147
50162,138
50163,132
50164,181
50165,217
50166,242
50167,185
50168,161
50169,156
50170,40
50171,31
50172,79
50173,91
50174,58
50175,70
50176,75
50177,31
50178,68
50179,113
50180,134
50181,86
50182,88
50183,90
50184,7
50185,15
50186,50
50187,52
50188,27
50189,19
50190,39
50191,155
50192,217
50193,243
50194,262
50195,219
50196,210
50197,198
50198,133
50199,185
50200,241
50201,253
50202,213
50203,192
50204,188
50205,18
50206,32
50207,53
50208,74
50209,51
50210,66
50211,84
50212,76
50213,69
50214,137
50215,155
50216,124
50217,122
50218,124
50219,285
50220,286
50221,307
50222,319
50223,239
50224,186
50225,179
50226,47
50227,44
50228,73
50229,84
50230,68
50231,73
50232,76
50233,87
50234,86
50235,159
50236,165
50237,104
50238,80
50239,83
50240,53
50241,82
50242,71
50243,96
50244,49
50245,73
50246,85
50247,389
50248,168
50249,131
50250,122
50251,114
50252,114
50253,157
50254,540
50255,292
50256,217
50257,180
50258,160
50259,153
50260,213
50261,153
50262,59
50263,51
50264,40
50265,32
50266,26
50267,53
50268,91
50269,47
50270,37
50271,28
50272,20
50273,16
50274,43
50275,274
50276,99
50277,81
50278,75
50279,74
50280,72
50281,112
50282,143
50283,36
50284,30
50285,24
50286,25
50287,23
50288,64
50289,662
50290,273
50291,157
50292,122
50293,110
50294,113
50295,218
50296,80
50297,64
50298,61
50299,51
50300,47
50301,41
50302,43
50303,27
50304,11
50305,11
50306,4
50307,12
50308,14
50309,39
50310,89
50311,18
50312,12
50313,7
50314,12
50315,12
50316,41
50317,77
50318,46
50319,39
50320,30
50321,27
50322,20
50323,30
50324,113
50325,59
50326,56
50327,49
50328,49
50329,40
50330,66
50331,97
50332,88
50333,80
50334,66
50335,50
50336,41
50337,41
50338,56
50339,36
50340,34
50341,30
50342,40
50343,34
50344,46
50345,73
50346,21
50347,17
50348,12
50349,10
50350,8
50351,37
50352,1
50353,10
50354,15
50355,12
50356,9
50357,28
50358,47
50359,292
50360,155
50361,132
50362,121
50363,113
50364,103
50365,125
50366,40
50367,22
50368,20
50369,15
50370,13
50371,8
50372,21
50373,146
50374,63
50375,56
50376,51
50377,48
50378,45
50379,65
50380,264
50381,148
50382,125
50383,106
50384,97
50385,87
50386,96
50387,59
50388,37
50389,32
50390,26
50391,27
50392,25
50393,35
50394,245
50395,121
50396,103
50397,96
50398,94
50399,92
50400,109
50401,105
50402,41
50403,35
50404,27
50405,28
50406,21
50407,40
50408,295
50409,113
50410,80
50411,62
50412,56
50413,57
50414,108
50415,145
50416,62
50417,57
50418,54
50419,46
50420,46
50421,79
50422,157
50423,87
50424,81
50425,72
50426,63
50427,57
50428,87
50429,57
50430,32
50431,28
50432,17
50433,12
50434,6
50435,28
50436,193
50437,80
50438,68
50439,58
50440,51
50441,46
50442,82
50443,232
50444,112
50445,82
50446,71
50447,63
50448,62
50449,96
50450,120
50451,64
50452,55
50453,45
50454,37
50455,32
50456,60
50457,41
50458,36
50459,34
50460,22
50461,12
50462,9
50463,11
50464,396
50465,127
50466,83
50467,73
50468,73
50469,75
50470,127
50471,60
50472,48
50473,48
50474,38
50475,41
50476,40
50477,50
50478,1061
50479,562
50480,350
50481,259
50482,261
50483,252
50484,418
50485,380
50486,214
50487,181
50488,165
50489,148
50490,143
50491,153
50492,405
50493,156
50494,99
50495,94
50496,88
50497,88
50498,143
50499,139
50500,84
50501,74
50502,63
50503,54
50504,46
50505,63
50506,66
50507,50
50508,47
50509,39
50510,33
50511,26
50512,32
50513,119
50514,70
50515,66
50516,60
50517,60
50518,54
50519,71
50520,165
50521,56
50522,50
50523,46
50524,48
50525,45
50526,71
50527,20
50528,17
50529,15
50530,5
50531,0
50532,1
50533,21
50534,25
50535,20
50536,21
50537,15
50538,8
50539,9
50540,17
50541,514
50542,229
50543,148
50544,127
50545,113
50546,112
50547,189
50548,29
50549,27
50550,28
50551,21
50552,18
50553,14
50554,18
50555,11
50556,15
50557,12
50558,14
50559,23
50560,28
50561,50
50562,402
50563,176
50564,127
50565,116
50566,105
50567,100
50568,139
50569,217
50570,123
50571,104
50572,90
50573,82
50574,75
50575,104
50576,154
50577,39
50578,29
50579,20
50580,20
50581,20
50582,52
50583,88
50584,65
50585,57
50586,42
50587,31
50588,25
50589,31
50590,145
50591,71
50592,59
50593,52
50594,44
50595,38
50596,49
50597,94
50598,53
50599,45
50600,35
50601,29
50602,26
50603,46
50604,61
50605,29
50606,24
50607,19
50608,20
50609,15
50610,42
50611,465
50612,201
50613,127
50614,120
50615,113
50616,115
50617,176
50618,288
50619,102
50620,74
50621,63
50622,60
50623,57
50624,108
50625,88
50626,46
50627,41
50628,35
50629,37
50630,33
50631,59
50632,250
50633,97
50634,69
50635,61
50636,57
50637,58
50638,90
50639,1167
50640,619
50641,398
50642,337
50643,343
50644,319
50645,495
50646,61
50647,39
50648,36
50649,28
50650,30
50651,28
50652,48
50653,411
50654,202
50655,156
50656,148
50657,139
50658,139
50659,159
50660,119
50661,75
50662,68
50663,53
50664,45
50665,37
50666,60
50667,138
50668,49
50669,44
50670,34
50671,30
50672,25
50673,51
50674,163
50675,72
50676,69
50677,66
50678,68
50679,65
50680,78
50681,70
50682,44
50683,36
50684,28
50685,31
50686,28
50687,47
50688,71
50689,35
50690,31
50691,23
50692,21
50693,16
50694,30
50695,194
50696,159
50697,155
50698,138
50699,117
50700,101
50701,98
50702,54
50703,11
50704,10
50705,6
50706,19
50707,19
50708,52
50709,152
50710,55
50711,44
50712,34
50713,30
50714,29
50715,61
50716,77
50717,50
50718,53
50719,46
50720,45
50721,41
50722,57
50723,284
50724,155
50725,138
50726,127
50727,123
50728,116
50729,125
50730,61
50731,29
50732,28
50733,22
50734,24
50735,22
50736,38
50737,277
50738,155
50739,137
50740,122
50741,114
50742,107
50743,113
50744,444
50745,175
50746,107
50747,96
50748,90
50749,89
50750,158
50751,156
50752,94
50753,81
50754,67
50755,52
50756,46
50757,69
50758,129
50759,52
50760,47
50761,39
50762,34
50763,29
50764,68
50765,414
50766,142
50767,86
50768,78
50769,69
50770,67
50771,139
50772,482
50773,209
50774,129
50775,121
50776,113
50777,115
50778,177
50779,82
50780,47
50781,37
50782,29
50783,25
50784,22
50785,28
50786,75
50787,54
50788,52
50789,42
50790,38
50791,31
50792,47
50793,94
50794,44
50795,36
50796,28
50797,27
50798,24
50799,33
50800,57
50801,56
50802,52
50803,37
50804,26
50805,19
50806,20
50807,520
50808,263
50809,184
50810,147
50811,129
50812,123
50813,193
50814,27
50815,15
50816,14
50817,8
50818,10
50819,10
50820,21
50821,171
50822,75
50823,66
50824,64
50825,64
50826,62
50827,80
50828,289
50829,114
50830,84
50831,77
50832,78
50833,82
50834,123
50835,73
50836,44
50837,36
50838,26
50839,21
50840,15
50841,34
50842,86
50843,45
50844,39
50845,32
50846,29
50847,25
50848,45
50849,71
50850,31
50851,21
50852,14
50853,13
50854,11
50855,24
50856,145
50857,45
50858,37
50859,30
50860,28
50861,25
50862,54
50863,246
50864,135
50865,109
50866,97
50867,87
50868,84
50869,111
50870,351
50871,184
50872,159
50873,146
50874,133
50875,125
50876,147
50877,33
50878,29
50879,31
50880,24
50881,23
50882,24
50883,27
50884,357
50885,88
50886,65
50887,57
50888,54
50889,58
50890,115
50891,214
50892,108
50893,93
50894,85
50895,78
50896,79
50897,108
50898,312
50899,159
50900,139
50901,127
50902,121
50903,113
50904,127
50905,132
50906,109
50907,103
50908,87
50909,65
50910,57
50911,58
50912,292
50913,114
50914,84
50915,72
50916,75
50917,74
50918,100
50919,30
50920,15
50921,14
50922,10
50923,15
50924,14
50925,32
50926,176
50927,105
50928,94
50929,81
50930,69
50931,60
50932,68
50933,37
50934,8
50935,2
50936,0
50937,0
50938,0
50939,8
50940,119
50941,93
50942,94
50943,85
50944,79
50945,71
50946,68
50947,112
50948,85
50949,83
50950,69
50951,58
50952,51
50953,48
50954,165
50955,94
50956,90
50957,85
50958,75
50959,74
50960,92
50961,410
50962,182
50963,111
50964,102
50965,92
50966,91
50967,145
50968,51
50969,29
50970,26
50971,18
50972,12
50973,9
50974,28
50975,19
50976,23
50977,23
50978,16
50979,9
50980,10
50981,18
50982,146
50983,58
50984,47
50985,40
50986,42
50987,39
50988,68
50989,27
50990,12
50991,16
50992,14
50993,20
50994,19
50995,39
50996,90
50997,48
50998,51
50999,46
51000,50
51001,44
51002,71
51003,45
51004,20
51005,21
51006,15
51007,11
51008,6
51009,23
51010,26
51011,17
51012,15
51013,9
51014,4
51015,3
51016,28
51017,27
51018,0
51019,0
51020,0
51021,1
51022,2
51023,24
51024,97
51025,34
51026,29
51027,24
51028,26
51029,19
51030,38
51031,20
51032,7
51033,7
51034,4
51035,13
51036,13
51037,36
51038,21
51039,14
51040,19
51041,18
51042,25
51043,22
51044,42
51045,28
51046,41
51047,37
51048,30
51049,25
51050,22
51051,22
51052,50
51053,28
51054,28
51055,22
51056,35
51057,31
51058,46
51059,4
51060,10
51061,15
51062,10
51063,4
51064,3
51065,21
51066,89
51067,61
51068,60
51069,55
51070,56
51071,49
51072,55
51073,44
51074,36
51075,34
51076,31
51077,35
51078,30
51079,51
51080,23
51081,8
51082,7
51083,4
51084,6
51085,6
51086,13
51087,12
51088,18
51089,30
51090,32
51091,41
51092,58
51093,66
51094,27
51095,19
51096,16
51097,13
51098,14
51099,13
51100,23
51101,113
51102,58
51103,58
51104,54
51105,58
51106,53
51107,65
51108,29
51109,7
51110,7
51111,5
51112,10
51113,6
51114,17
51115,66
51116,26
51117,25
51118,17
51119,16
51120,11
51121,49
51122,14
51123,17
51124,14
51125,13
51126,19
51127,35
51128,54
51129,37
51130,25
51131,25
51132,20
51133,22
51134,20
51135,43
51136,8
51137,20
51138,19
51139,19
51140,17
51141,32
51142,48
51143,42
51144,16
51145,15
51146,10
51147,11
51148,9
51149,25
51150,28
51151,18
51152,18
51153,14
51154,21
51155,20
51156,35
51157,55
51158,43
51159,37
51160,29
51161,23
51162,17
51163,38
51164,146
51165,53
51166,48
51167,43
51168,44
51169,39
51170,67
51171,36
51172,25
51173,30
51174,21
51175,24
51176,26
51177,43
51178,394
51179,151
51180,123
51181,102
51182,89
51183,87
51184,145
51185,48
51186,46
51187,50
51188,44
51189,43
51190,37
51191,39
51192,73
51193,33
51194,32
51195,30
51196,33
51197,29
51198,38
51199,52
51200,48
51201,43
51202,32
51203,24
51204,19
51205,29
51206,10
51207,11
51208,8
51209,7
51210,15
51211,27
51212,43
51213,36
51214,22
51215,23
51216,20
51217,33
51218,33
51219,46
51220,41
51221,7
51222,6
51223,5
51224,18
51225,20
51226,31
51227,5
51228,24
51229,22
51230,21
51231,20
51232,32
51233,56
51234,86
51235,45
51236,48
51237,44
51238,44
51239,35
51240,58
51241,10
51242,14
51243,11
51244,13
51245,22
51246,28
51247,50
51248,198
51249,101
51250,85
51251,75
51252,67
51253,59
51254,78
51255,53
51256,36
51257,35
51258,25
51259,32
51260,28
51261,47
51262,23
51263,0
51264,0
51265,0
51266,2
51267,9
51268,23
51269,29
51270,35
51271,33
51272,24
51273,23
51274,21
51275,24
51276,105
51277,57
51278,47
51279,41
51280,36
51281,29
51282,40
51283,52
51284,34
51285,32
51286,24
51287,18
51288,15
51289,36
51290,157
51291,67
51292,61
51293,55
51294,54
51295,49
51296,67
51297,27
51298,9
51299,8
51300,5
51301,3
51302,0
51303,34
51304,112
51305,44
51306,35
51307,29
51308,33
51309,25
51310,44
51311,239
51312,108
51313,98
51314,84
51315,77
51316,59
51317,105
51318,42
51319,30
51320,31
51321,27
51322,26
51323,22
51324,45
51325,68
51326,47
51327,46
51328,45
51329,49
51330,46
51331,54
51332,46
51333,12
51334,16
51335,11
51336,13
51337,9
51338,28
51339,62
51340,22
51341,23
51342,21
51343,36
51344,36
51345,47
51346,70
51347,48
51348,43
51349,34
51350,33
51351,26
51352,45
51353,37
51354,23
51355,23
51356,18
51357,29
51358,26
51359,33
51360,25
51361,9
51362,11
51363,7
51364,10
51365,9
51366,20
51367,59
51368,63
51369,65
51370,56
51371,51
51372,45
51373,46
51374,97
51375,41
51376,32
51377,22
51378,23
51379,18
51380,42
51381,54
51382,36
51383,38
51384,35
51385,45
51386,43
51387,51
51388,48
51389,42
51390,43
51391,33
51392,32
51393,28
51394,25
51395,109
51396,44
51397,34
51398,27
51399,28
51400,24
51401,42
51402,34
51403,27
51404,28
51405,28
51406,44
51407,59
51408,77
51409,73
51410,31
51411,28
51412,21
51413,20
51414,13
51415,47
51416,60
51417,12
51418,9
51419,5
51420,16
51421,18
51422,30
51423,33
51424,13
51425,11
51426,10
51427,16
51428,21
51429,27
51430,11
51431,15
51432,14
51433,11
51434,7
51435,7
51436,9
51437,20
51438,14
51439,17
51440,11
51441,15
51442,15
51443,33
51444,35
51445,15
51446,15
51447,11
51448,12
51449,9
51450,18
51451,33
51452,34
51453,35
51454,25
51455,20
51456,17
51457,22
51458,135
51459,68
51460,64
51461,57
51462,54
51463,46
51464,73
51465,13
51466,21
51467,18
51468,21
51469,26
51470,37
51471,47
51472,35
51473,10
51474,9
51475,10
51476,28
51477,30
51478,36
51479,90
51480,47
51481,41
51482,36
51483,44
51484,40
51485,59
51486,41
51487,25
51488,24
51489,18
51490,14
51491,10
51492,31
51493,17
51494,16
51495,14
51496,14
51497,19
51498,32
51499,57
51500,34
51501,13
51502,11
51503,7
51504,11
51505,11
51506,18
51507,11
51508,10
51509,5
51510,8
51511,14
51512,30
51513,39
51514,137
51515,80
51516,73
51517,64
51518,60
51519,53
51520,79
51521,42
51522,38
51523,37
51524,33
51525,31
51526,23
51527,29
51528,92
51529,26
51530,18
51531,14
51532,16
51533,14
51534,34
51535,24
51536,13
51537,13
51538,10
51539,14
51540,16
51541,28
51542,43
51543,23
51544,26
51545,26
51546,33
51547,29
51548,35
51549,0
51550,19
51551,16
51552,14
51553,12
51554,21
51555,31
51556,44
51557,17
51558,16
51559,11
51560,16
51561,13
51562,22
51563,45
51564,18
51565,16
51566,13
51567,16
51568,11
51569,38
51570,36
51571,22
51572,24
51573,17
51574,19
51575,14
51576,14
51577,24
51578,25
51579,35
51580,37
51581,50
51582,60
51583,68
51584,45
51585,47
51586,49
51587,41
51588,35
51589,30
51590,29
51591,46
51592,29
51593,27
51594,25
51595,32
51596,32
51597,46
51598,102
51599,50
51600,41
51601,36
51602,36
51603,28
51604,44
51605,26
51606,15
51607,18
51608,13
51609,7
51610,4
51611,27
51612,11
51613,17
51614,18
51615,12
51616,6
51617,7
51618,20
51619,45
51620,8
51621,8
51622,2
51623,18
51624,20
51625,38
51626,54
51627,44
51628,43
51629,41
51630,45
51631,48
51632,45
51633,197
51634,161
51635,133
51636,119
51637,118
51638,138
51639,132
51640,13
51641,6
51642,2
51643,1
51644,3
51645,5
51646,5
51647,16
51648,8
51649,5
51650,18
51651,20
51652,13
51653,14
51654,36
51655,26
51656,25
51657,39
51658,40
51659,31
51660,29
51661,73
51662,62
51663,58
51664,50
51665,51
51666,48
51667,44
51668,39
51669,28
51670,24
51671,19
51672,20
51673,17
51674,14
51675,58
51676,48
51677,45
51678,45
51679,51
51680,53
51681,47
51682,39
51683,28
51684,26
51685,28
51686,32
51687,45
51688,42
51689,24
51690,18
51691,15
51692,28
51693,36
51694,30
51695,30
51696,22
51697,13
51698,13
51699,23
51700,25
51701,15
51702,18
51703,21
51704,14
51705,12
51706,16
51707,17
51708,8
51709,9
51710,28
51711,21
51712,18
51713,25
51714,26
51715,19
51716,18
51717,103
51718,84
51719,59
51720,47
51721,51
51722,93
51723,88
51724,84
51725,75
51726,69
51727,59
51728,58
51729,49
51730,46
51731,102
51732,89
51733,80
51734,72
51735,77
51736,101
51737,91
51738,30
51739,21
51740,22
51741,30
51742,38
51743,48
51744,49
51745,21
51746,13
51747,9
51748,7
51749,10
51750,4
51751,4
51752,4
51753,4
51754,3
51755,5
51756,16
51757,13
51758,13
51759,105
51760,95
51761,89
51762,79
51763,78
51764,87
51765,84
51766,19
51767,10
51768,10
51769,7
51770,10
51771,4
51772,5
51773,21
51774,13
51775,13
51776,23
51777,26
51778,23
51779,24
51780,1
51781,0
51782,0
51783,0
51784,7
51785,5
51786,9
51787,24
51788,14
51789,12
51790,15
51791,19
51792,37
51793,36
51794,114
51795,92
51796,81
51797,68
51798,68
51799,91
51800,86
51801,56
51802,44
51803,37
51804,28
51805,32
51806,35
51807,31
51808,89
51809,79
51810,76
51811,70
51812,74
51813,78
51814,70
51815,51
51816,41
51817,40
51818,44
51819,52
51820,67
51821,60
51822,49
51823,39
51824,34
51825,27
51826,30
51827,33
51828,30
51829,95
51830,85
51831,78
51832,65
51833,68
51834,53
51835,49
51836,36
51837,26
51838,21
51839,20
51840,25
51841,56
51842,51
51843,32
51844,22
51845,18
51846,19
51847,28
51848,55
51849,50
51850,156
51851,130
51852,110
51853,101
51854,105
51855,138
51856,126
51857,6
51858,6
51859,7
51860,10
51861,42
51862,39
51863,41
51864,43
51865,33
51866,28
51867,26
51868,28
51869,27
51870,25
51871,57
51872,45
51873,40
51874,33
51875,38
51876,46
51877,42
51878,38
51879,28
51880,23
51881,20
51882,24
51883,34
51884,32
51885,46
51886,35
51887,33
51888,28
51889,32
51890,33
51891,30
51892,76
51893,64
51894,55
51895,41
51896,42
51897,31
51898,29
51899,31
51900,24
51901,22
51902,30
51903,33
51904,24
51905,22
51906,37
51907,27
51908,22
51909,19
51910,19
51911,5
51912,3
51913,6
51914,6
51915,9
51916,24
51917,28
51918,26
51919,27
51920,54
51921,43
51922,39
51923,34
51924,37
51925,20
51926,19
51927,62
51928,51
51929,50
51930,48
51931,52
51932,54
51933,50
51934,14
51935,6
51936,5
51937,5
51938,6
51939,0
51940,0
51941,1180
51942,654
51943,417
51944,375
51945,366
51946,341
51947,504
51948,1425
51949,803
51950,566
51951,496
51952,475
51953,405
51954,596
51955,286
51956,95
51957,66
51958,57
51959,43
51960,38
51961,81
51962,130
51963,57
51964,48
51965,44
51966,32
51967,26
51968,41
51969,775
51970,323
51971,183
51972,147
51973,135
51974,119
51975,237
51976,206
51977,71
51978,47
51979,47
51980,41
51981,42
51982,78
51983,1232
51984,604
51985,377
51986,346
51987,348
51988,307
51989,507
51990,251
51991,149
51992,128
51993,119
51994,106
51995,98
51996,99
51997,255
51998,133
51999,100
52000,98
52001,85
52002,76
52003,102
52004,172
52005,46
52006,37
52007,39
52008,34
52009,36
52010,76
52011,332
52012,142
52013,117
52014,112
52015,97
52016,88
52017,121
52018,368
52019,172
52020,136
52021,121
52022,105
52023,96
52024,140
52025,95
52026,86
52027,81
52028,72
52029,54
52030,43
52031,35
52032,582
52033,336
52034,261
52035,231
52036,206
52037,187
52038,217
52039,169
52040,63
52041,54
52042,55
52043,47
52044,40
52045,79
52046,269
52047,132
52048,103
52049,96
52050,78
52051,69
52052,94
52053,1092
52054,667
52055,454
52056,419
52057,401
52058,373
52059,494
52060,137
52061,52
52062,43
52063,42
52064,34
52065,30
52066,52
52067,116
52068,81
52069,78
52070,76
52071,68
52072,60
52073,57
52074,115
52075,58
52076,51
52077,46
52078,33
52079,26
52080,40
52081,262
52082,108
52083,86
52084,86
52085,80
52086,78
52087,106
52088,604
52089,363
52090,285
52091,245
52092,210
52093,189
52094,232
52095,435
52096,205
52097,165
52098,147
52099,130
52100,122
52101,164
52102,1215
52103,685
52104,499
52105,434
52106,422
52107,370
52108,520
52109,197
52110,94
52111,83
52112,80
52113,63
52114,51
52115,82
52116,493
52117,236
52118,158
52119,126
52120,102
52121,90
52122,167
52123,288
52124,98
52125,71
52126,68
52127,59
52128,60
52129,95
52130,324
52131,170
52132,145
52133,140
52134,126
52135,119
52136,136
52137,181
52138,77
52139,55
52140,48
52141,32
52142,26
52143,55
52144,524
52145,217
52146,138
52147,119
52148,104
52149,95
52150,180
52151,650
52152,356
52153,241
52154,206
52155,176
52156,155
52157,232
52158,160
52159,96
52160,88
52161,85
52162,68
52163,54
52164,64
52165,77
52166,57
52167,50
52168,44
52169,29
52170,22
52171,23
52172,543
52173,230
52174,148
52175,133
52176,122
52177,124
52178,212
52179,209
52180,135
52181,114
52182,107
52183,95
52184,88
52185,90
52186,1928
52187,1018
52188,881
52189,793
52190,748
52191,666
52192,1003
52193,586
52194,424
52195,337
52196,290
52197,253
52198,229
52199,250
52200,481
52201,218
52202,144
52203,121
52204,110
52205,105
52206,179
52207,194
52208,106
52209,89
52210,81
52211,71
52212,63
52213,77
52214,212
52215,141
52216,122
52217,116
52218,95
52219,83
52220,93
52221,198
52222,115
52223,107
52224,107
52225,97
52226,84
52227,92
52228,431
52229,151
52230,90
52231,80
52232,71
52233,67
52234,143
52235,117
52236,46
52237,39
52238,35
52239,22
52240,16
52241,29
52242,151
52243,79
52244,72
52245,69
52246,55
52247,46
52248,61
52249,1130
52250,613
52251,410
52252,376
52253,369
52254,343
52255,499
52256,66
52257,65
52258,61
52259,58
52260,40
52261,33
52262,25
52263,189
52264,95
52265,80
52266,76
52267,69
52268,60
52269,84
52270,695
52271,354
52272,232
52273,197
52274,178
52275,160
52276,247
52277,559
52278,324
52279,248
52280,221
52281,196
52282,181
52283,218
52284,420
52285,123
52286,44
52287,43
52288,38
52289,38
52290,129
52291,83
52292,64
52293,57
52294,51
52295,34
52296,25
52297,23
52298,488
52299,247
52300,169
52301,143
52302,130
52303,117
52304,182
52305,209
52306,111
52307,103
52308,102
52309,81
52310,66
52311,102
52312,321
52313,110
52314,84
52315,79
52316,71
52317,68
52318,121
52319,916
52320,450
52321,296
52322,235
52323,215
52324,195
52325,320
52326,452
52327,214
52328,143
52329,116
52330,104
52331,89
52332,156
52333,370
52334,158
52335,127
52336,123
52337,107
52338,103
52339,142
52340,705
52341,319
52342,186
52343,154
52344,140
52345,124
52346,233
52347,2115
52348,1043
52349,948
52350,902
52351,849
52352,741
52353,1071
52354,222
52355,128
52356,107
52357,104
52358,83
52359,69
52360,95
52361,616
52362,355
52363,253
52364,216
52365,199
52366,191
52367,228
52368,388
52369,209
52370,160
52371,140
52372,119
52373,111
52374,131
52375,188
52376,71
52377,63
52378,62
52379,51
52380,44
52381,81
52382,484
52383,171
52384,91
52385,97
52386,94
52387,93
52388,170
52389,567
52390,261
52391,156
52392,144
52393,121
52394,108
52395,175
52396,217
52397,128
52398,126
52399,126
52400,113
52401,94
52402,112
52403,216
52404,101
52405,81
52406,80
52407,65
52408,59
52409,87
52410,69
52411,45
52412,43
52413,45
52414,52
52415,48
52416,46
52417,465
52418,348
52419,288
52420,254
52421,221
52422,196
52423,191
52424,138
52425,38
52426,31
52427,32
52428,32
52429,26
52430,61
52431,311
52432,120
52433,100
52434,95
52435,77
52436,70
52437,114
52438,397
52439,214
52440,164
52441,151
52442,130
52443,122
52444,144
52445,632
52446,367
52447,274
52448,248
52449,225
52450,202
52451,227
52452,182
52453,98
52454,88
52455,87
52456,75
52457,65
52458,81
52459,271
52460,169
52461,142
52462,135
52463,116
52464,104
52465,108
52466,834
52467,382
52468,221
52469,163
52470,149
52471,137
52472,271
52473,303
52474,146
52475,118
52476,106
52477,91
52478,83
52479,106
52480,187
52481,73
52482,54
52483,50
52484,39
52485,34
52486,71
52487,745
52488,325
52489,192
52490,150
52491,128
52492,115
52493,250
52494,790
52495,375
52496,246
52497,203
52498,187
52499,179
52500,289
52501,541
52502,260
52503,182
52504,162
52505,145
52506,136
52507,194
52508,293
52509,163
52510,141
52511,135
52512,114
52513,100
52514,117
52515,176
52516,90
52517,80
52518,75
52519,60
52520,48
52521,71
52522,440
52523,270
52524,218
52525,187
52526,152
52527,135
52528,155
52529,1021
52530,576
52531,411
52532,361
52533,339
52534,295
52535,433
52536,461
52537,196
52538,127
52539,120
52540,112
52541,111
52542,171
52543,440
52544,217
52545,168
52546,147
52547,136
52548,129
52549,164
52550,309
52551,122
52552,89
52553,81
52554,69
52555,62
52556,104
52557,220
52558,122
52559,103
52560,102
52561,83
52562,72
52563,92
52564,178
52565,72
52566,59
52567,58
52568,52
52569,48
52570,75
52571,155
52572,48
52573,36
52574,32
52575,26
52576,22
52577,52
52578,549
52579,294
52580,214
52581,192
52582,176
52583,162
52584,207
52585,841
52586,513
52587,389
52588,325
52589,309
52590,271
52591,311
52592,303
52593,167
52594,142
52595,131
52596,110
52597,101
52598,116
52599,486
52600,198
52601,124
52602,102
52603,91
52604,90
52605,183
52606,528
52607,262
52608,186
52609,165
52610,148
52611,146
52612,209
52613,952
52614,620
52615,475
52616,443
52617,421
52618,364
52619,398
52620,420
52621,271
52622,225
52623,194
52624,157
52625,137
52626,139
52627,429
52628,176
52629,129
52630,119
52631,110
52632,101
52633,149
52634,336
52635,121
52636,95
52637,90
52638,76
52639,73
52640,122
52641,419
52642,237
52643,194
52644,165
52645,140
52646,127
52647,155
52648,113
52649,42
52650,35
52651,36
52652,27
52653,24
52654,43
52655,308
52656,184
52657,163
52658,159
52659,141
52660,131
52661,140
52662,230
52663,157
52664,130
52665,120
52666,91
52667,77
52668,87
52669,545
52670,313
52671,244
52672,202
52673,189
52674,170
52675,224
52676,988
52677,480
52678,309
52679,247
52680,236
52681,220
52682,397
52683,359
52684,148
52685,116
52686,110
52687,94
52688,90
52689,132
52690,140
52691,88
52692,84
52693,80
52694,66
52695,59
52696,60
52697,464
52698,191
52699,93
52700,85
52701,77
52702,72
52703,144
52704,114
52705,108
52706,74
52707,71
52708,62
52709,55
52710,37
52711,281
52712,273
52713,174
52714,147
52715,123
52716,119
52717,86
52718,0
52719,5
52720,9
52721,11
52722,8
52723,4
52724,19
52725,74
52726,68
52727,29
52728,27
52729,25
52730,31
52731,31
52732,29
52733,28
52734,25
52735,25
52736,23
52737,33
52738,26
52739,6
52740,22
52741,13
52742,14
52743,14
52744,29
52745,24
52746,215
52747,209
52748,99
52749,88
52750,73
52751,79
52752,62
52753,0
52754,12
52755,13
52756,19
52757,17
52758,30
52759,35
52760,28
52761,20
52762,21
52763,21
52764,19
52765,26
52766,29
52767,10
52768,33
52769,9
52770,14
52771,14
52772,31
52773,49
52774,26
52775,22
52776,26
52777,23
52778,20
52779,22
52780,13
52781,57
52782,53
52783,37
52784,36
52785,31
52786,43
52787,34
52788,4
52789,9
52790,27
52791,32
52792,28
52793,25
52794,41
52795,59
52796,49
52797,41
52798,40
52799,36
52800,65
52801,30
52802,0
52803,14
52804,4
52805,5
52806,2
52807,0
52808,15
52809,79
52810,74
52811,61
52812,60
52813,53
52814,51
52815,42
52816,149
52817,139
52818,106
52819,98
52820,78
52821,67
52822,61
52823,14
52824,30
52825,26
52826,31
52827,28
52828,30
52829,39
52830,0
52831,8
52832,4
52833,4
52834,4
52835,12
52836,20
52837,158
52838,154
52839,103
52840,92
52841,76
52842,61
52843,51
52844,13
52845,29
52846,20
52847,21
52848,20
52849,35
52850,36
52851,67
52852,58
52853,44
52854,44
52855,41
52856,69
52857,35
52858,94
52859,83
52860,53
52861,46
52862,36
52863,33
52864,27
52865,34
52866,41
52867,33
52868,31
52869,28
52870,41
52871,32
52872,26
52873,30
52874,33
52875,34
52876,30
52877,35
52878,35
52879,0
52880,14
52881,11
52882,15
52883,12
52884,12
52885,22
52886,54
52887,50
52888,33
52889,31
52890,30
52891,30
52892,26
52893,53
52894,47
52895,36
52896,34
52897,31
52898,38
52899,33
52900,18
52901,22
52902,24
52903,24
52904,20
52905,21
52906,18
52907,13
52908,25
52909,20
52910,24
52911,24
52912,32
52913,39
52914,121
52915,115
52916,57
52917,50
52918,44
52919,64
52920,31
52921,446
52922,451
52923,222
52924,194
52925,145
52926,161
52927,116
52928,70
52929,63
52930,71
52931,65
52932,55
52933,52
52934,36
52935,201
52936,193
52937,96
52938,91
52939,78
52940,89
52941,61
52942,0
52943,2
52944,5
52945,4
52946,1
52947,2
52948,9
52949,27
52950,24
52951,24
52952,22
52953,19
52954,23
52955,18
52956,23
52957,27
52958,28
52959,31
52960,31
52961,42
52962,42
52963,60
52964,56
52965,31
52966,33
52967,32
52968,57
52969,49
52970,22
52971,13
52972,24
52973,21
52974,15
52975,12
52976,18
52977,81
52978,80
52979,50
52980,49
52981,45
52982,43
52983,41
52984,10
52985,26
52986,22
52987,27
52988,25
52989,27
52990,39
52991,4
52992,19
52993,13
52994,14
52995,13
52996,19
52997,26
52998,78
52999,69
53000,47
53001,42
53002,35
53003,40
53004,25
53005,17
53006,43
53007,20
53008,25
53009,21
53010,31
53011,55
53012,13
53013,35
53014,12
53015,11
53016,10
53017,32
53018,37
53019,27
53020,31
53021,39
53022,42
53023,39
53024,40
53025,52
53026,0
53027,0
53028,1
53029,2
53030,1
53031,11
53032,11
53033,13
53034,41
53035,18
53036,22
53037,22
53038,26
53039,51
53040,211
53041,208
53042,99
53043,91
53044,76
53045,92
53046,69
53047,2
53048,24
53049,11
53050,16
53051,15
53052,27
53053,34
53054,24
53055,23
53056,15
53057,13
53058,12
53059,36
53060,15
53061,32
53062,40
53063,27
53064,25
53065,23
53066,30
53067,24
53068,671
53069,661
53070,348
53071,311
53072,237
53073,225
53074,198
53075,37
53076,30
53077,32
53078,31
53079,27
53080,42
53081,26
53082,15
53083,30
53084,24
53085,28
53086,25
53087,37
53088,44
53089,121
53090,116
53091,65
53092,64
53093,58
53094,79
53095,66
53096,45
53097,45
53098,33
53099,32
53100,29
53101,35
53102,31
53103,40
53104,32
53105,29
53106,27
53107,24
53108,37
53109,22
53110,9
53111,26
53112,15
53113,19
53114,17
53115,21
53116,30
53117,53
53118,46
53119,32
53120,33
53121,32
53122,58
53123,41
53124,38
53125,42
53126,54
53127,56
53128,51
53129,51
53130,44
53131,36
53132,38
53133,17
53134,22
53135,21
53136,56
53137,31
53138,54
53139,49
53140,44
53141,42
53142,40
53143,48
53144,49
53145,2
53146,19
53147,11
53148,10
53149,9
53150,14
53151,22
53152,13
53153,34
53154,26
53155,30
53156,28
53157,43
53158,56
53159,95
53160,89
53161,52
53162,49
53163,42
53164,55
53165,30
53166,142
53167,136
53168,62
53169,57
53170,46
53171,69
53172,31
53173,456
53174,460
53175,236
53176,209
53177,161
53178,167
53179,123
53180,0
53181,23
53182,7
53183,8
53184,8
53185,6
53186,40
53187,40
53188,31
53189,37
53190,34
53191,27
53192,39
53193,22
53194,4
53195,12
53196,18
53197,22
53198,18
53199,19
53200,26
53201,92
53202,88
53203,62
53204,57
53205,50
53206,42
53207,32
53208,131
53209,122
53210,70
53211,62
53212,49
53213,61
53214,35
53215,84
53216,78
53217,35
53218,34
53219,33
53220,62
53221,39
53222,42
53223,36
53224,24
53225,26
53226,25
53227,51
53228,34
53229,12
53230,25
53231,18
53232,18
53233,18
53234,23
53235,30
53236,15
53237,24
53238,17
53239,18
53240,17
53241,36
53242,36
53243,3
53244,19
53245,10
53246,15
53247,15
53248,31
53249,23
53250,79
53251,72
53252,55
53253,48
53254,40
53255,49
53256,32
53257,0
53258,9
53259,0
53260,0
53261,0
53262,1
53263,14
53264,85
53265,77
53266,69
53267,65
53268,56
53269,56
53270,43
53271,24
53272,14
53273,25
53274,22
53275,20
53276,21
53277,14
53278,92
53279,81
53280,76
53281,68
53282,54
53283,43
53284,44
53285,39
53286,41
53287,13
53288,14
53289,13
53290,34
53291,24
53292,25
53293,19
53294,19
53295,20
53296,17
53297,24
53298,22
53299,116
53300,107
53301,74
53302,67
53303,53
53304,46
53305,31
53306,44
53307,34
53308,51
53309,45
53310,39
53311,33
53312,33
53313,37
53314,60
53315,37
53316,43
53317,43
53318,68
53319,75
53320,16
53321,25
53322,24
53323,28
53324,27
53325,34
53326,43
53327,21
53328,42
53329,28
53330,31
53331,29
53332,32
53333,51
53334,22
53335,34
53336,33
53337,38
53338,37
53339,55
53340,58
53341,36
53342,29
53343,38
53344,38
53345,33
53346,36
53347,28
53348,20
53349,29
53350,29
53351,31
53352,30
53353,39
53354,49
53355,119
53356,114
53357,66
53358,61
53359,48
53360,41
53361,34
53362,7
53363,23
53364,19
53365,24
53366,23
53367,20
53368,35
53369,38
53370,29
53371,40
53372,40
53373,33
53374,25
53375,20
53376,111
53377,85
53378,84
53379,133
53380,98
53381,100
53382,73
53383,163
53384,137
53385,114
53386,175
53387,124
53388,110
53389,82
53390,139
53391,131
53392,107
53393,169
53394,132
53395,131
53396,83
53397,97
53398,80
53399,44
53400,101
53401,66
53402,62
53403,58
53404,155
53405,130
53406,110
53407,172
53408,137
53409,135
53410,87
53411,59
53412,38
53413,18
53414,57
53415,57
53416,70
53417,71
53418,82
53419,69
53420,69
53421,133
53422,125
53423,136
53424,113
53425,122
53426,90
53427,83
53428,153
53429,151
53430,159
53431,111
53432,70
53433,49
53434,39
53435,108
53436,111
53437,112
53438,89
53439,142
53440,113
53441,108
53442,170
53443,140
53444,150
53445,102
53446,46
53447,45
53448,33
53449,93
53450,83
53451,93
53452,72
53453,75
53454,72
53455,37
53456,63
53457,50
53458,53
53459,50
53460,71
53461,61
53462,44
53463,109
53464,113
53465,119
53466,95
53467,84
53468,76
53469,62
53470,127
53471,115
53472,119
53473,99
53474,117
53475,102
53476,58
53477,115
53478,78
53479,78
53480,58
53481,114
53482,93
53483,87
53484,157
53485,120
53486,118
53487,102
53488,123
53489,107
53490,94
53491,171
53492,157
53493,157
53494,109
53495,55
53496,42
53497,15
53498,73
53499,62
53500,70
53501,69
53502,31
53503,18
53504,0
53505,41
53506,30
53507,46
53508,50
53509,91
53510,70
53511,52
53512,104
53513,94
53514,97
53515,81
53516,156
53517,134
53518,85
53519,148
53520,101
53521,92
53522,67
53523,173
53524,147
53525,123
53526,182
53527,148
53528,143
53529,95
53530,90
53531,75
53532,66
53533,125
53534,88
53535,93
53536,84
53537,173
53538,137
53539,106
53540,167
53541,127
53542,133
53543,85
53544,163
53545,133
53546,99
53547,157
53548,126
53549,117
53550,91
53551,192
53552,165
53553,139
53554,191
53555,126
53556,118
53557,71
53558,99
53559,102
53560,69
53561,118
53562,98
53563,97
53564,75
53565,162
53566,137
53567,113
53568,162
53569,103
53570,89
53571,64
53572,110
53573,168
53574,95
53575,79
53576,50
53577,66
53578,92
53579,174
53580,235
53581,146
53582,124
53583,101
53584,114
53585,122
53586,24
53587,54
53588,22
53589,0
53590,0
53591,2
53592,28
53593,534
53594,388
53595,222
53596,176
53597,117
53598,137
53599,214
53600,46
53601,100
53602,63
53603,24
53604,30
53605,43
53606,57
53607,72
53608,94
53609,39
53610,20
53611,28
53612,40
53613,79
53614,112
53615,154
53616,82
53617,75
53618,50
53619,70
53620,83
53621,196
53622,233
53623,161
53624,158
53625,133
53626,145
53627,152
53628,0
53629,21
53630,6
53631,10
53632,10
53633,45
53634,61
53635,0
53636,21
53637,18
53638,10
53639,14
53640,47
53641,55
53642,208
53643,250
53644,173
53645,153
53646,116
53647,130
53648,140
53649,349
53650,361
53651,245
53652,207
53653,165
53654,180
53655,191
53656,0
53657,36
53658,26
53659,32
53660,42
53661,73
53662,98
53663,80
53664,128
53665,71
53666,38
53667,36
53668,55
53669,79
53670,57
53671,124
53672,76
53673,58
53674,71
53675,79
53676,91
53677,23
53678,76
53679,47
53680,39
53681,43
53682,57
53683,76
53684,154
53685,195
53686,111
53687,92
53688,74
53689,91
53690,103
53691,18
53692,67
53693,18
53694,2
53695,14
53696,27
53697,49
53698,27
53699,76
53700,29
53701,8
53702,20
53703,23
53704,59
53705,88
53706,158
53707,114
53708,122
53709,91
53710,99
53711,117
53712,16
53713,53
53714,33
53715,3
53716,3
53717,13
53718,29
53719,67
53720,127
53721,65
53722,38
53723,25
53724,36
53725,70
53726,82
53727,144
53728,77
53729,41
53730,39
53731,53
53732,68
53733,0
53734,36
53735,24
53736,3
53737,2
53738,12
53739,22
53740,341
53741,276
53742,159
53743,125
53744,80
53745,98
53746,147
53747,41
53748,107
53749,63
53750,51
53751,52
53752,63
53753,76
53754,686
53755,501
53756,314
53757,234
53758,168
53759,185
53760,266
53761,152
53762,230
53763,170
53764,152
53765,136
53766,139
53767,136
53768,220
53769,221
53770,141
53771,105
53772,99
53773,104
53774,142
53775,142
53776,217
53777,156
53778,139
53779,105
53780,109
53781,115
53782,62
53783,67
53784,26
53785,12
53786,31
53787,40
53788,80
53789,38
53790,76
53791,42
53792,13
53793,12
53794,19
53795,40
53796,0
53797,16
53798,14
53799,11
53800,13
53801,33
53802,43
53803,160
53804,199
53805,114
53806,91
53807,95
53808,107
53809,118
53810,32
53811,65
53812,36
53813,32
53814,47
53815,63
53816,83
53817,212
53818,251
53819,149
53820,116
53821,80
53822,90
53823,121
53824,120
53825,187
53826,125
53827,115
53828,86
53829,99
53830,108
53831,107
53832,117
53833,63
53834,40
53835,38
53836,49
53837,93
53838,46
53839,128
53840,66
53841,39
53842,33
53843,41
53844,57
53845,0
53846,25
53847,30
53848,51
53849,33
53850,50
53851,63
53852,210
53853,230
53854,144
53855,104
53856,80
53857,89
53858,118
53859,52
53860,94
53861,47
53862,39
53863,47
53864,57
53865,88
53866,1318
53867,1009
53868,678
53869,431
53870,361
53871,361
53872,538
53873,22
53874,111
53875,48
53876,17
53877,27
53878,39
53879,61
53880,39
53881,118
53882,66
53883,37
53884,43
53885,50
53886,66
53887,70
53888,100
53889,51
53890,19
53891,30
53892,35
53893,59
53894,132
53895,114
53896,81
53897,60
53898,74
53899,90
53900,112
53901,168
53902,198
53903,151
53904,126
53905,130
53906,133
53907,141
53908,28
53909,78
53910,42
53911,28
53912,33
53913,50
53914,74
53915,19
53916,78
53917,33
53918,0
53919,9
53920,19
53921,48
53922,73
53923,133
53924,78
53925,71
53926,59
53927,68
53928,73
53929,228
53930,237
53931,147
53932,110
53933,84
53934,100
53935,132
53936,0
53937,49
53938,30
53939,29
53940,38
53941,67
53942,94
53943,87
53944,149
53945,116
53946,113
53947,102
53948,108
53949,124
53950,345
53951,278
53952,153
53953,125
53954,71
53955,88
53956,138
53957,391
53958,331
53959,203
53960,168
53961,150
53962,160
53963,192
53964,27
53965,57
53966,26
53967,10
53968,15
53969,33
53970,48
53971,65
53972,142
53973,90
53974,71
53975,63
53976,69
53977,73
53978,52
53979,85
53980,38
53981,2
53982,9
53983,14
53984,33
53985,46
53986,107
53987,64
53988,50
53989,50
53990,58
53991,67
53992,408
53993,391
53994,258
53995,216
53996,146
53997,152
53998,180
53999,111
54000,135
54001,73
54002,64
54003,59
54004,85
54005,102
54006,77
54007,126
54008,81
54009,59
54010,68
54011,86
54012,98
54013,19
54014,56
54015,32
54016,19
54017,18
54018,30
54019,46
54020,25
54021,65
54022,38
54023,38
54024,49
54025,66
54026,82
54027,36
54028,76
54029,27
54030,5
54031,19
54032,38
54033,61
54034,81
54035,164
54036,95
54037,71
54038,52
54039,67
54040,75
54041,47
54042,102
54043,68
54044,47
54045,54
54046,61
54047,71
54048,221
54049,204
54050,122
54051,92
54052,67
54053,87
54054,136
54055,65
54056,129
54057,81
54058,51
54059,46
54060,58
54061,69
54062,240
54063,276
54064,176
54065,146
54066,105
54067,113
54068,120
54069,27
54070,104
54071,75
54072,53
54073,41
54074,53
54075,69
54076,182
54077,212
54078,132
54079,109
54080,73
54081,85
54082,112
54083,44
54084,108
54085,70
54086,52
54087,49
54088,58
54089,77
54090,0
54091,24
54092,9
54093,3
54094,8
54095,29
54096,45
54097,100
54098,191
54099,127
54100,110
54101,101
54102,103
54103,96
54104,82
54105,140
54106,95
54107,85
54108,86
54109,96
54110,99
54111,331
54112,320
54113,181
54114,136
54115,104
54116,110
54117,150
54118,28
54119,59
54120,32
54121,20
54122,22
54123,33
54124,44
54125,40
54126,97
54127,59
54128,32
54129,32
54130,39
54131,51
54132,49
54133,66
54134,41
54135,30
54136,47
54137,67
54138,100
54139,359
54140,355
54141,188
54142,161
54143,119
54144,115
54145,113
54146,576
54147,551
54148,337
54149,273
54150,210
54151,192
54152,200
54153,212
54154,198
54155,113
54156,94
54157,69
54158,57
54159,39
54160,52
54161,33
54162,26
54163,25
54164,22
54165,16
54166,12
54167,472
54168,474
54169,233
54170,186
54171,138
54172,125
54173,138
54174,731
54175,724
54176,312
54177,250
54178,188
54179,179
54180,229
54181,0
54182,0
54183,1
54184,0
54185,0
54186,0
54187,0
54188,37
54189,22
54190,24
54191,20
54192,15
54193,12
54194,17
54195,133
54196,121
54197,41
54198,37
54199,27
54200,33
54201,38
54202,45
54203,32
54204,23
54205,24
54206,22
54207,25
54208,34
54209,88
54210,82
54211,56
54212,50
54213,45
54214,55
54215,42
54216,77
54217,60
54218,75
54219,69
54220,61
54221,54
54222,36
54223,138
54224,124
54225,76
54226,72
54227,64
54228,74
54229,66
54230,96
54231,83
54232,45
54233,43
54234,33
54235,24
54236,22
54237,9
54238,0
54239,6
54240,5
54241,0
54242,0
54243,0
54244,267
54245,265
54246,158
54247,149
54248,123
54249,108
54250,92
54251,155
54252,141
54253,115
54254,100
54255,84
54256,83
54257,78
54258,83
54259,69
54260,53
54261,36
54262,25
54263,21
54264,14
54265,140
54266,128
54267,64
54268,55
54269,50
54270,57
54271,45
54272,237
54273,233
54274,161
54275,137
54276,111
54277,94
54278,76
54279,399
54280,381
54281,204
54282,167
54283,141
54284,127
54285,125
54286,235
54287,223
54288,118
54289,99
54290,73
54291,50
54292,41
54293,189
54294,182
54295,91
54296,84
54297,70
54298,73
54299,66
54300,82
54301,70
54302,71
54303,58
54304,47
54305,45
54306,47
54307,84
54308,70
54309,49
54310,40
54311,23
54312,8
54313,12
54314,120
54315,112
54316,42
54317,36
54318,29
54319,33
54320,25
54321,88
54322,71
54323,36
54324,28
54325,22
54326,25
54327,23
54328,78
54329,65
54330,49
54331,42
54332,33
54333,37
54334,27
54335,28
54336,15
54337,36
54338,19
54339,8
54340,0
54341,0
54342,383
54343,372
54344,171
54345,151
54346,117
54347,112
54348,122
54349,54
54350,42
54351,54
54352,46
54353,42
54354,52
54355,38
54356,880
54357,851
54358,399
54359,352
54360,271
54361,258
54362,276
54363,224
54364,211
54365,177
54366,154
54367,131
54368,116
54369,99
54370,435
54371,423
54372,207
54373,159
54374,130
54375,119
54376,131
54377,33
54378,19
54379,35
54380,23
54381,12
54382,5
54383,0
54384,65
54385,48
54386,52
54387,49
54388,45
54389,37
54390,36
54391,188
54392,175
54393,95
54394,93
54395,79
54396,80
54397,74
54398,186
54399,178
54400,74
54401,68
54402,59
54403,66
54404,59
54405,12
54406,0
54407,10
54408,0
54409,0
54410,0
54411,0
54412,20
54413,10
54414,11
54415,13
54416,11
54417,8
54418,7
54419,619
54420,618
54421,311
54422,255
54423,189
54424,168
54425,197
54426,73
54427,57
54428,62
54429,57
54430,48
54431,49
54432,29
54433,75
54434,62
54435,40
54436,33
54437,29
54438,36
54439,30
54440,429
54441,415
54442,228
54443,174
54444,134
54445,124
54446,129
54447,125
54448,110
54449,78
54450,67
54451,53
54452,60
54453,44
54454,152
54455,143
54456,54
54457,46
54458,36
54459,33
54460,43
54461,23
54462,9
54463,35
54464,28
54465,22
54466,18
54467,17
54468,193
54469,182
54470,75
54471,68
54472,61
54473,67
54474,61
54475,165
54476,145
54477,87
54478,72
54479,61
54480,61
54481,46
54482,106
54483,93
54484,68
54485,61
54486,53
54487,59
54488,52
54489,122
54490,106
54491,56
54492,49
54493,43
54494,53
54495,45
54496,572
54497,565
54498,272
54499,228
54500,169
54501,167
54502,179
54503,217
54504,206
54505,110
54506,96
54507,76
54508,73
54509,65
54510,148
54511,132
54512,69
54513,63
54514,53
54515,57
54516,49
54517,244
54518,240
54519,119
54520,101
54521,81
54522,71
54523,65
54524,1456
54525,1385
54526,701
54527,578
54528,442
54529,408
54530,444
54531,97
54532,82
54533,56
54534,48
54535,37
54536,41
54537,33
54538,216
54539,200
54540,123
54541,112
54542,102
54543,106
54544,103
54545,27
54546,12
54547,15
54548,12
54549,5
54550,2
54551,0
54552,93
54553,87
54554,49
54555,39
54556,27
54557,18
54558,17
54559,363
54560,354
54561,176
54562,156
54563,122
54564,118
54565,116
54566,207
54567,204
54568,115
54569,108
54570,91
54571,86
54572,80
54573,128
54574,114
54575,77
54576,71
54577,60
54578,71
54579,55
54580,184
54581,172
54582,83
54583,73
54584,55
54585,49
54586,47
54587,295
54588,273
54589,233
54590,190
54591,143
54592,123
54593,95
54594,90
54595,79
54596,38
54597,37
54598,31
54599,37
54600,40
54601,155
54602,138
54603,89
54604,70
54605,53
54606,59
54607,53
54608,167
54609,157
54610,110
54611,95
54612,80
54613,84
54614,67
54615,61
54616,50
54617,31
54618,23
54619,24
54620,34
54621,24
54622,268
54623,251
54624,175
54625,150
54626,116
54627,101
54628,85
54629,435
54630,437
54631,196
54632,171
54633,110
54634,113
54635,127
54636,72
54637,59
54638,68
54639,60
54640,56
54641,63
54642,49
54643,394
54644,381
54645,171
54646,137
54647,100
54648,93
54649,97
54650,629
54651,606
54652,292
54653,241
54654,186
54655,174
54656,210
54657,110
54658,101
54659,48
54660,46
54661,37
54662,42
54663,30
54664,210
54665,199
54666,157
54667,132
54668,106
54669,91
54670,80
54671,74
54672,57
54673,60
54674,42
54675,29
54676,20
54677,8
54678,496
54679,495
54680,262
54681,214
54682,154
54683,147
54684,148
54685,110
54686,99
54687,51
54688,46
54689,35
54690,39
54691,32
54692,187
54693,172
54694,71
54695,71
54696,68
54697,76
54698,77
54699,165
54700,155
54701,87
54702,77
54703,69
54704,80
54705,67
54706,112
54707,95
54708,58
54709,52
54710,38
54711,43
54712,27
54713,18
54714,29
54715,31
54716,24
54717,36
54718,40
54719,58
54720,145
54721,133
54722,70
54723,53
54724,42
54725,51
54726,49
54727,7
54728,24
54729,16
54730,20
54731,20
54732,21
54733,36
54734,270
54735,258
54736,153
54737,133
54738,111
54739,105
54740,98
54741,527
54742,514
54743,279
54744,257
54745,193
54746,195
54747,193
54748,236
54749,218
54750,115
54751,97
54752,75
54753,73
54754,68
54755,278
54756,270
54757,132
54758,111
54759,89
54760,80
54761,87
54762,121
54763,110
54764,75
54765,63
54766,52
54767,59
54768,56
54769,266
54770,253
54771,155
54772,133
54773,102
54774,90
54775,71
54776,289
54777,266
54778,220
54779,174
54780,127
54781,98
54782,77
54783,254
54784,243
54785,137
54786,111
54787,91
54788,85
54789,90
54790,103
54791,99
54792,52
54793,49
54794,39
54795,46
54796,36
54797,127
54798,110
54799,69
54800,60
54801,48
54802,47
54803,31
54804,52
54805,39
54806,24
54807,14
54808,9
54809,3
54810,10
54811,83
54812,71
54813,65
54814,62
54815,52
54816,59
54817,42
54818,79
54819,66
54820,78
54821,63
54822,51
54823,53
54824,45
54825,30
54826,16
54827,15
54828,15
54829,13
54830,17
54831,24
54832,88
54833,73
54834,59
54835,56
54836,49
54837,59
54838,52
54839,477
54840,482
54841,244
54842,197
54843,144
54844,139
54845,148
54846,79
54847,64
54848,35
54849,32
54850,27
54851,30
54852,15
54853,12
54854,2
54855,16
54856,14
54857,9
54858,4
54859,3
54860,59
54861,70
54862,33
54863,36
54864,38
54865,48
54866,89
54867,68
54868,89
54869,160
54870,78
54871,37
54872,38
54873,34
54874,0
54875,14
54876,116
54877,35
54878,59
54879,71
54880,64
54881,32
54882,67
54883,198
54884,87
54885,95
54886,108
54887,102
54888,50
54889,65
54890,127
54891,71
54892,41
54893,40
54894,27
54895,34
54896,70
54897,194
54898,88
54899,111
54900,120
54901,111
54902,6
54903,34
54904,50
54905,43
54906,31
54907,38
54908,30
54909,55
54910,70
54911,80
54912,72
54913,63
54914,69
54915,64
54916,24
54917,40
54918,73
54919,39
54920,43
54921,49
54922,42
54923,33
54924,58
54925,68
54926,73
54927,65
54928,69
54929,63
54930,49
54931,53
54932,121
54933,47
54934,24
54935,51
54936,43
54937,43
54938,62
54939,86
54940,60
54941,52
54942,60
54943,53
54944,0
54945,25
54946,128
54947,58
54948,67
54949,72
54950,65
54951,18
54952,27
54953,72
54954,32
54955,19
54956,26
54957,17
54958,10
54959,33
54960,107
54961,51
54962,67
54963,75
54964,72
54965,11
54966,32
54967,157
54968,47
54969,71
54970,78
54971,71
54972,39
54973,63
54974,158
54975,73
54976,87
54977,97
54978,91
54979,28
54980,57
54981,185
54982,77
54983,92
54984,99
54985,92
54986,15
54987,40
54988,128
54989,60
54990,66
54991,71
54992,66
54993,36
54994,73
54995,109
54996,71
54997,75
54998,81
54999,76
55000,18
55001,33
55002,85
55003,57
55004,55
55005,64
55006,55
55007,20
55008,47
55009,108
55010,56
55011,79
55012,88
55013,81
55014,25
55015,58
55016,80
55017,68
55018,74
55019,79
55020,73
55021,23
55022,24
55023,138
55024,32
55025,14
55026,14
55027,8
55028,29
55029,54
55030,61
55031,54
55032,67
55033,74
55034,65
55035,38
55036,65
55037,92
55038,75
55039,63
55040,66
55041,57
55042,48
55043,63
55044,92
55045,74
55046,56
55047,58
55048,49
55049,18
55050,46
55051,133
55052,61
55053,77
55054,89
55055,86
55056,23
55057,32
55058,29
55059,31
55060,39
55061,48
55062,45
55063,38
55064,42
55065,45
55066,47
55067,56
55068,79
55069,69
55070,16
55071,8
55072,9
55073,13
55074,17
55075,60
55076,63
55077,20
55078,21
55079,25
55080,24
55081,29
55082,55
55083,51
55084,40
55085,31
55086,35
55087,39
55088,50
55089,68
55090,64
55091,49
55092,46
55093,50
55094,50
55095,59
55096,90
55097,96
55098,21
55099,27
55100,28
55101,30
55102,29
55103,47
55104,48
55105,52
55106,44
55107,47
55108,52
55109,61
55110,104
55111,104
55112,12
55113,24
55114,15
55115,15
55116,22
55117,32
55118,28
55119,17
55120,24
55121,25
55122,29
55123,30
55124,70
55125,71
55126,23
55127,24
55128,28
55129,33
55130,44
55131,65
55132,63
55133,15
55134,28
55135,26
55136,23
55137,30
55138,49
55139,50
55140,20
55141,24
55142,29
55143,31
55144,41
55145,48
55146,40
55147,8
55148,12
55149,5
55150,0
55151,0
55152,0
55153,0
55154,16
55155,22
55156,25
55157,24
55158,21
55159,19
55160,14
55161,17
55162,27
55163,23
55164,25
55165,31
55166,46
55167,43
55168,0
55169,18
55170,10
55171,12
55172,12
55173,50
55174,50
55175,0
55176,16
55177,15
55178,15
55179,13
55180,22
55181,15
55182,14
55183,19
55184,20
55185,23
55186,33
55187,69
55188,74
55189,17
55190,17
55191,18
55192,21
55193,29
55194,71
55195,69
55196,70
55197,20
55198,12
55199,10
55200,26
55201,29
55202,34
55203,54
55204,44
55205,40
55206,44
55207,53
55208,66
55209,53
55210,60
55211,17
55212,20
55213,22
55214,31
55215,50
55216,49
55217,28
55218,61
55219,51
55220,44
55221,42
55222,41
55223,30
55224,24
55225,18
55226,23
55227,26
55228,38
55229,59
55230,62
55231,16
55232,34
55233,31
55234,31
55235,35
55236,59
55237,56
55238,0
55239,9
55240,13
55241,12
55242,12
55243,46
55244,48
55245,9
55246,29
55247,21
55248,16
55249,20
55250,23
55251,11
55252,3
55253,31
55254,20
55255,20
55256,22
55257,22
55258,21
55259,27
55260,34
55261,35
55262,38
55263,46
55264,77
55265,75
55266,23
55267,29
55268,23
55269,23
55270,29
55271,45
55272,44
55273,14
55274,14
55275,16
55276,14
55277,19
55278,25
55279,17
55280,38
55281,42
55282,42
55283,39
55284,42
55285,43
55286,32
55287,30
55288,45
55289,49
55290,48
55291,54
55292,77
55293,74
55294,20
55295,26
55296,26
55297,30
55298,36
55299,52
55300,48
55301,15
55302,42
55303,32
55304,22
55305,16
55306,16
55307,5
55308,10
55309,27
55310,27
55311,26
55312,23
55313,31
55314,33
55315,38
55316,26
55317,29
55318,31
55319,41
55320,83
55321,80
55322,157
55323,164
55324,154
55325,161
55326,188
55327,132
55328,112
55329,22
55330,25
55331,14
55332,31
55333,51
55334,68
55335,72
55336,115
55337,123
55338,115
55339,143
55340,177
55341,157
55342,156
55343,127
55344,162
55345,149
55346,148
55347,175
55348,120
55349,92
55350,115
55351,135
55352,121
55353,126
55354,143
55355,113
55356,104
55357,205
55358,213
55359,210
55360,216
55361,244
55362,197
55363,180
55364,229
55365,162
55366,145
55367,95
55368,91
55369,72
55370,99
55371,123
55372,157
55373,144
55374,124
55375,140
55376,113
55377,84
55378,101
55379,105
55380,84
55381,107
55382,137
55383,136
55384,139
55385,111
55386,107
55387,105
55388,141
55389,167
55390,147
55391,142
55392,132
55393,182
55394,172
55395,166
55396,181
55397,137
55398,115
55399,33
55400,50
55401,42
55402,56
55403,96
55404,96
55405,92
55406,227
55407,238
55408,231
55409,221
55410,229
55411,178
55412,155
55413,19
55414,21
55415,25
55416,51
55417,79
55418,74
55419,72
55420,282
55421,235
55422,180
55423,109
55424,105
55425,92
55426,122
55427,143
55428,181
55429,158
55430,145
55431,154
55432,102
55433,86
55434,141
55435,164
55436,162
55437,146
55438,164
55439,138
55440,119
55441,38
55442,46
55443,39
55444,47
55445,71
55446,90
55447,99
55448,321
55449,225
55450,177
55451,127
55452,125
55453,107
55454,112
55455,19
55456,54
55457,39
55458,42
55459,54
55460,78
55461,83
55462,32
55463,23
55464,32
55465,54
55466,73
55467,75
55468,67
55469,99
55470,135
55471,118
55472,113
55473,144
55474,97
55475,82
55476,233
55477,205
55478,175
55479,166
55480,171
55481,126
55482,123
55483,240
55484,213
55485,197
55486,196
55487,215
55488,182
55489,172
55490,377
55491,310
55492,246
55493,162
55494,169
55495,143
55496,152
55497,133
55498,154
55499,140
55500,142
55501,160
55502,150
55503,132
55504,37
55505,18
55506,26
55507,41
55508,85
55509,106
55510,106
55511,119
55512,130
55513,122
55514,131
55515,161
55516,120
55517,99
55518,91
55519,114
55520,108
55521,101
55522,118
55523,100
55524,75
55525,115
55526,132
55527,122
55528,118
55529,137
55530,88
55531,79
55532,159
55533,159
55534,130
55535,132
55536,164
55537,120
55538,122
55539,112
55540,128
55541,114
55542,121
55543,148
55544,116
55545,102
55546,0
55547,4
55548,8
55549,13
55550,36
55551,75
55552,68
55553,192
55554,197
55555,165
55556,145
55557,151
55558,121
55559,104
55560,413
55561,356
55562,318
55563,302
55564,294
55565,223
55566,218
55567,90
55568,80
55569,69
55570,49
55571,77
55572,68
55573,58
55574,63
55575,83
55576,72
55577,93
55578,117
55579,129
55580,124
55581,134
55582,145
55583,143
55584,138
55585,155
55586,138
55587,116
55588,152
55589,193
55590,164
55591,166
55592,191
55593,126
55594,97
55595,11
55596,24
55597,32
55598,32
55599,51
55600,64
55601,64
55602,164
55603,190
55604,195
55605,189
55606,175
55607,186
55608,121
55609,201
55610,224
55611,226
55612,239
55613,216
55614,228
55615,158
55616,4
55617,12
55618,45
55619,42
55620,20
55621,23
55622,17
55623,0
55624,31
55625,18
55626,35
55627,38
55628,59
55629,61
55630,25
55631,59
55632,46
55633,73
55634,73
55635,114
55636,119
55637,3
55638,26
55639,36
55640,46
55641,52
55642,75
55643,73
55644,165
55645,170
55646,189
55647,199
55648,174
55649,188
55650,124
55651,57
55652,79
55653,72
55654,91
55655,101
55656,123
55657,94
55658,0
55659,29
55660,24
55661,49
55662,55
55663,82
55664,56
55665,9
55666,37
55667,30
55668,32
55669,30
55670,41
55671,70
55672,37
55673,64
55674,69
55675,94
55676,93
55677,117
55678,102
55679,15
55680,50
55681,61
55682,73
55683,72
55684,104
55685,80
55686,0
55687,10
55688,28
55689,48
55690,53
55691,74
55692,61
55693,80
55694,93
55695,120
55696,150
55697,128
55698,171
55699,132
55700,61
55701,98
55702,99
55703,110
55704,113
55705,141
55706,141
55707,119
55708,145
55709,170
55710,190
55711,172
55712,186
55713,133
55714,34
55715,69
55716,54
55717,51
55718,49
55719,60
55720,63
55721,1
55722,13
55723,31
55724,41
55725,40
55726,67
55727,47
55728,92
55729,102
55730,139
55731,150
55732,125
55733,140
55734,99
55735,0
55736,27
55737,32
55738,42
55739,53
55740,73
55741,71
55742,139
55743,153
55744,154
55745,155
55746,149
55747,181
55748,135
55749,0
55750,0
55751,13
55752,19
55753,20
55754,52
55755,35
55756,18
55757,54
55758,47
55759,45
55760,41
55761,64
55762,68
55763,72
55764,107
55765,106
55766,125
55767,131
55768,150
55769,122
55770,0
55771,32
55772,24
55773,32
55774,31
55775,35
55776,41
55777,2
55778,38
55779,66
55780,74
55781,70
55782,84
55783,84
55784,41
55785,76
55786,63
55787,87
55788,88
55789,119
55790,108
55791,14
55792,48
55793,38
55794,42
55795,44
55796,66
55797,59
55798,110
55799,127
55800,141
55801,149
55802,127
55803,147
55804,120
55805,0
55806,29
55807,36
55808,43
55809,46
55810,65
55811,60
55812,369
55813,370
55814,294
55815,302
55816,261
55817,248
55818,194
55819,79
55820,96
55821,136
55822,150
55823,135
55824,153
55825,107
55826,115
55827,115
55828,135
55829,144
55830,119
55831,142
55832,86
55833,4
55834,28
55835,22
55836,56
55837,62
55838,95
55839,74
55840,49
55841,58
55842,68
55843,67
55844,43
55845,68
55846,55
55847,110
55848,132
55849,135
55850,133
55851,124
55852,139
55853,106
55854,20
55855,43
55856,51
55857,69
55858,73
55859,90
55860,82
55861,0
55862,17
55863,31
55864,43
55865,46
55866,65
55867,48
55868,78
55869,87
55870,133
55871,145
55872,120
55873,124
55874,85
55875,59
55876,107
55877,87
55878,108
55879,115
55880,138
55881,140
55882,18
55883,46
55884,54
55885,57
55886,47
55887,62
55888,77
55889,21
55890,42
55891,26
55892,63
55893,74
55894,91
55895,75
55896,44
55897,71
55898,75
55899,100
55900,96
55901,126
55902,120
55903,127
55904,165
55905,187
55906,184
55907,155
55908,161
55909,114
55910,437
55911,437
55912,342
55913,342
55914,281
55915,270
55916,229
55917,35
55918,73
55919,65
55920,50
55921,46
55922,81
55923,75
55924,15
55925,53
55926,75
55927,78
55928,83
55929,95
55930,74
55931,48
55932,55
55933,49
55934,67
55935,55
55936,100
55937,84
55938,42
55939,63
55940,71
55941,85
55942,64
55943,93
55944,75
55945,14
55946,31
55947,22
55948,49
55949,65
55950,100
55951,66
55952,17
55953,36
55954,31
55955,55
55956,54
55957,76
55958,75
55959,101
55960,118
55961,160
55962,160
55963,144
55964,158
55965,103
55966,7
55967,28
55968,40
55969,41
55970,35
55971,54
55972,43
55973,70
55974,118
55975,85
55976,113
55977,127
55978,161
55979,140
55980,4
55981,45
55982,32
55983,36
55984,47
55985,95
55986,98
55987,42
55988,76
55989,55
55990,89
55991,87
55992,116
55993,116
55994,43
55995,75
55996,82
55997,113
55998,118
55999,146
56000,137
56001,0
56002,14
56003,11
56004,26
56005,21
56006,36
56007,30
56008,144
56009,152
56010,158
56011,155
56012,136
56013,167
56014,127
56015,295
56016,295
56017,256
56018,266
56019,225
56020,221
56021,173
56022,0
56023,18
56024,6
56025,19
56026,31
56027,55
56028,75
56029,51
56030,67
56031,108
56032,105
56033,92
56034,106
56035,70
56036,19
56037,32
56038,28
56039,32
56040,33
56041,50
56042,56
56043,140
56044,161
56045,189
56046,194
56047,176
56048,192
56049,134
56050,42
56051,54
56052,58
56053,61
56054,49
56055,62
56056,50
56057,88
56058,108
56059,78
56060,101
56061,104
56062,151
56063,131
56064,0
56065,11
56066,17
56067,37
56068,36
56069,54
56070,49
56071,0
56072,3
56073,15
56074,17
56075,20
56076,52
56077,48
56078,51
56079,84
56080,117
56081,137
56082,119
56083,142
56084,97
56085,70
56086,80
56087,91
56088,121
56089,97
56090,127
56091,106
56092,44
56093,51
56094,94
56095,97
56096,67
56097,87
56098,63
56099,56
56100,89
56101,79
56102,100
56103,97
56104,120
56105,122
56106,23
56107,49
56108,50
56109,45
56110,39
56111,44
56112,51
56113,76
56114,99
56115,144
56116,150
56117,143
56118,169
56119,108
56120,50
56121,57
56122,103
56123,105
56124,92
56125,102
56126,66
56127,58
56128,87
56129,92
56130,119
56131,116
56132,136
56133,121
56134,2
56135,22
56136,40
56137,66
56138,63
56139,78
56140,93
56141,82
56142,100
56143,122
56144,137
56145,124
56146,154
56147,107
56148,45
56149,65
56150,77
56151,97
56152,110
56153,135
56154,96
56155,2
56156,30
56157,43
56158,68
56159,75
56160,101
56161,79
56162,88
56163,92
56164,133
56165,140
56166,110
56167,120
56168,84
56169,7
56170,43
56171,22
56172,41
56173,44
56174,62
56175,70
56176,94
56177,134
56178,113
56179,135
56180,144
56181,173
56182,132
56183,114
56184,142
56185,130
56186,149
56187,150
56188,174
56189,158
56190,46
56191,73
56192,101
56193,108
56194,85
56195,115
56196,86
56197,0
56198,13
56199,31
56200,41
56201,40
56202,67
56203,48
56204,115
56205,150
56206,113
56207,122
56208,135
56209,168
56210,152
56211,33
56212,60
56213,52
56214,70
56215,70
56216,103
56217,96
56218,52
56219,81
56220,91
56221,108
56222,105
56223,110
56224,101
56225,34
56226,61
56227,49
56228,58
56229,59
56230,74
56231,90
56232,87
56233,87
56234,123
56235,141
56236,116
56237,144
56238,98
56239,158
56240,156
56241,172
56242,187
56243,170
56244,191
56245,149
56246,73
56247,90
56248,91
56249,106
56250,106
56251,132
56252,99
56253,110
56254,143
56255,121
56256,130
56257,131
56258,163
56259,160
56260,59
56261,86
56262,77
56263,103
56264,104
56265,128
56266,123
56267,104
56268,144
56269,147
56270,158
56271,160
56272,179
56273,152
56274,69
56275,79
56276,89
56277,118
56278,94
56279,123
56280,103
56281,60
56282,89
56283,104
56284,113
56285,126
56286,154
56287,110
56288,68
56289,65
56290,50
56291,47
56292,59
56293,57
56294,45
56295,123
56296,117
56297,80
56298,75
56299,71
56300,64
56301,50
56302,0
56303,2
56304,8
56305,9
56306,12
56307,6
56308,6
56309,0
56310,11
56311,10
56312,14
56313,27
56314,21
56315,30
56316,82
56317,79
56318,43
56319,38
56320,45
56321,38
56322,28
56323,0
56324,9
56325,8
56326,12
56327,25
56328,30
56329,29
56330,5
56331,27
56332,7
56333,10
56334,19
56335,22
56336,49
56337,27
56338,25
56339,19
56340,19
56341,35
56342,40
56343,30
56344,38
56345,33
56346,25
56347,24
56348,40
56349,48
56350,38
56351,14
56352,37
56353,31
56354,35
56355,46
56356,49
56357,63
56358,78
56359,71
56360,46
56361,44
56362,57
56363,57
56364,45
56365,19
56366,36
56367,28
56368,31
56369,56
56370,59
56371,70
56372,52
56373,48
56374,18
56375,17
56376,35
56377,41
56378,33
56379,5
56380,15
56381,19
56382,23
56383,46
56384,53
56385,56
56386,208
56387,203
56388,92
56389,83
56390,76
56391,66
56392,57
56393,35
56394,38
56395,17
56396,16
56397,39
56398,48
56399,44
56400,0
56401,15
56402,8
56403,9
56404,21
56405,23
56406,35
56407,9
56408,26
56409,7
56410,11
56411,30
56412,41
56413,54
56414,1
56415,13
56416,20
56417,23
56418,33
56419,27
56420,24
56421,22
56422,51
56423,29
56424,33
56425,60
56426,64
56427,92
56428,2
56429,18
56430,17
56431,22
56432,35
56433,35
56434,44
56435,0
56436,24
56437,7
56438,11
56439,24
56440,22
56441,50
56442,12
56443,40
56444,22
56445,26
56446,33
56447,37
56448,67
56449,3
56450,23
56451,7
56452,8
56453,18
56454,24
56455,46
56456,14
56457,42
56458,19
56459,23
56460,25
56461,28
56462,58
56463,106
56464,103
56465,56
56466,51
56467,53
56468,45
56469,33
56470,0
56471,15
56472,5
56473,9
56474,21
56475,20
56476,35
56477,201
56478,194
56479,97
56480,85
56481,80
56482,66
56483,55
56484,31
56485,26
56486,25
56487,29
56488,44
56489,49
56490,40
56491,51
56492,48
56493,22
56494,22
56495,48
56496,60
56497,53
56498,29
56499,32
56500,26
56501,29
56502,48
56503,50
56504,47
56505,6
56506,22
56507,6
56508,10
56509,23
56510,36
56511,48
56512,28
56513,49
56514,30
56515,35
56516,54
56517,64
56518,84
56519,50
56520,47
56521,19
56522,18
56523,42
56524,51
56525,45
56526,149
56527,146
56528,75
56529,71
56530,67
56531,59
56532,47
56533,11
56534,28
56535,23
56536,27
56537,38
56538,42
56539,53
56540,17
56541,28
56542,25
56543,29
56544,44
56545,48
56546,54
56547,39
56548,36
56549,26
56550,25
56551,53
56552,52
56553,41
56554,38
56555,32
56556,19
56557,15
56558,24
56559,25
56560,18
56561,4
56562,19
56563,10
56564,11
56565,25
56566,33
56567,40
56568,17
56569,14
56570,15
56571,16
56572,37
56573,40
56574,32
56575,29
56576,30
56577,23
56578,22
56579,37
56580,38
56581,36
56582,0
56583,8
56584,16
56585,16
56586,32
56587,30
56588,32
56589,24
56590,47
56591,26
56592,30
56593,44
56594,52
56595,78
56596,9
56597,20
56598,16
56599,20
56600,36
56601,43
56602,41
56603,25
56604,32
56605,18
56606,20
56607,40
56608,43
56609,34
56610,2
56611,18
56612,18
56613,22
56614,31
56615,25
56616,36
56617,66
56618,51
56619,47
56620,40
56621,43
56622,51
56623,46
56624,179
56625,143
56626,118
56627,103
56628,101
56629,115
56630,108
56631,36
56632,27
56633,17
56634,4
56635,4
56636,24
56637,19
56638,18
56639,11
56640,9
56641,3
56642,3
56643,8
56644,7
56645,59
56646,43
56647,37
56648,30
56649,32
56650,59
56651,59
56652,25
56653,17
56654,16
56655,17
56656,17
56657,21
56658,20
56659,8
56660,0
56661,0
56662,0
56663,4
56664,21
56665,25
56666,15
56667,15
56668,16
56669,18
56670,33
56671,36
56672,38
56673,60
56674,50
56675,42
56676,37
56677,37
56678,44
56679,42
56680,27
56681,27
56682,26
56683,27
56684,28
56685,25
56686,25
56687,53
56688,43
56689,42
56690,46
56691,46
56692,50
56693,44
56694,3
56695,4
56696,2
56697,0
56698,20
56699,23
56700,23
56701,92
56702,77
56703,70
56704,62
56705,60
56706,67
56707,63
56708,119
56709,103
56710,96
56711,79
56712,72
56713,73
56714,68
56715,24
56716,15
56717,12
56718,8
56719,9
56720,14
56721,13
56722,23
56723,15
56724,15
56725,11
56726,13
56727,28
56728,25
56729,111
56730,94
56731,84
56732,66
56733,57
56734,55
56735,50
56736,22
56737,22
56738,23
56739,23
56740,40
56741,46
56742,46
56743,55
56744,46
56745,42
56746,40
56747,43
56748,52
56749,44
56750,41
56751,30
56752,20
56753,11
56754,10
56755,27
56756,21
56757,38
56758,30
56759,30
56760,31
56761,34
56762,43
56763,45
56764,42
56765,35
56766,32
56767,31
56768,31
56769,35
56770,34
56771,22
56772,13
56773,9
56774,0
56775,0
56776,8
56777,7
56778,43
56779,33
56780,31
56781,29
56782,28
56783,45
56784,41
56785,39
56786,29
56787,28
56788,26
56789,26
56790,33
56791,35
56792,34
56793,26
56794,24
56795,20
56796,21
56797,21
56798,21
56799,19
56800,19
56801,21
56802,28
56803,45
56804,47
56805,47
56806,55
56807,39
56808,34
56809,28
56810,34
56811,68
56812,64
56813,55
56814,46
56815,44
56816,43
56817,44
56818,43
56819,41
56820,171
56821,120
56822,94
56823,81
56824,82
56825,141
56826,142
56827,97
56828,82
56829,76
56830,62
56831,59
56832,53
56833,50
56834,62
56835,47
56836,43
56837,40
56838,44
56839,65
56840,56
56841,6
56842,6
56843,4
56844,3
56845,8
56846,11
56847,11
56848,28
56849,20
56850,18
56851,18
56852,23
56853,22
56854,20
56855,28
56856,29
56857,29
56858,43
56859,45
56860,44
56861,44
56862,75
56863,58
56864,53
56865,48
56866,51
56867,81
56868,77
56869,196
56870,136
56871,99
56872,86
56873,89
56874,126
56875,129
56876,77
56877,60
56878,52
56879,42
56880,44
56881,66
56882,62
56883,45
56884,35
56885,30
56886,31
56887,31
56888,38
56889,33
56890,10
56891,2
56892,1
56893,5
56894,9
56895,26
56896,29
56897,64
56898,52
56899,40
56900,21
56901,18
56902,13
56903,10
56904,1
56905,1
56906,0
56907,0
56908,2
56909,2
56910,2
56911,16
56912,16
56913,17
56914,24
56915,58
56916,65
56917,66
56918,25
56919,17
56920,15
56921,7
56922,8
56923,14
56924,14
56925,105
56926,88
56927,77
56928,68
56929,72
56930,94
56931,89
56932,58
56933,40
56934,32
56935,22
56936,22
56937,46
56938,44
56939,17
56940,11
56941,11
56942,15
56943,17
56944,18
56945,16
56946,26
56947,16
56948,16
56949,22
56950,23
56951,46
56952,45
56953,219
56954,163
56955,105
56956,83
56957,82
56958,150
56959,143
56960,49
56961,38
56962,36
56963,25
56964,26
56965,32
56966,27
56967,71
56968,62
56969,59
56970,56
56971,58
56972,65
56973,56
56974,45
56975,33
56976,27
56977,20
56978,20
56979,20
56980,19
56981,98
56982,81
56983,74
56984,62
56985,57
56986,68
56987,63
56988,28
56989,19
56990,15
56991,11
56992,10
56993,26
56994,23
56995,159
56996,143
56997,131
56998,107
56999,98
57000,87
57001,84
57002,17
57003,9
57004,7
57005,14
57006,16
57007,36
57008,36
57009,51
57010,43
57011,44
57012,44
57013,45
57014,45
57015,44
57016,58
57017,51
57018,50
57019,53
57020,54
57021,56
57022,52
57023,84
57024,68
57025,61
57026,47
57027,46
57028,38
57029,34
57030,16
57031,16
57032,18
57033,29
57034,45
57035,45
57036,45
57037,41
57038,31
57039,25
57040,22
57041,24
57042,56
57043,53
57044,134
57045,109
57046,90
57047,78
57048,78
57049,103
57050,98
57051,7
57052,7
57053,8
57054,8
57055,39
57056,43
57057,43
57058,105
57059,88
57060,77
57061,60
57062,56
57063,57
57064,53
57065,27
57066,16
57067,14
57068,13
57069,15
57070,22
57071,20
57072,124
57073,103
57074,88
57075,70
57076,69
57077,91
57078,87
57079,42
57080,33
57081,27
57082,23
57083,24
57084,36
57085,31
57086,37
57087,29
57088,29
57089,34
57090,38
57091,53
57092,50
57093,86
57094,67
57095,58
57096,52
57097,51
57098,77
57099,72
57100,18
57101,19
57102,17
57103,15
57104,25
57105,29
57106,32
57107,26
57108,17
57109,16
57110,16
57111,19
57112,26
57113,25
57114,12
57115,12
57116,12
57117,16
57118,32
57119,33
57120,32
57121,78
57122,62
57123,55
57124,45
57125,46
57126,57
57127,54
57128,0
57129,0
57130,0
57131,3
57132,18
57133,19
57134,19
57135,84
57136,69
57137,62
57138,50
57139,47
57140,46
57141,41
57142,74
57143,64
57144,55
57145,39
57146,37
57147,31
57148,28
57149,7
57150,7
57151,9
57152,20
57153,51
57154,55
57155,55
57156,81
57157,67
57158,63
57159,56
57160,59
57161,66
57162,60
57163,52
57164,43
57165,42
57166,42
57167,42
57168,46
57169,39
57170,79
57171,68
57172,63
57173,42
57174,39
57175,27
57176,23
57177,30
57178,30
57179,31
57180,32
57181,36
57182,51
57183,47
57184,73
57185,65
57186,62
57187,60
57188,59
57189,55
57190,51
57191,62
57192,53
57193,48
57194,40
57195,38
57196,33
57197,30
57198,46
57199,38
57200,37
57201,38
57202,39
57203,44
57204,41
57205,43
57206,33
57207,31
57208,25
57209,27
57210,46
57211,44
57212,28
57213,17
57214,14
57215,3
57216,4
57217,12
57218,8
57219,48
57220,39
57221,33
57222,22
57223,21
57224,23
57225,19
57226,54
57227,45
57228,51
57229,43
57230,39
57231,46
57232,42
57233,179
57234,153
57235,132
57236,112
57237,106
57238,121
57239,115
57240,6
57241,8
57242,5
57243,0
57244,5
57245,8
57246,9
57247,116
57248,93
57249,81
57250,63
57251,57
57252,98
57253,93
57254,3
57255,0
57256,3
57257,4
57258,4
57259,20
57260,21
57261,8
57262,8
57263,10
57264,10
57265,24
57266,27
57267,28
57268,36
57269,27
57270,32
57271,30
57272,26
57273,33
57274,32
57275,22
57276,23
57277,20
57278,26
57279,27
57280,25
57281,25
57282,56
57283,46
57284,52
57285,48
57286,44
57287,46
57288,40
57289,71
57290,62
57291,65
57292,58
57293,53
57294,58
57295,54
57296,21
57297,22
57298,20
57299,26
57300,40
57301,43
57302,44
57303,39
57304,29
57305,34
57306,24
57307,20
57308,20
57309,16
57310,98
57311,89
57312,94
57313,83
57314,80
57315,92
57316,85
57317,23
57318,15
57319,20
57320,17
57321,14
57322,21
57323,20
57324,24
57325,19
57326,24
57327,25
57328,26
57329,27
57330,27
57331,17
57332,18
57333,22
57334,25
57335,57
57336,65
57337,67
57338,29
57339,24
57340,28
57341,23
57342,20
57343,17
57344,17
57345,74
57346,63
57347,65
57348,56
57349,55
57350,90
57351,85
57352,17
57353,17
57354,17
57355,25
57356,27
57357,34
57358,34
57359,215
57360,169
57361,143
57362,104
57363,99
57364,160
57365,151
57366,67
57367,59
57368,64
57369,51
57370,47
57371,43
57372,39
57373,101
57374,90
57375,91
57376,81
57377,78
57378,101
57379,92
57380,16
57381,10
57382,15
57383,13
57384,9
57385,8
57386,6
57387,28
57388,21
57389,29
57390,34
57391,29
57392,28
57393,27
57394,42
57395,31
57396,36
57397,35
57398,38
57399,63
57400,57
57401,47
57402,39
57403,44
57404,36
57405,35
57406,45
57407,41
57408,47
57409,35
57410,38
57411,26
57412,24
57413,35
57414,32
57415,12
57416,3
57417,7
57418,5
57419,7
57420,34
57421,30
57422,21
57423,12
57424,18
57425,15
57426,12
57427,16
57428,14
57429,17
57430,9
57431,15
57432,5
57433,1
57434,4
57435,4
57436,115
57437,98
57438,98
57439,85
57440,80
57441,105
57442,92
57443,10
57444,1
57445,7
57446,0
57447,0
57448,5
57449,6
57450,336
57451,258
57452,190
57453,143
57454,126
57455,209
57456,196
57457,24
57458,18
57459,24
57460,25
57461,27
57462,26
57463,25
57464,13
57465,6
57466,12
57467,21
57468,17
57469,16
57470,14
57471,6
57472,5
57473,7
57474,15
57475,29
57476,35
57477,35
57478,5
57479,4
57480,4
57481,20
57482,40
57483,51
57484,52
57485,5
57486,5
57487,8
57488,22
57489,37
57490,44
57491,44
57492,45
57493,36
57494,42
57495,37
57496,34
57497,38
57498,31
57499,11
57500,11
57501,12
57502,20
57503,45
57504,47
57505,48
57506,83
57507,74
57508,74
57509,62
57510,54
57511,83
57512,81
57513,67
57514,57
57515,58
57516,49
57517,47
57518,80
57519,74
57520,130
57521,113
57522,103
57523,91
57524,87
57525,110
57526,99
57527,13
57528,14
57529,12
57530,17
57531,18
57532,19
57533,20
57534,122
57535,109
57536,96
57537,76
57538,72
57539,95
57540,90
57541,25
57542,18
57543,25
57544,22
57545,19
57546,24
57547,23
57548,16
57549,10
57550,18
57551,27
57552,26
57553,33
57554,30
57555,97
57556,88
57557,88
57558,74
57559,70
57560,81
57561,77
57562,12
57563,13
57564,17
57565,27
57566,31
57567,30
57568,31
57569,62
57570,53
57571,55
57572,38
57573,34
57574,28
57575,25
57576,21
57577,10
57578,10
57579,11
57580,10
57581,31
57582,27
57583,53
57584,46
57585,54
57586,45
57587,44
57588,47
57589,40
57590,38
57591,31
57592,40
57593,34
57594,30
57595,28
57596,26
57597,15
57598,16
57599,13
57600,10
57601,19
57602,18
57603,18
57604,34
57605,22
57606,28
57607,21
57608,19
57609,32
57610,28
57611,65
57612,56
57613,64
57614,57
57615,54
57616,59
57617,52
57618,43
57619,32
57620,37
57621,28
57622,26
57623,42
57624,40
57625,14
57626,7
57627,13
57628,3
57629,0
57630,1
57631,1
57632,352
57633,344
57634,314
57635,304
57636,315
57637,276
57638,243
57639,772
57640,753
57641,594
57642,558
57643,495
57644,413
57645,371
57646,4
57647,0
57648,41
57649,54
57650,50
57651,60
57652,65
57653,633
57654,640
57655,469
57656,443
57657,408
57658,332
57659,318
57660,154
57661,143
57662,185
57663,200
57664,221
57665,201
57666,169
57667,71
57668,60
57669,86
57670,81
57671,69
57672,69
57673,65
57674,48
57675,51
57676,71
57677,95
57678,100
57679,113
57680,136
57681,123
57682,122
57683,150
57684,163
57685,148
57686,137
57687,135
57688,155
57689,143
57690,172
57691,194
57692,172
57693,181
57694,182
57695,142
57696,131
57697,198
57698,208
57699,217
57700,207
57701,177
57702,137
57703,117
57704,184
57705,199
57706,210
57707,213
57708,183
57709,44
57710,28
57711,84
57712,78
57713,82
57714,80
57715,64
57716,44
57717,17
57718,76
57719,82
57720,93
57721,102
57722,82
57723,194
57724,191
57725,224
57726,230
57727,234
57728,211
57729,179
57730,364
57731,350
57732,294
57733,293
57734,311
57735,286
57736,263
57737,222
57738,197
57739,154
57740,142
57741,104
57742,84
57743,81
57744,81
57745,68
57746,145
57747,167
57748,190
57749,195
57750,168
57751,17
57752,30
57753,70
57754,78
57755,75
57756,77
57757,108
57758,72
57759,45
57760,80
57761,81
57762,72
57763,82
57764,75
57765,549
57766,552
57767,406
57768,382
57769,352
57770,297
57771,282
57772,66
57773,53
57774,105
57775,101
57776,88
57777,82
57778,80
57779,1383
57780,1343
57781,894
57782,856
57783,818
57784,733
57785,691
57786,142
57787,133
57788,203
57789,215
57790,236
57791,214
57792,185
57793,584
57794,575
57795,418
57796,385
57797,348
57798,302
57799,280
57800,170
57801,148
57802,208
57803,228
57804,246
57805,227
57806,196
57807,74
57808,68
57809,93
57810,122
57811,106
57812,113
57813,113
57814,25
57815,16
57816,74
57817,71
57818,59
57819,55
57820,51
57821,23
57822,16
57823,58
57824,66
57825,62
57826,75
57827,75
57828,408
57829,422
57830,335
57831,324
57832,314
57833,271
57834,240
57835,28
57836,15
57837,74
57838,96
57839,100
57840,102
57841,95
57842,364
57843,345
57844,297
57845,294
57846,303
57847,250
57848,216
57849,121
57850,91
57851,155
57852,168
57853,184
57854,193
57855,166
57856,112
57857,104
57858,128
57859,124
57860,129
57861,119
57862,100
57863,12
57864,5
57865,84
57866,82
57867,83
57868,81
57869,63
57870,52
57871,26
57872,63
57873,96
57874,121
57875,135
57876,106
57877,366
57878,348
57879,277
57880,277
57881,272
57882,248
57883,214
57884,154
57885,142
57886,188
57887,195
57888,211
57889,182
57890,156
57891,42
57892,35
57893,75
57894,78
57895,68
57896,77
57897,75
57898,2115
57899,1988
57900,1246
57901,1080
57902,1082
57903,943
57904,915
57905,59
57906,41
57907,105
57908,84
57909,90
57910,97
57911,71
57912,262
57913,243
57914,267
57915,282
57916,291
57917,266
57918,232
57919,304
57920,288
57921,191
57922,198
57923,176
57924,176
57925,174
57926,16
57927,28
57928,44
57929,62
57930,86
57931,111
57932,127
57933,31
57934,26
57935,68
57936,92
57937,104
57938,131
57939,119
57940,131
57941,127
57942,108
57943,108
57944,84
57945,88
57946,82
57947,246
57948,235
57949,278
57950,282
57951,294
57952,258
57953,224
57954,38
57955,35
57956,81
57957,81
57958,74
57959,104
57960,103
57961,29
57962,21
57963,63
57964,63
57965,82
57966,102
57967,80
57968,139
57969,112
57970,157
57971,175
57972,173
57973,169
57974,150
57975,97
57976,76
57977,126
57978,140
57979,159
57980,158
57981,140
57982,8
57983,7
57984,43
57985,61
57986,88
57987,98
57988,95
57989,202
57990,191
57991,201
57992,209
57993,216
57994,202
57995,181
57996,1146
57997,1118
57998,679
57999,640
58000,624
58001,568
58002,545
58003,6
58004,16
58005,5
58006,17
58007,32
58008,55
58009,92
58010,473
58011,462
58012,381
58013,378
58014,375
58015,331
58016,291
58017,160
58018,145
58019,113
58020,113
58021,93
58022,91
58023,84
58024,139
58025,125
58026,138
58027,165
58028,184
58029,190
58030,170
58031,47
58032,30
58033,86
58034,96
58035,84
58036,106
58037,107
58038,87
58039,76
58040,100
58041,71
58042,49
58043,42
58044,42
58045,259
58046,230
58047,248
58048,263
58049,263
58050,240
58051,210
58052,71
58053,66
58054,105
58055,131
58056,135
58057,155
58058,128
58059,288
58060,280
58061,218
58062,206
58063,163
58064,146
58065,135
58066,43
58067,21
58068,90
58069,84
58070,90
58071,85
58072,69
58073,39
58074,34
58075,114
58076,124
58077,149
58078,139
58079,106
58080,117
58081,105
58082,154
58083,168
58084,174
58085,163
58086,137
58087,223
58088,216
58089,238
58090,244
58091,252
58092,243
58093,209
58094,106
58095,81
58096,156
58097,163
58098,183
58099,185
58100,154
58101,96
58102,88
58103,135
58104,151
58105,137
58106,131
58107,128
58108,291
58109,276
58110,262
58111,269
58112,274
58113,225
58114,192
58115,36
58116,23
58117,99
58118,91
58119,66
58120,51
58121,49
58122,65
58123,59
58124,69
58125,70
58126,51
58127,44
58128,40
58129,165
58130,159
58131,120
58132,120
58133,79
58134,68
58135,60
58136,15
58137,8
58138,25
58139,26
58140,13
58141,7
58142,5
58143,33
58144,30
58145,24
58146,26
58147,17
58148,23
58149,22
58150,200
58151,194
58152,112
58153,104
58154,68
58155,55
58156,54
58157,0
58158,10
58159,22
58160,26
58161,20
58162,24
58163,28
58164,9
58165,30
58166,16
58167,24
58168,12
58169,14
58170,48
58171,11
58172,6
58173,27
58174,27
58175,17
58176,15
58177,14
58178,18
58179,45
58180,49
58181,54
58182,41
58183,51
58184,81
58185,91
58186,83
58187,102
58188,92
58189,64
58190,55
58191,48
58192,34
58193,28
58194,49
58195,53
58196,32
58197,26
58198,23
58199,33
58200,29
58201,47
58202,53
58203,41
58204,50
58205,48
58206,49
58207,42
58208,48
58209,47
58210,33
58211,27
58212,24
58213,12
58214,40
58215,39
58216,43
58217,36
58218,38
58219,70
58220,11
58221,22
58222,34
58223,38
58224,28
58225,32
58226,40
58227,40
58228,37
58229,35
58230,40
58231,28
58232,33
58233,32
58234,12
58235,17
58236,48
58237,50
58238,37
58239,42
58240,40
58241,315
58242,311
58243,182
58244,165
58245,110
58246,80
58247,84
58248,176
58249,169
58250,107
58251,100
58252,70
58253,61
58254,55
58255,0
58256,0
58257,10
58258,13
58259,4
58260,4
58261,9
58262,15
58263,9
58264,29
58265,28
58266,18
58267,22
58268,19
58269,34
58270,29
58271,47
58272,49
58273,38
58274,45
58275,43
58276,116
58277,112
58278,89
58279,84
58280,52
58281,43
58282,36
58283,0
58284,11
58285,25
58286,28
58287,15
58288,14
58289,26
58290,45
58291,38
58292,46
58293,45
58294,29
58295,23
58296,18
58297,16
58298,43
58299,33
58300,37
58301,24
58302,31
58303,67
58304,9
58305,31
58306,20
58307,21
58308,13
58309,18
58310,46
58311,0
58312,1
58313,12
58314,12
58315,6
58316,2
58317,7
58318,77
58319,72
58320,67
58321,63
58322,38
58323,33
58324,31
58325,0
58326,18
58327,19
58328,23
58329,15
58330,15
58331,35
58332,18
58333,39
58334,31
58335,37
58336,25
58337,30
58338,58
58339,522
58340,522
58341,304
58342,252
58343,160
58344,123
58345,124
58346,31
58347,26
58348,46
58349,50
58350,37
58351,40
58352,38
58353,62
58354,58
58355,52
58356,52
58357,46
58358,56
58359,54
58360,53
58361,48
58362,60
58363,61
58364,42
58365,36
58366,32
58367,40
58368,35
58369,69
58370,74
58371,59
58372,51
58373,47
58374,38
58375,34
58376,56
58377,61
58378,45
58379,56
58380,53
58381,21
58382,15
58383,40
58384,40
58385,29
58386,30
58387,27
58388,7
58389,17
58390,27
58391,30
58392,22
58393,28
58394,39
58395,104
58396,100
58397,75
58398,69
58399,46
58400,43
58401,40
58402,377
58403,371
58404,194
58405,173
58406,127
58407,106
58408,108
58409,35
58410,40
58411,48
58412,52
58413,36
58414,41
58415,52
58416,106
58417,102
58418,96
58419,86
58420,58
58421,47
58422,40
58423,63
58424,56
58425,52
58426,48
58427,33
58428,32
58429,27
58430,4
58431,19
58432,26
58433,30
58434,19
58435,27
58436,40
58437,16
58438,22
58439,40
58440,43
58441,28
58442,30
58443,26
58444,43
58445,38
58446,64
58447,58
58448,39
58449,34
58450,29
58451,49
58452,39
58453,63
58454,64
58455,41
58456,29
58457,25
58458,3
58459,30
58460,16
58461,20
58462,14
58463,20
58464,51
58465,54
58466,46
58467,49
58468,49
58469,34
58470,33
58471,29
58472,30
58473,23
58474,41
58475,43
58476,28
58477,33
58478,29
58479,0
58480,2
58481,35
58482,35
58483,26
58484,24
58485,27
58486,12
58487,19
58488,32
58489,34
58490,28
58491,32
58492,29
58493,11
58494,22
58495,39
58496,44
58497,37
58498,43
58499,51
58500,69
58501,61
58502,68
58503,70
58504,47
58505,51
58506,47
58507,68
58508,65
58509,52
58510,51
58511,35
58512,33
58513,28
58514,52
58515,50
58516,53
58517,55
58518,31
58519,33
58520,28
58521,24
58522,17
58523,19
58524,22
58525,11
58526,11
58527,8
58528,44
58529,36
58530,52
58531,56
58532,42
58533,50
58534,47
58535,39
58536,38
58537,43
58538,44
58539,35
58540,42
58541,43
58542,15
58543,16
58544,31
58545,31
58546,17
58547,15
58548,19
58549,9
58550,31
58551,20
58552,21
58553,13
58554,18
58555,46
58556,105
58557,100
58558,65
58559,62
58560,42
58561,36
58562,30
58563,102
58564,96
58565,72
58566,60
58567,36
58568,31
58569,28
58570,34
58571,32
58572,34
58573,34
58574,24
58575,27
58576,23
58577,50
58578,54
58579,47
58580,53
58581,42
58582,52
58583,55
58584,69
58585,64
58586,45
58587,48
58588,34
58589,35
58590,31
58591,52
58592,48
58593,60
58594,58
58595,43
58596,43
58597,39
58598,63
58599,55
58600,66
58601,61
58602,45
58603,43
58604,36
58605,39
58606,32
58607,46
58608,48
58609,31
58610,33
58611,28
58612,69
58613,51
58614,46
58615,41
58616,47
58617,56
58618,47
58619,174
58620,132
58621,123
58622,108
58623,105
58624,117
58625,103
58626,17
58627,11
58628,8
58629,2
58630,14
58631,18
58632,14
58633,10
58634,11
58635,10
58636,22
58637,63
58638,68
58639,63
58640,54
58641,43
58642,37
58643,31
58644,38
58645,67
58646,60
58647,15
58648,8
58649,7
58650,17
58651,32
58652,37
58653,32
58654,3
58655,4
58656,6
58657,14
58658,53
58659,65
58660,58
58661,14
58662,7
58663,8
58664,10
58665,38
58666,41
58667,36
58668,21
58669,14
58670,16
58671,28
58672,41
58673,43
58674,39
58675,26
58676,16
58677,17
58678,28
58679,47
58680,48
58681,40
58682,26
58683,20
58684,19
58685,31
58686,86
58687,96
58688,92
58689,34
58690,34
58691,35
58692,51
58693,99
58694,104
58695,99
58696,22
58697,23
58698,21
58699,26
58700,50
58701,53
58702,48
58703,1
58704,2
58705,2
58706,4
58707,21
58708,23
58709,18
58710,33
58711,26
58712,28
58713,39
58714,69
58715,68
58716,62
58717,52
58718,41
58719,38
58720,42
58721,51
58722,58
58723,45
58724,37
58725,17
58726,14
58727,12
58728,26
58729,40
58730,35
58731,16
58732,9
58733,9
58734,13
58735,46
58736,51
58737,47
58738,19
58739,19
58740,20
58741,32
58742,53
58743,58
58744,54
58745,39
58746,33
58747,33
58748,44
58749,80
58750,82
58751,78
58752,17
58753,18
58754,18
58755,26
58756,42
58757,45
58758,42
58759,40
58760,28
58761,25
58762,23
58763,33
58764,62
58765,51
58766,24
58767,18
58768,16
58769,27
58770,56
58771,57
58772,55
58773,171
58774,116
58775,91
58776,78
58777,85
58778,137
58779,123
58780,39
58781,29
58782,26
58783,30
58784,51
58785,50
58786,43
58787,117
58788,96
58789,88
58790,81
58791,90
58792,115
58793,99
58794,18
58795,13
58796,11
58797,11
58798,25
58799,24
58800,20
58801,41
58802,22
58803,22
58804,30
58805,46
58806,45
58807,39
58808,6
58809,6
58810,7
58811,22
58812,57
58813,61
58814,58
58815,19
58816,20
58817,17
58818,18
58819,45
58820,47
58821,42
58822,92
58823,74
58824,68
58825,60
58826,60
58827,73
58828,64
58829,15
58830,16
58831,15
58832,20
58833,47
58834,51
58835,47
58836,28
58837,10
58838,10
58839,5
58840,18
58841,22
58842,16
58843,24
58844,18
58845,18
58846,31
58847,72
58848,75
58849,70
58850,2
58851,0
58852,0
58853,1
58854,18
58855,33
58856,30
58857,5
58858,7
58859,6
58860,2
58861,11
58862,14
58863,9
58864,45
58865,27
58866,25
58867,22
58868,34
58869,52
58870,40
58871,20
58872,0
58873,0
58874,0
58875,3
58876,16
58877,12
58878,12
58879,12
58880,16
58881,31
58882,43
58883,47
58884,42
58885,21
58886,15
58887,19
58888,31
58889,68
58890,75
58891,71
58892,293
58893,207
58894,146
58895,112
58896,112
58897,178
58898,167
58899,32
58900,26
58901,25
58902,38
58903,68
58904,69
58905,64
58906,46
58907,29
58908,28
58909,32
58910,59
58911,62
58912,51
58913,25
58914,15
58915,15
58916,24
58917,52
58918,63
58919,57
58920,36
58921,18
58922,16
58923,15
58924,42
58925,44
58926,37
58927,51
58928,42
58929,37
58930,35
58931,57
58932,53
58933,44
58934,26
58935,27
58936,31
58937,49
58938,93
58939,100
58940,95
58941,30
58942,25
58943,27
58944,45
58945,96
58946,104
58947,99
58948,6
58949,7
58950,8
58951,14
58952,32
58953,37
58954,34
58955,39
58956,21
58957,18
58958,15
58959,31
58960,28
58961,22
58962,8
58963,9
58964,11
58965,21
58966,49
58967,50
58968,45
58969,28
58970,17
58971,16
58972,21
58973,40
58974,67
58975,56
58976,185
58977,137
58978,120
58979,110
58980,115
58981,160
58982,139
58983,33
58984,21
58985,17
58986,16
58987,25
58988,25
58989,19
58990,31
58991,24
58992,25
58993,34
58994,59
58995,58
58996,55
58997,14
58998,15
58999,11
59000,18
59001,29
59002,30
59003,25
59004,61
59005,41
59006,37
59007,29
59008,35
59009,47
59010,36
59011,24
59012,18
59013,18
59014,25
59015,48
59016,47
59017,42
59018,18
59019,14
59020,15
59021,30
59022,58
59023,65
59024,58
59025,10
59026,10
59027,10
59028,18
59029,45
59030,49
59031,43
59032,18
59033,20
59034,18
59035,17
59036,30
59037,34
59038,32
59039,44
59040,27
59041,24
59042,25
59043,36
59044,37
59045,30
59046,65
59047,47
59048,44
59049,39
59050,48
59051,44
59052,34
59053,63
59054,50
59055,45
59056,35
59057,43
59058,38
59059,30
59060,35
59061,17
59062,16
59063,15
59064,29
59065,33
59066,23
59067,61
59068,42
59069,40
59070,39
59071,47
59072,48
59073,38
59074,16
59075,16
59076,13
59077,11
59078,39
59079,37
59080,32
59081,21
59082,22
59083,26
59084,42
59085,81
59086,87
59087,84
59088,38
59089,30
59090,29
59091,36
59092,48
59093,46
59094,37
59095,18
59096,20
59097,18
59098,31
59099,55
59100,53
59101,50
59102,21
59103,15
59104,16
59105,30
59106,43
59107,44
59108,41
59109,29
59110,12
59111,11
59112,16
59113,36
59114,46
59115,41
59116,16
59117,16
59118,17
59119,17
59120,38
59121,44
59122,42
59123,17
59124,18
59125,17
59126,18
59127,34
59128,39
59129,37
59130,302
59131,288
59132,170
59133,151
59134,115
59135,320
59136,238
59137,1031
59138,991
59139,583
59140,547
59141,449
59142,671
59143,551
59144,210
59145,189
59146,68
59147,59
59148,59
59149,115
59150,97
59151,75
59152,63
59153,33
59154,27
59155,20
59156,93
59157,75
59158,1286
59159,1191
59160,571
59161,551
59162,442
59163,813
59164,613
59165,245
59166,222
59167,91
59168,81
59169,82
59170,235
59171,187
59172,221
59173,212
59174,89
59175,81
59176,72
59177,181
59178,107
59179,241
59180,224
59181,93
59182,79
59183,68
59184,276
59185,204
59186,270
59187,269
59188,155
59189,133
59190,108
59191,224
59192,162
59193,472
59194,463
59195,278
59196,233
59197,186
59198,438
59199,303
59200,300
59201,289
59202,137
59203,130
59204,122
59205,312
59206,270
59207,343
59208,342
59209,205
59210,184
59211,144
59212,335
59213,277
59214,227
59215,210
59216,81
59217,74
59218,69
59219,235
59220,188
59221,113
59222,108
59223,78
59224,69
59225,61
59226,156
59227,157
59228,532
59229,510
59230,279
59231,240
59232,194
59233,482
59234,344
59235,89
59236,77
59237,30
59238,24
59239,18
59240,119
59241,79
59242,244
59243,231
59244,128
59245,113
59246,87
59247,133
59248,109
59249,156
59250,151
59251,62
59252,57
59253,49
59254,141
59255,113
59256,275
59257,264
59258,170
59259,146
59260,124
59261,321
59262,268
59263,102
59264,93
59265,37
59266,29
59267,23
59268,63
59269,54
59270,94
59271,86
59272,45
59273,38
59274,34
59275,163
59276,131
59277,122
59278,111
59279,52
59280,44
59281,35
59282,142
59283,125
59284,44
59285,32
59286,23
59287,18
59288,16
59289,83
59290,61
59291,809
59292,766
59293,379
59294,346
59295,284
59296,473
59297,353
59298,249
59299,219
59300,117
59301,104
59302,91
59303,190
59304,164
59305,953
59306,893
59307,436
59308,386
59309,309
59310,577
59311,451
59312,242
59313,229
59314,176
59315,162
59316,124
59317,262
59318,213
59319,752
59320,713
59321,380
59322,362
59323,295
59324,456
59325,313
59326,305
59327,270
59328,134
59329,123
59330,115
59331,363
59332,302
59333,260
59334,231
59335,107
59336,100
59337,89
59338,252
59339,186
59340,0
59341,0
59342,2
59343,3
59344,6
59345,71
59346,73
59347,516
59348,517
59349,267
59350,236
59351,187
59352,366
59353,290
59354,21
59355,12
59356,28
59357,27
59358,26
59359,121
59360,100
59361,145
59362,134
59363,60
59364,54
59365,46
59366,189
59367,125
59368,683
59369,667
59370,346
59371,316
59372,265
59373,449
59374,319
59375,258
59376,249
59377,161
59378,139
59379,110
59380,312
59381,239
59382,254
59383,241
59384,107
59385,93
59386,76
59387,193
59388,134
59389,160
59390,145
59391,77
59392,63
59393,55
59394,183
59395,128
59396,372
59397,361
59398,191
59399,167
59400,130
59401,233
59402,167
59403,67
59404,59
59405,26
59406,22
59407,18
59408,178
59409,157
59410,418
59411,407
59412,202
59413,180
59414,140
59415,341
59416,242
59417,145
59418,139
59419,49
59420,42
59421,41
59422,241
59423,184
59424,339
59425,334
59426,176
59427,153
59428,109
59429,192
59430,151
59431,1561
59432,1446
59433,749
59434,660
59435,538
59436,839
59437,686
59438,248
59439,235
59440,122
59441,106
59442,83
59443,184
59444,140
59445,514
59446,515
59447,260
59448,219
59449,193
59450,327
59451,236
59452,347
59453,345
59454,174
59455,151
59456,128
59457,264
59458,176
59459,75
59460,65
59461,53
59462,49
59463,47
59464,209
59465,151
59466,106
59467,99
59468,67
59469,63
59470,61
59471,112
59472,86
59473,387
59474,381
59475,219
59476,193
59477,152
59478,345
59479,264
59480,374
59481,342
59482,166
59483,156
59484,140
59485,320
59486,238
59487,93
59488,86
59489,41
59490,35
59491,31
59492,176
59493,127
59494,346
59495,298
59496,162
59497,151
59498,145
59499,342
59500,296
59501,365
59502,327
59503,100
59504,91
59505,85
59506,333
59507,284
59508,121
59509,112
59510,73
59511,65
59512,52
59513,214
59514,194
59515,46
59516,41
59517,17
59518,13
59519,15
59520,55
59521,46
59522,462
59523,460
59524,217
59525,191
59526,135
59527,341
59528,263
59529,744
59530,698
59531,364
59532,342
59533,278
59534,486
59535,346
59536,150
59537,136
59538,81
59539,72
59540,60
59541,211
59542,191
59543,110
59544,99
59545,42
59546,33
59547,26
59548,124
59549,85
59550,668
59551,650
59552,371
59553,342
59554,274
59555,487
59556,377
59557,262
59558,252
59559,111
59560,95
59561,74
59562,152
59563,118
59564,404
59565,387
59566,191
59567,172
59568,133
59569,358
59570,252
59571,318
59572,283
59573,102
59574,93
59575,90
59576,238
59577,188
59578,566
59579,550
59580,298
59581,261
59582,212
59583,442
59584,348
59585,638
59586,623
59587,380
59588,350
59589,289
59590,445
59591,339
59592,139
59593,128
59594,99
59595,90
59596,84
59597,122
59598,121
59599,346
59600,310
59601,78
59602,65
59603,66
59604,316
59605,237
59606,354
59607,351
59608,187
59609,164
59610,123
59611,240
59612,164
59613,265
59614,235
59615,129
59616,117
59617,106
59618,300
59619,260
59620,259
59621,236
59622,155
59623,136
59624,116
59625,191
59626,175
59627,417
59628,405
59629,211
59630,188
59631,143
59632,346
59633,237
59634,158
59635,144
59636,111
59637,105
59638,100
59639,277
59640,216
59641,133
59642,119
59643,89
59644,80
59645,59
59646,227
59647,209
59648,307
59649,297
59650,177
59651,158
59652,130
59653,227
59654,180
59655,483
59656,489
59657,265
59658,218
59659,173
59660,355
59661,255
59662,144
59663,129
59664,53
59665,44
59666,46
59667,117
59668,115
59669,91
59670,85
59671,67
59672,61
59673,54
59674,126
59675,97
59676,214
59677,208
59678,118
59679,111
59680,95
59681,78
59682,73
59683,285
59684,277
59685,172
59686,149
59687,121
59688,99
59689,90
59690,242
59691,241
59692,106
59693,98
59694,81
59695,66
59696,65
59697,21
59698,14
59699,5
59700,7
59701,3
59702,19
59703,18
59704,8
59705,27
59706,3
59707,9
59708,8
59709,20
59710,51
59711,0
59712,16
59713,9
59714,9
59715,8
59716,16
59717,30
59718,73
59719,68
59720,42
59721,38
59722,28
59723,33
59724,27
59725,89
59726,80
59727,57
59728,50
59729,44
59730,44
59731,36
59732,77
59733,68
59734,63
59735,57
59736,47
59737,40
59738,35
59739,14
59740,30
59741,23
59742,28
59743,24
59744,31
59745,45
59746,0
59747,3
59748,0
59749,2
59750,0
59751,9
59752,17
59753,42
59754,36
59755,34
59756,31
59757,25
59758,25
59759,22
59760,64
59761,58
59762,36
59763,36
59764,31
59765,40
59766,37
59767,10
59768,19
59769,11
59770,11
59771,9
59772,25
59773,29
59774,95
59775,85
59776,49
59777,40
59778,30
59779,22
59780,15
59781,20
59782,39
59783,20
59784,25
59785,22
59786,29
59787,56
59788,14
59789,23
59790,17
59791,24
59792,20
59793,30
59794,35
59795,148
59796,141
59797,61
59798,53
59799,44
59800,39
59801,36
59802,10
59803,19
59804,16
59805,21
59806,17
59807,33
59808,34
59809,407
59810,406
59811,199
59812,176
59813,125
59814,104
59815,101
59816,56
59817,47
59818,42
59819,41
59820,32
59821,38
59822,34
59823,142
59824,134
59825,67
59826,62
59827,56
59828,50
59829,42
59830,0
59831,5
59832,4
59833,4
59834,1
59835,6
59836,10
59837,40
59838,31
59839,24
59840,23
59841,18
59842,23
59843,19
59844,57
59845,54
59846,19
59847,18
59848,17
59849,33
59850,33
59851,12
59852,5
59853,16
59854,16
59855,10
59856,10
59857,8
59858,218
59859,220
59860,114
59861,106
59862,89
59863,74
59864,67
59865,7
59866,22
59867,16
59868,20
59869,17
59870,25
59871,39
59872,0
59873,10
59874,9
59875,11
59876,8
59877,13
59878,20
59879,115
59880,107
59881,58
59882,50
59883,40
59884,32
59885,27
59886,8
59887,30
59888,5
59889,7
59890,5
59891,18
59892,42
59893,20
59894,12
59895,22
59896,21
59897,16
59898,22
59899,20
59900,18
59901,45
59902,17
59903,23
59904,21
59905,34
59906,68
59907,137
59908,132
59909,66
59910,59
59911,48
59912,41
59913,38
59914,0
59915,5
59916,3
59917,1
59918,0
59919,0
59920,0
59921,25
59922,25
59923,8
59924,9
59925,7
59926,26
59927,30
59928,20
59929,41
59930,18
59931,22
59932,19
59933,35
59934,63
59935,579
59936,568
59937,294
59938,244
59939,170
59940,129
59941,130
59942,35
59943,28
59944,20
59945,20
59946,17
59947,30
59948,28
59949,52
59950,44
59951,28
59952,29
59953,25
59954,42
59955,40
59956,63
59957,58
59958,25
59959,25
59960,24
59961,43
59962,41
59963,40
59964,34
59965,25
59966,22
59967,18
59968,25
59969,25
59970,34
59971,29
59972,10
59973,11
59974,9
59975,27
59976,27
59977,142
59978,127
59979,111
59980,105
59981,88
59982,70
59983,61
59984,34
59985,57
59986,30
59987,36
59988,34
59989,56
59990,87
59991,53
59992,46
59993,32
59994,34
59995,30
59996,50
59997,46
59998,138
59999,128
60000,93
60001,82
60002,65
60003,53
60004,48
60005,56
60006,53
60007,29
60008,26
60009,21
60010,23
60011,20
60012,79
60013,75
60014,32
60015,31
60016,26
60017,31
60018,27
60019,322
60020,317
60021,167
60022,144
60023,120
60024,98
60025,93
60026,0
60027,27
60028,9
60029,9
60030,7
60031,11
60032,42
60033,82
60034,70
60035,58
60036,52
60037,38
60038,32
60039,27
60040,136
60041,131
60042,70
60043,62
60044,52
60045,43
60046,37
60047,53
60048,46
60049,16
60050,15
60051,15
60052,37
60053,37
60054,13
60055,21
60056,10
60057,10
60058,9
60059,27
60060,35
60061,21
60062,21
60063,5
60064,6
60065,4
60066,13
60067,18
60068,76
60069,70
60070,48
60071,45
60072,38
60073,38
60074,33
60075,74
60076,68
60077,53
60078,50
60079,43
60080,41
60081,35
60082,61
60083,51
60084,53
60085,46
60086,35
60087,32
60088,26
60089,4
60090,30
60091,3
60092,7
60093,6
60094,20
60095,52
60096,29
60097,24
60098,14
60099,16
60100,12
60101,22
60102,20
60103,97
60104,89
60105,61
60106,54
60107,46
60108,40
60109,34
60110,56
60111,44
60112,54
60113,46
60114,37
60115,30
60116,23
60117,45
60118,37
60119,19
60120,20
60121,15
60122,23
60123,20
60124,28
60125,17
60126,19
60127,17
60128,13
60129,20
60130,18
60131,53
60132,50
60133,44
60134,45
60135,39
60136,43
60137,39
60138,31
60139,24
60140,24
60141,26
60142,19
60143,31
60144,28
60145,37
60146,31
60147,19
60148,21
60149,19
60150,36
60151,35
60152,97
60153,92
60154,50
60155,43
60156,35
60157,28
60158,23
60159,37
60160,27
60161,33
60162,30
60163,23
60164,19
60165,15
60166,218
60167,185
60168,156
60169,187
60170,141
60171,121
60172,89
60173,383
60174,330
60175,263
60176,304
60177,241
60178,225
60179,196
60180,38
60181,35
60182,4
60183,4
60184,6
60185,13
60186,11
60187,50
60188,37
60189,7
60190,39
60191,32
60192,41
60193,42
60194,78
60195,70
60196,41
60197,109
60198,87
60199,102
60200,82
60201,55
60202,36
60203,2
60204,12
60205,45
60206,55
60207,49
60208,254
60209,224
60210,175
60211,227
60212,180
60213,180
60214,128
60215,29
60216,24
60217,17
60218,42
60219,37
60220,47
60221,46
60222,56
60223,34
60224,4
60225,26
60226,32
60227,45
60228,46
60229,73
60230,60
60231,53
60232,100
60233,85
60234,95
60235,72
60236,105
60237,88
60238,39
60239,89
60240,70
60241,72
60242,72
60243,159
60244,148
60245,119
60246,173
60247,158
60248,165
60249,138
60250,208
60251,191
60252,146
60253,187
60254,156
60255,142
60256,113
60257,49
60258,36
60259,20
60260,45
60261,56
60262,63
60263,66
60264,185
60265,169
60266,113
60267,142
60268,122
60269,107
60270,100
60271,30
60272,20
60273,20
60274,43
60275,57
60276,67
60277,65
60278,159
60279,127
60280,103
60281,167
60282,124
60283,112
60284,84
60285,90
60286,68
60287,33
60288,42
60289,42
60290,46
60291,45
60292,26
60293,17
60294,14
60295,25
60296,38
60297,45
60298,47
60299,94
60300,67
60301,33
60302,57
60303,34
60304,49
60305,49
60306,69
60307,54
60308,26
60309,42
60310,33
60311,41
60312,40
60313,144
60314,117
60315,80
60316,134
60317,121
60318,123
60319,73
60320,82
60321,68
60322,34
60323,49
60324,44
60325,51
60326,50
60327,349
60328,280
60329,214
60330,252
60331,215
60332,248
60333,186
60334,141
60335,120
60336,76
60337,123
60338,91
60339,91
60340,80
60341,153
60342,134
60343,105
60344,150
60345,111
60346,108
60347,82
60348,86
60349,78
60350,53
60351,96
60352,81
60353,91
60354,91
60355,95
60356,75
60357,35
60358,67
60359,69
60360,81
60361,74
60362,252
60363,221
60364,184
60365,205
60366,174
60367,165
60368,157
60369,48
60370,37
60371,26
60372,66
60373,68
60374,83
60375,84
60376,169
60377,139
60378,97
60379,143
60380,91
60381,81
60382,63
60383,46
60384,33
60385,19
60386,58
60387,84
60388,97
60389,92
60390,10
60391,4
60392,0
60393,3
60394,8
60395,18
60396,18
60397,54
60398,37
60399,16
60400,49
60401,67
60402,83
60403,84
60404,23
60405,23
60406,22
60407,52
60408,55
60409,67
60410,51
60411,162
60412,136
60413,85
60414,141
60415,105
60416,101
60417,69
60418,114
60419,87
60420,66
60421,104
60422,63
60423,68
60424,45
60425,673
60426,560
60427,383
60428,373
60429,332
60430,389
60431,320
60432,87
60433,59
60434,18
60435,52
60436,41
60437,47
60438,46
60439,181
60440,156
60441,128
60442,155
60443,147
60444,153
60445,123
60446,69
60447,45
60448,34
60449,67
60450,62
60451,67
60452,69
60453,71
60454,69
60455,46
60456,85
60457,89
60458,99
60459,93
60460,108
60461,91
60462,50
60463,73
60464,72
60465,70
60466,63
60467,33
60468,38
60469,12
60470,38
60471,27
60472,31
60473,31
60474,87
60475,64
60476,22
60477,73
60478,78
60479,108
60480,84
60481,43
60482,29
60483,9
60484,39
60485,36
60486,42
60487,46
60488,86
60489,71
60490,72
60491,136
60492,128
60493,138
60494,115
60495,121
60496,100
60497,68
60498,100
60499,85
60500,90
60501,84
60502,158
60503,142
60504,101
60505,127
60506,109
60507,90
60508,69
60509,180
60510,154
60511,113
60512,155
60513,101
60514,97
60515,87
60516,144
60517,135
60518,103
60519,148
60520,127
60521,125
60522,102
60523,177
60524,139
60525,105
60526,159
60527,130
60528,141
60529,87
60530,292
60531,249
60532,200
60533,245
60534,218
60535,217
60536,180
60537,118
60538,89
60539,46
60540,77
60541,71
60542,70
60543,65
60544,283
60545,242
60546,205
60547,243
60548,188
60549,178
60550,123
60551,51
60552,47
60553,24
60554,40
60555,39
60556,44
60557,41
60558,121
60559,97
60560,72
60561,131
60562,108
60563,113
60564,89
60565,89
60566,74
60567,34
60568,77
60569,70
60570,84
60571,80
60572,35
60573,13
60574,0
60575,14
60576,34
60577,38
60578,38
60579,171
60580,143
60581,97
60582,139
60583,109
60584,95
60585,66
60586,171
60587,161
60588,121
60589,161
60590,151
60591,145
60592,118
60593,105
60594,89
60595,51
60596,66
60597,62
60598,59
60599,55
60600,142
60601,116
60602,79
60603,81
60604,90
60605,79
60606,65
60607,188
60608,149
60609,125
60610,162
60611,115
60612,101
60613,72
60614,58
60615,35
60616,26
60617,51
60618,45
60619,56
60620,55
60621,130
60622,113
60623,77
60624,131
60625,86
60626,85
60627,60
60628,24
60629,26
60630,15
60631,36
60632,45
60633,64
60634,62
60635,74
60636,66
60637,59
60638,105
60639,90
60640,96
60641,87
60642,130
60643,114
60644,84
60645,122
60646,88
60647,84
60648,81
60649,82
60650,60
60651,36
60652,99
60653,97
60654,109
60655,89
60656,25
60657,22
60658,19
60659,37
60660,55
60661,71
60662,68
60663,73
60664,59
60665,18
60666,30
60667,25
60668,35
60669,33
60670,85
60671,79
60672,59
60673,59
60674,55
60675,51
60676,36
60677,86
60678,78
60679,61
60680,61
60681,55
60682,63
60683,42
60684,1
60685,17
60686,14
60687,18
60688,17
60689,15
60690,20
60691,41
60692,44
60693,15
60694,16
60695,16
60696,23
60697,24
60698,9
60699,21
60700,19
60701,20
60702,20
60703,29
60704,35
60705,5
60706,21
60707,13
60708,14
60709,14
60710,29
60711,24
60712,83
60713,79
60714,45
60715,40
60716,35
60717,39
60718,26
60719,0
60720,17
60721,13
60722,19
60723,17
60724,30
60725,35
60726,10
60727,33
60728,9
60729,12
60730,13
60731,30
60732,48
60733,6
60734,25
60735,19
60736,18
60737,17
60738,20
60739,25
60740,3
60741,12
60742,26
60743,31
60744,28
60745,24
60746,40
60747,36
60748,64
60749,40
60750,44
60751,41
60752,51
60753,74
60754,0
60755,7
60756,4
60757,4
60758,4
60759,12
60760,19
60761,17
60762,20
60763,27
60764,27
60765,22
60766,27
60767,24
60768,13
60769,29
60770,20
60771,22
60772,21
60773,36
60774,37
60775,51
60776,70
60777,41
60778,45
60779,45
60780,79
60781,83
60782,18
60783,35
60784,24
60785,23
60786,21
60787,33
60788,36
60789,18
60790,34
60791,27
60792,31
60793,27
60794,33
60795,47
60796,0
60797,14
60798,11
60799,15
60800,12
60801,12
60802,22
60803,24
60804,51
60805,32
60806,36
60807,36
60808,37
60809,61
60810,38
60811,56
60812,44
60813,49
60814,48
60815,57
60816,68
60817,19
60818,30
60819,26
60820,30
60821,28
60822,31
60823,37
60824,13
60825,29
60826,20
60827,25
60828,24
60829,32
60830,39
60831,57
60832,55
60833,30
60834,29
60835,29
60836,59
60837,30
60838,31
60839,41
60840,42
60841,45
60842,41
60843,55
60844,53
60845,253
60846,247
60847,113
60848,100
60849,88
60850,100
60851,61
60852,44
60853,62
60854,53
60855,55
60856,52
60857,62
60858,70
60859,74
60860,67
60861,44
60862,44
60863,41
60864,64
60865,39
60866,8
60867,24
60868,15
60869,15
60870,13
60871,19
60872,26
60873,53
60874,47
60875,43
60876,43
60877,40
60878,50
60879,36
60880,68
60881,64
60882,35
60883,35
60884,34
60885,59
60886,51
60887,0
60888,2
60889,2
60890,2
60891,1
60892,0
60893,15
60894,62
60895,61
60896,41
60897,39
60898,37
60899,42
60900,40
60901,40
60902,32
60903,31
60904,29
60905,25
60906,34
60907,21
60908,17
60909,43
60910,20
60911,25
60912,21
60913,31
60914,55
60915,16
60916,41
60917,15
60918,13
60919,13
60920,33
60921,38
60922,16
60923,32
60924,34
60925,39
60926,35
60927,37
60928,48
60929,12
60930,40
60931,18
60932,22
60933,22
60934,26
60935,51
60936,8
60937,16
60938,14
60939,16
60940,16
60941,30
60942,27
60943,74
60944,70
60945,43
60946,41
60947,36
60948,56
60949,34
60950,2
60951,24
60952,11
60953,16
60954,15
60955,27
60956,34
60957,4
60958,22
60959,10
60960,13
60961,13
60962,35
60963,27
60964,19
60965,49
60966,25
60967,27
60968,26
60969,32
60970,53
60971,275
60972,270
60973,155
60974,132
60975,108
60976,108
60977,71
60978,46
60979,74
60980,46
60981,50
60982,49
60983,68
60984,85
60985,15
60986,30
60987,24
60988,28
60989,25
60990,37
60991,44
60992,11
60993,28
60994,19
60995,19
60996,18
60997,20
60998,23
60999,33
61000,35
61001,33
61002,34
61003,30
61004,36
61005,33
61006,9
61007,18
61008,9
61009,9
61010,10
61011,27
61012,27
61013,24
61014,46
61015,24
61016,29
61017,29
61018,55
61019,58
61020,41
61021,58
61022,60
61023,64
61024,61
61025,62
61026,67
61027,16
61028,32
61029,12
61030,17
61031,17
61032,52
61033,41
61034,11
61035,20
61036,17
61037,22
61038,20
61039,25
61040,29
61041,41
61042,67
61043,38
61044,43
61045,41
61046,54
61047,80
61048,3
61049,19
61050,11
61051,11
61052,10
61053,14
61054,22
61055,17
61056,31
61057,27
61058,30
61059,28
61060,43
61061,57
61062,15
61063,31
61064,19
61065,23
61066,23
61067,47
61068,37
61069,40
61070,41
61071,39
61072,40
61073,35
61074,41
61075,36
61076,91
61077,87
61078,47
61079,46
61080,43
61081,71
61082,35
61083,134
61084,130
61085,68
61086,61
61087,55
61088,65
61089,34
61090,0
61091,23
61092,7
61093,8
61094,7
61095,6
61096,40
61097,29
61098,40
61099,35
61100,39
61101,38
61102,49
61103,51
61104,4
61105,12
61106,18
61107,22
61108,18
61109,19
61110,26
61111,50
61112,47
61113,41
61114,40
61115,39
61116,43
61117,36
61118,13
61119,29
61120,20
61121,24
61122,24
61123,41
61124,34
61125,45
61126,50
61127,31
61128,32
61129,32
61130,68
61131,43
61132,13
61133,28
61134,17
61135,19
61136,18
61137,42
61138,38
61139,13
61140,30
61141,19
61142,20
61143,20
61144,24
61145,31
61146,20
61147,25
61148,24
61149,23
61150,19
61151,35
61152,22
61153,0
61154,9
61155,0
61156,0
61157,0
61158,1
61159,14
61160,20
61161,30
61162,30
61163,34
61164,32
61165,47
61166,50
61167,34
61168,32
61169,39
61170,37
61171,32
61172,34
61173,38
61174,1
61175,10
61176,9
61177,10
61178,9
61179,14
61180,20
61181,35
61182,29
61183,28
61184,30
61185,28
61186,33
61187,24
61188,8
61189,24
61190,30
61191,31
61192,27
61193,26
61194,35
61195,38
61196,61
61197,37
61198,42
61199,41
61200,67
61201,74
61202,23
61203,39
61204,33
61205,38
61206,37
61207,55
61208,57
61209,21
61210,32
61211,34
61212,39
61213,36
61214,41
61215,50
61216,30
61217,51
61218,27
61219,29
61220,29
61221,37
61222,63
61223,6
61224,22
61225,19
61226,24
61227,23
61228,20
61229,35
61230,5
61231,9
61232,19
61233,21
61234,17
61235,15
61236,13
61237,290
61238,150
61239,125
61240,114
61241,96
61242,91
61243,120
61244,654
61245,371
61246,265
61247,208
61248,183
61249,175
61250,269
61251,64
61252,29
61253,23
61254,12
61255,3
61256,1
61257,19
61258,218
61259,107
61260,87
61261,75
61262,58
61263,49
61264,80
61265,325
61266,109
61267,89
61268,80
61269,75
61270,71
61271,121
61272,159
61273,51
61274,44
61275,38
61276,36
61277,35
61278,73
61279,1107
61280,555
61281,357
61282,312
61283,307
61284,297
61285,516
61286,85
61287,61
61288,60
61289,49
61290,43
61291,41
61292,46
61293,33
61294,23
61295,23
61296,18
61297,20
61298,21
61299,25
61300,156
61301,42
61302,34
61303,28
61304,24
61305,32
61306,73
61307,79
61308,46
61309,39
61310,31
61311,25
61312,25
61313,35
61314,173
61315,82
61316,73
61317,63
61318,57
61319,54
61320,76
61321,85
61322,87
61323,81
61324,68
61325,47
61326,41
61327,32
61328,253
61329,140
61330,115
61331,107
61332,102
61333,95
61334,106
61335,90
61336,30
61337,24
61338,15
61339,10
61340,11
61341,36
61342,67
61343,42
61344,35
61345,24
61346,14
61347,13
61348,24
61349,476
61350,259
61351,183
61352,164
61353,149
61354,143
61355,181
61356,59
61357,29
61358,22
61359,14
61360,10
61361,9
61362,22
61363,459
61364,266
61365,217
61366,183
61367,158
61368,150
61369,167
61370,265
61371,99
61372,69
61373,52
61374,42
61375,41
61376,74
61377,382
61378,139
61379,107
61380,96
61381,87
61382,92
61383,152
61384,387
61385,197
61386,164
61387,143
61388,124
61389,115
61390,140
61391,158
61392,70
61393,60
61394,52
61395,43
61396,45
61397,67
61398,503
61399,253
61400,177
61401,152
61402,144
61403,144
61404,196
61405,137
61406,51
61407,42
61408,33
61409,30
61410,29
61411,54
61412,483
61413,223
61414,140
61415,102
61416,88
61417,83
61418,166
61419,198
61420,98
61421,86
61422,79
61423,67
61424,64
61425,89
61426,221
61427,131
61428,108
61429,97
61430,84
61431,84
61432,100
61433,106
61434,51
61435,42
61436,29
61437,15
61438,11
61439,28
61440,284
61441,108
61442,83
61443,74
61444,68
61445,65
61446,104
61447,715
61448,355
61449,216
61450,160
61451,147
61452,145
61453,247
61454,171
61455,96
61456,84
61457,71
61458,58
61459,51
61460,66
61461,19
61462,20
61463,20
61464,10
61465,1
61466,2
61467,4
61468,655
61469,243
61470,127
61471,95
61472,93
61473,109
61474,228
61475,126
61476,90
61477,85
61478,73
61479,67
61480,63
61481,64
61482,1766
61483,898
61484,702
61485,637
61486,617
61487,579
61488,948
61489,410
61490,274
61491,223
61492,187
61493,167
61494,161
61495,168
61496,461
61497,188
61498,113
61499,99
61500,86
61501,92
61502,165
61503,130
61504,83
61505,76
61506,64
61507,52
61508,48
61509,53
61510,463
61511,285
61512,205
61513,173
61514,157
61515,148
61516,183
61517,82
61518,59
61519,57
61520,52
61521,51
61522,46
61523,51
61524,275
61525,97
61526,70
61527,64
61528,62
61529,67
61530,107
61531,190
61532,101
61533,79
61534,62
61535,47
61536,41
61537,67
61538,46
61539,36
61540,31
61541,21
61542,14
61543,14
61544,18
61545,948
61546,453
61547,275
61548,203
61549,193
61550,198
61551,390
61552,128
61553,87
61554,81
61555,67
61556,49
61557,43
61558,46
61559,295
61560,121
61561,93
61562,81
61563,78
61564,81
61565,109
61566,1155
61567,588
61568,348
61569,270
61570,262
61571,264
61572,496
61573,497
61574,260
61575,171
61576,148
61577,134
61578,134
61579,176
61580,143
61581,35
61582,26
61583,18
61584,14
61585,20
61586,58
61587,294
61588,153
61589,127
61590,104
61591,82
61592,75
61593,99
61594,423
61595,162
61596,85
61597,81
61598,77
61599,85
61600,153
61601,579
61602,271
61603,163
61604,129
61605,121
61606,125
61607,204
61608,383
61609,155
61610,112
61611,103
61612,91
61613,94
61614,138
61615,240
61616,97
61617,67
61618,61
61619,57
61620,62
61621,97
61622,436
61623,175
61624,123
61625,106
61626,94
61627,99
61628,157
61629,464
61630,198
61631,137
61632,103
61633,95
61634,92
61635,159
61636,265
61637,114
61638,84
61639,75
61640,70
61641,77
61642,99
61643,392
61644,135
61645,98
61646,86
61647,74
61648,76
61649,152
61650,2073
61651,1011
61652,871
61653,762
61654,705
61655,645
61656,1035
61657,217
61658,128
61659,104
61660,92
61661,75
61662,65
61663,92
61664,548
61665,284
61666,202
61667,175
61668,167
61669,178
61670,221
61671,515
61672,239
61673,131
61674,116
61675,112
61676,113
61677,154
61678,169
61679,60
61680,51
61681,40
61682,31
61683,31
61684,68
61685,221
61686,107
61687,101
61688,95
61689,89
61690,87
61691,107
61692,455
61693,205
61694,137
61695,116
61696,105
61697,105
61698,158
61699,229
61700,135
61701,115
61702,106
61703,100
61704,98
61705,104
61706,52
61707,23
61708,21
61709,13
61710,7
61711,5
61712,22
61713,446
61714,324
61715,259
61716,222
61717,194
61718,184
61719,189
61720,84
61721,26
61722,20
61723,15
61724,18
61725,20
61726,47
61727,78
61728,29
61729,23
61730,13
61731,9
61732,7
61733,24
61734,83
61735,54
61736,52
61737,44
61738,41
61739,42
61740,45
61741,299
61742,167
61743,143
61744,128
61745,121
61746,120
61747,125
61748,2
61749,10
61750,12
61751,11
61752,13
61753,30
61754,33
61755,243
61756,154
61757,128
61758,115
61759,101
61760,101
61761,102
61762,750
61763,328
61764,194
61765,136
61766,130
61767,131
61768,264
61769,270
61770,120
61771,86
61772,75
61773,69
61774,71
61775,104
61776,258
61777,146
61778,109
61779,91
61780,74
61781,67
61782,85
61783,158
61784,62
61785,52
61786,42
61787,33
61788,33
61789,65
61790,561
61791,215
61792,129
61793,100
61794,88
61795,99
61796,204
61797,793
61798,389
61799,247
61800,187
61801,175
61802,176
61803,326
61804,83
61805,41
61806,39
61807,33
61808,28
61809,26
61810,39
61811,393
61812,200
61813,150
61814,126
61815,110
61816,108
61817,134
61818,88
61819,41
61820,34
61821,25
61822,21
61823,22
61824,35
61825,437
61826,237
61827,149
61828,129
61829,110
61830,109
61831,147
61832,775
61833,420
61834,287
61835,211
61836,188
61837,183
61838,315
61839,54
61840,28
61841,27
61842,22
61843,22
61844,23
61845,32
61846,235
61847,102
61848,81
61849,77
61850,71
61851,78
61852,107
61853,239
61854,110
61855,81
61856,76
61857,71
61858,76
61859,102
61860,56
61861,32
61862,32
61863,21
61864,14
61865,14
61866,30
61867,77
61868,43
61869,36
61870,29
61871,22
61872,20
61873,28
61874,50
61875,20
61876,19
61877,13
61878,15
61879,18
61880,30
61881,138
61882,47
61883,38
61884,30
61885,26
61886,25
61887,48
61888,422
61889,205
61890,156
61891,147
61892,134
61893,135
61894,162
61895,406
61896,216
61897,173
61898,160
61899,144
61900,141
61901,152
61902,91
61903,78
61904,74
61905,61
61906,48
61907,44
61908,43
61909,246
61910,98
61911,75
61912,66
61913,54
61914,59
61915,100
61916,241
61917,131
61918,114
61919,104
61920,91
61921,86
61922,115
61923,480
61924,299
61925,218
61926,183
61927,171
61928,162
61929,192
61930,271
61931,174
61932,149
61933,125
61934,104
61935,97
61936,97
61937,421
61938,161
61939,119
61940,109
61941,105
61942,105
61943,159
61944,293
61945,110
61946,79
61947,68
61948,59
61949,65
61950,104
61951,167
61952,109
61953,96
61954,82
61955,67
61956,59
61957,69
61958,21
61959,0
61960,0
61961,0
61962,0
61963,0
61964,6
61965,255
61966,165
61967,142
61968,128
61969,116
61970,114
61971,111
61972,201
61973,142
61974,119
61975,100
61976,76
61977,68
61978,74
61979,284
61980,141
61981,116
61982,108
61983,99
61984,96
61985,121
61986,502
61987,235
61988,162
61989,132
61990,112
61991,114
61992,184
61993,49
61994,29
61995,27
61996,19
61997,14
61998,11
61999,18
62000,116
62001,84
62002,78
62003,68
62004,54
62005,52
62006,54
62007,143
62008,53
62009,44
62010,37
62011,36
62012,39
62013,66
62014,25
62015,27
62016,16
62017,19
62018,17
62019,25
62020,21
62021,87
62022,98
62023,57
62024,56
62025,51
62026,51
62027,43
62028,1
62029,14
62030,17
62031,13
62032,10
62033,6
62034,9
62035,14
62036,45
62037,14
62038,12
62039,11
62040,24
62041,53
62042,48
62043,43
62044,22
62045,20
62046,16
62047,21
62048,16
62049,8
62050,19
62051,12
62052,11
62053,10
62054,22
62055,24
62056,13
62057,37
62058,7
62059,9
62060,8
62061,17
62062,46
62063,9
62064,19
62065,27
62066,29
62067,25
62068,30
62069,31
62070,22
62071,35
62072,14
62073,24
62074,24
62075,45
62076,50
62077,32
62078,62
62079,31
62080,42
62081,40
62082,55
62083,82
62084,19
62085,36
62086,28
62087,28
62088,25
62089,28
62090,39
62091,0
62092,10
62093,8
62094,4
62095,3
62096,8
62097,13
62098,15
62099,12
62100,13
62101,16
62102,12
62103,17
62104,14
62105,11
62106,29
62107,18
62108,10
62109,9
62110,14
62111,27
62112,55
62113,60
62114,34
62115,33
62116,29
62117,39
62118,33
62119,23
62120,42
62121,27
62122,30
62123,28
62124,37
62125,51
62126,13
62127,31
62128,18
62129,14
62130,13
62131,21
62132,35
62133,4
62134,24
62135,21
62136,22
62137,18
62138,17
62139,31
62140,18
62141,29
62142,25
62143,24
62144,22
62145,28
62146,32
62147,14
62148,27
62149,15
62150,17
62151,17
62152,23
62153,36
62154,58
62155,53
62156,20
62157,17
62158,17
62159,25
62160,20
62161,295
62162,347
62163,148
62164,127
62165,105
62166,87
62167,84
62168,32
62169,28
62170,26
62171,29
62172,24
62173,35
62174,30
62175,81
62176,87
62177,45
62178,42
62179,38
62180,39
62181,30
62182,4
62183,15
62184,15
62185,7
62186,3
62187,4
62188,6
62189,7
62190,26
62191,11
62192,8
62193,6
62194,15
62195,27
62196,19
62197,38
62198,14
62199,10
62200,10
62201,25
62202,41
62203,4
62204,21
62205,25
62206,25
62207,22
62208,20
62209,32
62210,51
62211,53
62212,27
62213,28
62214,25
62215,31
62216,24
62217,13
62218,32
62219,22
62220,22
62221,20
62222,25
62223,35
62224,59
62225,71
62226,46
62227,38
62228,32
62229,27
62230,16
62231,19
62232,47
62233,15
62234,23
62235,22
62236,32
62237,64
62238,4
62239,17
62240,16
62241,12
62242,9
62243,7
62244,10
62245,121
62246,130
62247,62
62248,58
62249,51
62250,47
62251,36
62252,6
62253,3
62254,3
62255,4
62256,2
62257,1
62258,0
62259,8
62260,27
62261,10
62262,19
62263,19
62264,36
62265,49
62266,17
62267,46
62268,16
62269,24
62270,23
62271,36
62272,65
62273,364
62274,490
62275,228
62276,215
62277,153
62278,123
62279,119
62280,35
62281,39
62282,24
62283,29
62284,26
62285,36
62286,38
62287,42
62288,66
62289,39
62290,40
62291,40
62292,54
62293,78
62294,12
62295,29
62296,20
62297,20
62298,17
62299,23
62300,31
62301,10
62302,29
62303,11
62304,11
62305,9
62306,16
62307,30
62308,37
62309,34
62310,27
62311,23
62312,18
62313,23
62314,17
62315,7
62316,26
62317,13
62318,14
62319,13
62320,21
62321,32
62322,32
62323,27
62324,13
62325,14
62326,12
62327,27
62328,22
62329,17
62330,35
62331,13
62332,11
62333,11
62334,27
62335,39
62336,24
62337,54
62338,19
62339,37
62340,37
62341,55
62342,83
62343,15
62344,33
62345,13
62346,10
62347,9
62348,19
62349,31
62350,42
62351,33
62352,33
62353,33
62354,27
62355,26
62356,20
62357,32
62358,27
62359,15
62360,14
62361,11
62362,18
62363,15
62364,89
62365,94
62366,41
62367,35
62368,31
62369,37
62370,30
62371,259
62372,276
62373,141
62374,127
62375,107
62376,94
62377,86
62378,59
62379,69
62380,40
62381,37
62382,32
62383,27
62384,19
62385,30
62386,22
62387,22
62388,19
62389,17
62390,19
62391,14
62392,35
62393,52
62394,24
62395,29
62396,29
62397,52
62398,65
62399,13
62400,33
62401,16
62402,11
62403,10
62404,26
62405,36
62406,10
62407,28
62408,10
62409,9
62410,9
62411,15
62412,30
62413,39
62414,41
62415,23
62416,24
62417,20
62418,31
62419,32
62420,0
62421,15
62422,5
62423,2
62424,1
62425,4
62426,16
62427,17
62428,13
62429,13
62430,14
62431,11
62432,19
62433,14
62434,45
62435,37
62436,40
62437,40
62438,33
62439,30
62440,25
62441,10
62442,38
62443,9
62444,7
62445,7
62446,17
62447,46
62448,7
62449,18
62450,10
62451,5
62452,4
62453,10
62454,15
62455,28
62456,29
62457,17
62458,22
62459,21
62460,34
62461,28
62462,0
62463,11
62464,21
62465,18
62466,15
62467,13
62468,22
62469,18
62470,12
62471,8
62472,9
62473,7
62474,18
62475,14
62476,16
62477,27
62478,16
62479,14
62480,13
62481,23
62482,24
62483,16
62484,30
62485,25
62486,27
62487,25
62488,36
62489,41
62490,51
62491,49
62492,28
62493,26
62494,24
62495,28
62496,21
62497,6
62498,18
62499,20
62500,24
62501,20
62502,22
62503,26
62504,250
62505,264
62506,265
62507,230
62508,224
62509,230
62510,247
62511,306
62512,292
62513,287
62514,259
62515,253
62516,256
62517,278
62518,50
62519,58
62520,63
62521,15
62522,23
62523,35
62524,34
62525,126
62526,104
62527,105
62528,95
62529,106
62530,122
62531,139
62532,430
62533,336
62534,301
62535,273
62536,265
62537,272
62538,353
62539,73
62540,141
62541,136
62542,123
62543,129
62544,142
62545,150
62546,48
62547,96
62548,99
62549,61
62550,73
62551,90
62552,83
62553,37
62554,75
62555,59
62556,26
62557,34
62558,55
62559,66
62560,126
62561,158
62562,142
62563,124
62564,125
62565,143
62566,137
62567,141
62568,172
62569,168
62570,161
62571,171
62572,187
62573,171
62574,21
62575,49
62576,47
62577,15
62578,16
62579,38
62580,50
62581,16
62582,62
62583,64
62584,44
62585,59
62586,76
62587,70
62588,212
62589,243
62590,237
62591,217
62592,206
62593,229
62594,250
62595,8
62596,57
62597,57
62598,17
62599,24
62600,37
62601,60
62602,179
62603,236
62604,237
62605,203
62606,203
62607,212
62608,221
62609,20
62610,56
62611,56
62612,42
62613,55
62614,88
62615,108
62616,39
62617,80
62618,76
62619,42
62620,48
62621,74
62622,101
62623,102
62624,139
62625,130
62626,86
62627,87
62628,105
62629,134
62630,115
62631,180
62632,168
62633,149
62634,147
62635,159
62636,174
62637,34
62638,63
62639,67
62640,38
62641,53
62642,82
62643,81
62644,395
62645,321
62646,302
62647,285
62648,291
62649,308
62650,320
62651,42
62652,68
62653,60
62654,26
62655,40
62656,49
62657,50
62658,46
62659,74
62660,68
62661,25
62662,39
62663,49
62664,49
62665,146
62666,159
62667,141
62668,99
62669,98
62670,112
62671,112
62672,42
62673,107
62674,108
62675,113
62676,124
62677,154
62678,179
62679,70
62680,131
62681,114
62682,78
62683,71
62684,88
62685,91
62686,141
62687,180
62688,178
62689,133
62690,138
62691,162
62692,168
62693,68
62694,107
62695,103
62696,54
62697,62
62698,78
62699,81
62700,6
62701,65
62702,54
62703,14
62704,16
62705,23
62706,35
62707,176
62708,190
62709,172
62710,153
62711,157
62712,169
62713,197
62714,32
62715,104
62716,97
62717,60
62718,61
62719,82
62720,73
62721,448
62722,401
62723,360
62724,335
62725,318
62726,322
62727,358
62728,204
62729,244
62730,257
62731,228
62732,214
62733,221
62734,234
62735,44
62736,133
62737,120
62738,69
62739,74
62740,88
62741,81
62742,106
62743,175
62744,178
62745,153
62746,165
62747,174
62748,198
62749,116
62750,97
62751,79
62752,43
62753,72
62754,83
62755,86
62756,9
62757,27
62758,30
62759,23
62760,41
62761,68
62762,65
62763,182
62764,215
62765,213
62766,181
62767,182
62768,193
62769,204
62770,26
62771,33
62772,31
62773,11
62774,30
62775,58
62776,61
62777,250
62778,258
62779,251
62780,214
62781,195
62782,193
62783,228
62784,82
62785,108
62786,117
62787,97
62788,112
62789,161
62790,186
62791,46
62792,68
62793,57
62794,52
62795,64
62796,101
62797,129
62798,53
62799,39
62800,50
62801,20
62802,41
62803,70
62804,73
62805,34
62806,110
62807,97
62808,54
62809,43
62810,55
62811,80
62812,90
62813,126
62814,132
62815,102
62816,116
62817,136
62818,152
62819,59
62820,77
62821,84
62822,43
62823,60
62824,87
62825,77
62826,197
62827,204
62828,195
62829,162
62830,163
62831,171
62832,205
62833,69
62834,134
62835,118
62836,102
62837,97
62838,108
62839,135
62840,77
62841,95
62842,92
62843,82
62844,101
62845,125
62846,106
62847,154
62848,167
62849,148
62850,104
62851,105
62852,115
62853,131
62854,410
62855,421
62856,368
62857,328
62858,303
62859,307
62860,352
62861,189
62862,225
62863,220
62864,195
62865,193
62866,209
62867,227
62868,59
62869,137
62870,128
62871,93
62872,100
62873,110
62874,94
62875,28
62876,53
62877,38
62878,16
62879,29
62880,53
62881,53
62882,86
62883,134
62884,131
62885,85
62886,93
62887,115
62888,127
62889,56
62890,85
62891,86
62892,81
62893,112
62894,127
62895,132
62896,27
62897,84
62898,82
62899,23
62900,25
62901,35
62902,57
62903,166
62904,203
62905,195
62906,187
62907,196
62908,205
62909,211
62910,19
62911,37
62912,30
62913,28
62914,53
62915,114
62916,117
62917,25
62918,56
62919,55
62920,25
62921,40
62922,74
62923,100
62924,87
62925,144
62926,143
62927,107
62928,121
62929,139
62930,144
62931,169
62932,187
62933,185
62934,150
62935,150
62936,160
62937,195
62938,89
62939,141
62940,145
62941,117
62942,133
62943,145
62944,147
62945,253
62946,227
62947,218
62948,194
62949,193
62950,200
62951,241
62952,105
62953,147
62954,136
62955,124
62956,141
62957,150
62958,176
62959,37
62960,62
62961,65
62962,27
62963,41
62964,69
62965,67
62966,81
62967,146
62968,142
62969,100
62970,110
62971,123
62972,137
62973,53
62974,71
62975,77
62976,25
62977,41
62978,53
62979,48
62980,72
62981,134
62982,119
62983,89
62984,100
62985,109
62986,100
62987,309
62988,320
62989,316
62990,284
62991,262
62992,264
62993,283
62994,116
62995,157
62996,155
62997,108
62998,108
62999,127
63000,124
63001,34
63002,72
63003,73
63004,33
63005,34
63006,55
63007,52
63008,21
63009,41
63010,39
63011,32
63012,59
63013,97
63014,93
63015,32
63016,67
63017,60
63018,16
63019,31
63020,55
63021,50
63022,121
63023,193
63024,190
63025,152
63026,154
63027,173
63028,187
63029,73
63030,120
63031,110
63032,86
63033,91
63034,108
63035,87
63036,76
63037,100
63038,101
63039,89
63040,97
63041,143
63042,172
63043,36
63044,75
63045,69
63046,33
63047,30
63048,46
63049,77
63050,105
63051,163
63052,151
63053,155
63054,165
63055,173
63056,166
63057,54
63058,131
63059,127
63060,113
63061,108
63062,120
63063,135
63064,87
63065,150
63066,143
63067,122
63068,124
63069,127
63070,156
63071,100
63072,147
63073,145
63074,101
63075,97
63076,113
63077,95
63078,101
63079,189
63080,187
63081,148
63082,157
63083,170
63084,177
63085,68
63086,140
63087,139
63088,114
63089,126
63090,146
63091,130
63092,202
63093,232
63094,213
63095,184
63096,168
63097,172
63098,196
63099,28
63100,61
63101,61
63102,45
63103,55
63104,77
63105,65
63106,117
63107,106
63108,114
63109,60
63110,73
63111,99
63112,101
63113,509
63114,514
63115,320
63116,251
63117,187
63118,148
63119,152
63120,624
63121,622
63122,397
63123,294
63124,219
63125,171
63126,163
63127,93
63128,89
63129,70
63130,50
63131,34
63132,23
63133,21
63134,60
63135,55
63136,47
63137,35
63138,25
63139,16
63140,18
63141,156
63142,155
63143,77
63144,69
63145,58
63146,51
63147,49
63148,75
63149,69
63150,67
63151,59
63152,50
63153,40
63154,36
63155,121
63156,121
63157,55
63158,44
63159,33
63160,30
63161,33
63162,502
63163,518
63164,267
63165,207
63166,145
63167,110
63168,127
63169,81
63170,78
63171,72
63172,54
63173,43
63174,37
63175,33
63176,35
63177,36
63178,31
63179,18
63180,15
63181,17
63182,25
63183,150
63184,152
63185,64
63186,51
63187,40
63188,38
63189,42
63190,88
63191,82
63192,66
63193,48
63194,34
63195,28
63196,28
63197,114
63198,114
63199,88
63200,64
63201,54
63202,47
63203,45
63204,64
63205,55
63206,60
63207,52
63208,44
63209,25
63210,29
63211,91
63212,85
63213,65
63214,56
63215,48
63216,47
63217,45
63218,0
63219,20
63220,11
63221,7
63222,5
63223,2
63224,29
63225,4
63226,30
63227,11
63228,13
63229,9
63230,6
63231,23
63232,78
63233,78
63234,63
63235,51
63236,43
63237,38
63238,54
63239,7
63240,25
63241,21
63242,18
63243,17
63244,17
63245,50
63246,305
63247,300
63248,202
63249,156
63250,129
63251,105
63252,100
63253,50
63254,46
63255,45
63256,35
63257,26
63258,15
63259,19
63260,109
63261,104
63262,58
63263,51
63264,43
63265,38
63266,36
63267,202
63268,207
63269,166
63270,128
63271,105
63272,78
63273,71
63274,15
63275,27
63276,14
63277,15
63278,13
63279,15
63280,28
63281,251
63282,242
63283,141
63284,115
63285,101
63286,88
63287,91
63288,29
63289,24
63290,22
63291,9
63292,5
63293,7
63294,16
63295,297
63296,291
63297,177
63298,125
63299,96
63300,71
63301,63
63302,58
63303,51
63304,40
63305,27
63306,22
63307,27
63308,45
63309,28
63310,33
63311,20
63312,24
63313,20
63314,27
63315,40
63316,32
63317,29
63318,31
63319,25
63320,18
63321,9
63322,10
63323,119
63324,119
63325,66
63326,49
63327,40
63328,33
63329,33
63330,130
63331,129
63332,81
63333,58
63334,44
63335,40
63336,40
63337,58
63338,55
63339,51
63340,41
63341,30
63342,21
63343,23
63344,28
63345,22
63346,27
63347,14
63348,12
63349,16
63350,31
63351,0
63352,3
63353,6
63354,7
63355,4
63356,0
63357,6
63358,254
63359,250
63360,126
63361,106
63362,92
63363,77
63364,81
63365,44
63366,41
63367,48
63368,36
63369,29
63370,31
63371,45
63372,939
63373,925
63374,459
63375,341
63376,256
63377,210
63378,225
63379,202
63380,189
63381,168
63382,145
63383,120
63384,95
63385,87
63386,522
63387,528
63388,290
63389,217
63390,166
63391,130
63392,144
63393,41
63394,34
63395,35
63396,30
63397,23
63398,16
63399,20
63400,103
63401,100
63402,84
63403,67
63404,56
63405,43
63406,39
63407,116
63408,111
63409,91
63410,67
63411,58
63412,50
63413,48
63414,178
63415,176
63416,96
63417,75
63418,65
63419,60
63420,61
63421,67
63422,64
63423,54
63424,42
63425,29
63426,20
63427,20
63428,0
63429,12
63430,4
63431,5
63432,4
63433,0
63434,14
63435,334
63436,341
63437,204
63438,152
63439,126
63440,103
63441,105
63442,18
63443,14
63444,23
63445,19
63446,14
63447,13
63448,25
63449,22
63450,19
63451,15
63452,12
63453,10
63454,14
63455,24
63456,20
63457,20
63458,20
63459,16
63460,13
63461,11
63462,20
63463,260
63464,256
63465,173
63466,129
63467,104
63468,81
63469,84
63470,70
63471,63
63472,59
63473,44
63474,34
63475,36
63476,38
63477,45
63478,43
63479,14
63480,8
63481,8
63482,14
63483,26
63484,73
63485,68
63486,58
63487,45
63488,34
63489,19
63490,23
63491,7
63492,2
63493,17
63494,6
63495,2
63496,1
63497,0
63498,88
63499,82
63500,56
63501,42
63502,36
63503,27
63504,32
63505,27
63506,23
63507,20
63508,16
63509,13
63510,9
63511,12
63512,29
63513,23
63514,15
63515,12
63516,11
63517,17
63518,28
63519,589
63520,592
63521,332
63522,250
63523,189
63524,153
63525,166
63526,104
63527,102
63528,67
63529,49
63530,41
63531,33
63532,32
63533,83
63534,76
63535,49
63536,41
63537,35
63538,31
63539,34
63540,119
63541,117
63542,65
63543,49
63544,40
63545,35
63546,34
63547,1855
63548,1739
63549,1012
63550,800
63551,660
63552,581
63553,546
63554,173
63555,163
63556,115
63557,87
63558,71
63559,58
63560,57
63561,162
63562,162
63563,125
63564,98
63565,84
63566,78
63567,78
63568,37
63569,38
63570,39
63571,25
63572,18
63573,11
63574,20
63575,54
63576,58
63577,39
63578,27
63579,22
63580,17
63581,20
63582,242
63583,239
63584,130
63585,111
63586,97
63587,88
63588,90
63589,204
63590,201
63591,135
63592,108
63593,90
63594,75
63595,74
63596,145
63597,139
63598,105
63599,85
63600,72
63601,68
63602,66
63603,38
63604,37
63605,33
63606,20
63607,15
63608,17
63609,20
63610,165
63611,156
63612,97
63613,87
63614,71
63615,68
63616,66
63617,203
63618,194
63619,181
63620,154
63621,131
63622,95
63623,85
63624,11
63625,28
63626,6
63627,10
63628,10
63629,23
63630,53
63631,35
63632,46
63633,33
63634,20
63635,15
63636,12
63637,19
63638,120
63639,114
63640,82
63641,70
63642,59
63643,52
63644,49
63645,80
63646,79
63647,71
63648,58
63649,50
63650,46
63651,57
63652,7
63653,27
63654,7
63655,8
63656,8
63657,15
63658,33
63659,321
63660,312
63661,226
63662,171
63663,137
63664,118
63665,112
63666,234
63667,232
63668,125
63669,103
63670,83
63671,72
63672,78
63673,60
63674,58
63675,54
63676,48
63677,38
63678,28
63679,38
63680,44
63681,43
63682,34
63683,22
63684,17
63685,13
63686,19
63687,432
63688,446
63689,236
63690,184
63691,128
63692,104
63693,113
63694,729
63695,732
63696,396
63697,305
63698,228
63699,187
63700,201
63701,33
63702,32
63703,31
63704,19
63705,16
63706,11
63707,17
63708,153
63709,147
63710,108
63711,89
63712,71
63713,59
63714,56
63715,74
63716,65
63717,57
63718,38
63719,27
63720,22
63721,22
63722,27
63723,27
63724,28
63725,24
63726,18
63727,15
63728,18
63729,329
63730,328
63731,198
63732,140
63733,118
63734,97
63735,92
63736,145
63737,144
63738,86
63739,67
63740,53
63741,50
63742,50
63743,202
63744,198
63745,103
63746,84
63747,72
63748,68
63749,70
63750,115
63751,110
63752,63
63753,55
63754,46
63755,46
63756,44
63757,9
63758,21
63759,19
63760,25
63761,22
63762,17
63763,30
63764,26
63765,27
63766,20
63767,15
63768,13
63769,14
63770,27
63771,34
63772,26
63773,22
63774,9
63775,8
63776,16
63777,28
63778,23
63779,20
63780,11
63781,5
63782,4
63783,6
63784,18
63785,222
63786,218
63787,149
63788,122
63789,101
63790,81
63791,78
63792,12
63793,6
63794,9
63795,3
63796,1
63797,0
63798,4
63799,278
63800,276
63801,198
63802,159
63803,130
63804,102
63805,94
63806,19
63807,15
63808,20
63809,13
63810,11
63811,11
63812,22
63813,274
63814,268
63815,205
63816,157
63817,119
63818,91
63819,83
63820,238
63821,237
63822,115
63823,93
63824,78
63825,65
63826,72
63827,184
63828,176
63829,127
63830,101
63831,86
63832,74
63833,75
63834,380
63835,378
63836,260
63837,208
63838,156
63839,132
63840,119
63841,189
63842,171
63843,154
63844,134
63845,107
63846,76
63847,67
63848,153
63849,149
63850,92
63851,71
63852,59
63853,51
63854,50
63855,26
63856,25
63857,25
63858,14
63859,12
63860,17
63861,32
63862,49
63863,44
63864,43
63865,37
63866,30
63867,21
63868,32
63869,0
63870,10
63871,7
63872,0
63873,0
63874,0
63875,16
63876,178
63877,168
63878,136
63879,117
63880,101
63881,88
63882,84
63883,78
63884,74
63885,70
63886,62
63887,51
63888,40
63889,39
63890,77
63891,75
63892,68
63893,55
63894,49
63895,50
63896,45
63897,249
63898,253
63899,154
63900,123
63901,104
63902,82
63903,77
63904,34
63905,24
63906,28
63907,21
63908,16
63909,7
63910,11
63911,146
63912,141
63913,112
63914,95
63915,79
63916,64
63917,60
63918,43
63919,50
63920,20
63921,16
63922,14
63923,22
63924,36
63925,80
63926,78
63927,60
63928,47
63929,40
63930,37
63931,52
63932,38
63933,34
63934,20
63935,15
63936,14
63937,29
63938,46
63939,59
63940,57
63941,29
63942,24
63943,23
63944,23
63945,34
63946,1
63947,29
63948,13
63949,11
63950,10
63951,11
63952,54
63953,16
63954,43
63955,23
63956,20
63957,20
63958,28
63959,64
63960,91
63961,86
63962,50
63963,40
63964,31
63965,28
63966,32
63967,16
63968,23
63969,29
63970,20
63971,16
63972,18
63973,38
63974,10
63975,27
63976,11
63977,14
63978,14
63979,21
63980,49
63981,51
63982,62
63983,21
63984,26
63985,25
63986,34
63987,61
63988,36
63989,34
63990,17
63991,13
63992,13
63993,17
63994,36
63995,38
63996,36
63997,31
63998,21
63999,19
64000,25
64001,46
64002,51
64003,50
64004,33
64005,22
64006,20
64007,26
64008,40
64009,138
64010,135
64011,107
64012,83
64013,70
64014,61
64015,61
64016,187
64017,185
64018,99
64019,78
64020,64
64021,54
64022,57
64023,119
64024,119
64025,90
64026,66
64027,54
64028,47
64029,45
64030,90
64031,85
64032,48
64033,41
64034,35
64035,30
64036,31
64037,125
64038,121
64039,79
64040,63
64041,58
64042,54
64043,58
64044,140
64045,135
64046,73
64047,66
64048,56
64049,49
64050,50
64051,65
64052,60
64053,44
64054,31
64055,26
64056,20
64057,29
64058,66
64059,63
64060,25
64061,18
64062,15
64063,20
64064,27
64065,216
64066,215
64067,121
64068,94
64069,80
64070,68
64071,69
64072,369
64073,367
64074,232
64075,161
64076,128
64077,98
64078,102
64079,57
64080,55
64081,34
64082,28
64083,24
64084,25
64085,34
64086,76
64087,78
64088,36
64089,30
64090,27
64091,32
64092,47
64093,208
64094,205
64095,117
64096,96
64097,84
64098,70
64099,70
64100,127
64101,125
64102,83
64103,67
64104,55
64105,45
64106,45
64107,171
64108,168
64109,128
64110,102
64111,87
64112,72
64113,71
64114,428
64115,414
64116,266
64117,202
64118,155
64119,129
64120,125
64121,114
64122,167
64123,161
64124,139
64125,146
64126,156
64127,171
64128,438
64129,459
64130,418
64131,367
64132,345
64133,348
64134,351
64135,91
64136,80
64137,84
64138,75
64139,91
64140,108
64141,114
64142,262
64143,249
64144,248
64145,218
64146,217
64147,213
64148,255
64149,98
64150,155
64151,149
64152,133
64153,139
64154,151
64155,160
64156,42
64157,90
64158,94
64159,57
64160,70
64161,85
64162,78
64163,92
64164,96
64165,94
64166,46
64167,52
64168,67
64169,85
64170,104
64171,138
64172,130
64173,116
64174,114
64175,132
64176,133
64177,259
64178,253
64179,256
64180,233
64181,223
64182,239
64183,227
64184,0
64185,22
64186,22
64187,9
64188,22
64189,61
64190,64
64191,13
64192,61
64193,63
64194,41
64195,56
64196,79
64197,74
64198,296
64199,299
64200,274
64201,246
64202,235
64203,259
64204,269
64205,12
64206,60
64207,58
64208,15
64209,25
64210,39
64211,63
64212,371
64213,404
64214,377
64215,322
64216,304
64217,319
64218,327
64219,72
64220,113
64221,106
64222,62
64223,68
64224,87
64225,116
64226,155
64227,207
64228,196
64229,174
64230,170
64231,179
64232,198
64233,34
64234,59
64235,63
64236,34
64237,50
64238,78
64239,80
64240,237
64241,236
64242,223
64243,219
64244,228
64245,240
64246,248
64247,23
64248,36
64249,29
64250,11
64251,28
64252,40
64253,44
64254,43
64255,52
64256,47
64257,31
64258,51
64259,76
64260,83
64261,68
64262,163
64263,163
64264,151
64265,156
64266,171
64267,191
64268,171
64269,191
64270,182
64271,132
64272,117
64273,134
64274,136
64275,147
64276,182
64277,180
64278,135
64279,140
64280,164
64281,171
64282,6
64283,65
64284,53
64285,14
64286,15
64287,24
64288,36
64289,354
64290,271
64291,249
64292,213
64293,213
64294,228
64295,276
64296,0
64297,55
64298,50
64299,34
64300,43
64301,65
64302,62
64303,570
64304,497
64305,433
64306,372
64307,338
64308,339
64309,410
64310,248
64311,302
64312,301
64313,270
64314,248
64315,252
64316,273
64317,263
64318,270
64319,249
64320,205
64321,186
64322,188
64323,232
64324,49
64325,137
64326,124
64327,73
64328,78
64329,91
64330,80
64331,88
64332,157
64333,162
64334,139
64335,148
64336,164
64337,185
64338,85
64339,123
64340,123
64341,111
64342,113
64343,128
64344,116
64345,52
64346,56
64347,42
64348,26
64349,53
64350,80
64351,78
64352,9
64353,23
64354,26
64355,19
64356,37
64357,64
64358,65
64359,204
64360,245
64361,230
64362,211
64363,206
64364,218
64365,222
64366,23
64367,51
64368,56
64369,55
64370,67
64371,98
64372,107
64373,390
64374,347
64375,315
64376,279
64377,255
64378,258
64379,313
64380,187
64381,217
64382,221
64383,177
64384,180
64385,194
64386,209
64387,69
64388,90
64389,78
64390,57
64391,69
64392,84
64393,116
64394,63
64395,64
64396,75
64397,30
64398,41
64399,63
64400,65
64401,35
64402,111
64403,98
64404,54
64405,43
64406,55
64407,80
64408,65
64409,104
64410,111
64411,81
64412,96
64413,118
64414,136
64415,59
64416,77
64417,84
64418,43
64419,60
64420,87
64421,77
64422,262
64423,249
64424,233
64425,199
64426,198
64427,205
64428,246
64429,221
64430,224
64431,215
64432,183
64433,169
64434,174
64435,209
64436,102
64437,130
64438,121
64439,81
64440,79
64441,87
64442,104
64443,522
64444,463
64445,390
64446,340
64447,315
64448,314
64449,375
64450,21
64451,81
64452,62
64453,36
64454,53
64455,87
64456,109
64457,54
64458,130
64459,123
64460,87
64461,94
64462,107
64463,93
64464,28
64465,53
64466,38
64467,16
64468,29
64469,53
64470,53
64471,73
64472,121
64473,122
64474,77
64475,82
64476,106
64477,120
64478,117
64479,138
64480,141
64481,135
64482,154
64483,166
64484,164
64485,212
64486,240
64487,232
64488,226
64489,227
64490,237
64491,235
64492,191
64493,218
64494,221
64495,179
64496,178
64497,193
64498,183
64499,24
64500,52
64501,50
64502,20
64503,36
64504,69
64505,100
64506,72
64507,119
64508,121
64509,93
64510,105
64511,126
64512,134
64513,132
64514,173
64515,179
64516,147
64517,139
64518,150
64519,177
64520,21
64521,62
64522,57
64523,45
64524,52
64525,87
64526,113
64527,272
64528,242
64529,230
64530,206
64531,203
64532,207
64533,246
64534,246
64535,225
64536,226
64537,197
64538,204
64539,209
64540,243
64541,20
64542,27
64543,30
64544,8
64545,25
64546,78
64547,84
64548,31
64549,78
64550,80
64551,66
64552,85
64553,114
64554,139
64555,39
64556,102
64557,94
64558,71
64559,83
64560,93
64561,86
64562,357
64563,402
64564,379
64565,337
64566,304
64567,307
64568,322
64569,103
64570,123
64571,119
64572,107
64573,118
64574,148
64575,167
64576,67
64577,119
64578,122
64579,76
64580,94
64581,116
64582,112
64583,76
64584,101
64585,102
64586,63
64587,58
64588,79
64589,72
64590,44
64591,81
64592,79
64593,54
64594,77
64595,101
64596,90
64597,42
64598,76
64599,69
64600,24
64601,34
64602,56
64603,53
64604,120
64605,196
64606,193
64607,155
64608,158
64609,176
64610,188
64611,243
64612,210
64613,203
64614,165
64615,162
64616,179
64617,218
64618,60
64619,118
64620,112
64621,60
64622,54
64623,66
64624,92
64625,71
64626,104
64627,95
64628,120
64629,134
64630,148
64631,146
64632,231
64633,249
64634,245
64635,208
64636,197
64637,192
64638,214
64639,18
64640,45
64641,51
64642,31
64643,42
64644,71
64645,68
64646,138
64647,155
64648,160
64649,119
64650,113
64651,126
64652,118
64653,61
64654,142
64655,145
64656,112
64657,126
64658,142
64659,154
64660,236
64661,247
64662,243
64663,200
64664,179
64665,178
64666,212
64667,7
64668,22
64669,25
64670,32
64671,41
64672,78
64673,77
64674,95
64675,82
64676,94
64677,42
64678,64
64679,91
64680,100
64681,222
64682,120
64683,102
64684,92
64685,83
64686,81
64687,97
64688,423
64689,232
64690,199
64691,161
64692,145
64693,134
64694,162
64695,47
64696,20
64697,20
64698,11
64699,9
64700,8
64701,23
64702,121
64703,65
64704,53
64705,42
64706,32
64707,28
64708,41
64709,297
64710,97
64711,80
64712,71
64713,69
64714,71
64715,109
64716,12
64717,0
64718,0
64719,0
64720,0
64721,0
64722,6
64723,581
64724,252
64725,167
64726,129
64727,119
64728,119
64729,205
64730,37
64731,28
64732,28
64733,19
64734,22
64735,21
64736,16
64737,46
64738,23
64739,22
64740,19
64741,24
64742,23
64743,28
64744,153
64745,42
64746,33
64747,27
64748,25
64749,29
64750,66
64751,132
64752,70
64753,60
64754,49
64755,42
64756,38
64757,48
64758,135
64759,74
64760,68
64761,58
64762,54
64763,47
64764,59
64765,83
64766,84
64767,77
64768,63
64769,46
64770,41
64771,32
64772,102
64773,65
64774,59
64775,52
64776,54
64777,50
64778,52
64779,94
64780,33
64781,25
64782,16
64783,12
64784,15
64785,41
64786,38
64787,25
64788,26
64789,17
64790,15
64791,15
64792,20
64793,444
64794,237
64795,207
64796,172
64797,154
64798,142
64799,172
64800,63
64801,29
64802,20
64803,11
64804,8
64805,7
64806,20
64807,62
64808,38
64809,31
64810,19
64811,11
64812,9
64813,19
64814,187
64815,80
64816,75
64817,68
64818,63
64819,61
64820,92
64821,313
64822,178
64823,152
64824,135
64825,120
64826,106
64827,121
64828,78
64829,43
64830,39
64831,33
64832,29
64833,27
64834,36
64835,386
64836,193
64837,162
64838,142
64839,130
64840,130
64841,155
64842,146
64843,62
64844,54
64845,44
64846,39
64847,37
64848,59
64849,242
64850,111
64851,78
64852,63
64853,51
64854,49
64855,76
64856,190
64857,94
64858,86
64859,77
64860,66
64861,62
64862,82
64863,200
64864,136
64865,125
64866,112
64867,93
64868,86
64869,92
64870,61
64871,36
64872,34
64873,21
64874,12
64875,9
64876,22
64877,338
64878,118
64879,90
64880,78
64881,71
64882,69
64883,115
64884,277
64885,134
64886,100
64887,84
64888,77
64889,72
64890,101
64891,164
64892,80
64893,72
64894,59
64895,49
64896,45
64897,66
64898,9
64899,9
64900,11
64901,12
64902,22
64903,40
64904,41
64905,22
64906,20
64907,19
64908,11
64909,6
64910,8
64911,5
64912,389
64913,131
64914,105
64915,94
64916,85
64917,88
64918,150
64919,92
64920,67
64921,63
64922,52
64923,48
64924,46
64925,39
64926,1055
64927,536
64928,395
64929,322
64930,323
64931,303
64932,468
64933,355
64934,254
64935,230
64936,190
64937,166
64938,153
64939,158
64940,490
64941,203
64942,113
64943,98
64944,88
64945,94
64946,169
64947,169
64948,104
64949,96
64950,83
64951,70
64952,63
64953,74
64954,184
64955,128
64956,116
64957,105
64958,85
64959,73
64960,77
64961,130
64962,75
64963,69
64964,63
64965,61
64966,56
64967,66
64968,155
64969,49
64970,42
64971,37
64972,38
64973,39
64974,65
64975,52
64976,30
64977,22
64978,10
64979,4
64980,1
64981,11
64982,28
64983,20
64984,21
64985,15
64986,12
64987,13
64988,12
64989,270
64990,140
64991,123
64992,109
64993,94
64994,88
64995,107
64996,23
64997,21
64998,22
64999,15
65000,16
65001,18
65002,11
65003,61
65004,33
65005,28
65006,21
65007,24
65008,24
65009,29
65010,513
65011,257
65012,170
65013,139
65014,128
65015,125
65016,187
65017,280
65018,141
65019,116
65020,100
65021,91
65022,92
65023,105
65024,153
65025,38
65026,29
65027,19
65028,16
65029,19
65030,55
65031,98
65032,72
65033,62
65034,46
65035,32
65036,28
65037,26
65038,230
65039,123
65040,101
65041,87
65042,70
65043,65
65044,87
65045,191
65046,102
65047,89
65048,80
65049,68
65050,62
65051,81
65052,50
65053,17
65054,17
65055,11
65056,22
65057,25
65058,30
65059,398
65060,159
65061,117
65062,109
65063,95
65064,96
65065,147
65066,310
65067,114
65068,84
65069,71
65070,66
65071,60
65072,97
65073,170
65074,89
65075,82
65076,74
65077,66
65078,63
65079,75
65080,270
65081,103
65082,80
65083,67
65084,61
65085,60
65086,95
65087,1624
65088,836
65089,668
65090,570
65091,562
65092,502
65093,786
65094,159
65095,89
65096,80
65097,72
65098,59
65099,55
65100,69
65101,421
65102,230
65103,201
65104,169
65105,152
65106,148
65107,165
65108,138
65109,84
65110,74
65111,58
65112,47
65113,43
65114,49
65115,127
65116,47
65117,39
65118,28
65119,22
65120,23
65121,49
65122,215
65123,107
65124,100
65125,97
65126,92
65127,89
65128,105
65129,76
65130,47
65131,42
65132,33
65133,29
65134,29
65135,29
65136,62
65137,47
65138,43
65139,39
65140,41
65141,40
65142,36
65143,108
65144,52
65145,42
65146,34
65147,28
65148,26
65149,46
65150,263
65151,195
65152,175
65153,156
65154,123
65155,110
65156,117
65157,144
65158,58
65159,51
65160,38
65161,30
65162,29
65163,53
65164,188
65165,119
65166,113
65167,101
65168,84
65169,75
65170,82
65171,299
65172,175
65173,148
65174,133
65175,123
65176,117
65177,125
65178,25
65179,8
65180,11
65181,6
65182,17
65183,25
65184,24
65185,252
65186,164
65187,144
65188,127
65189,107
65190,100
65191,103
65192,570
65193,245
65194,161
65195,132
65196,125
65197,125
65198,211
65199,195
65200,126
65201,103
65202,84
65203,63
65204,58
65205,69
65206,38
65207,11
65208,12
65209,6
65210,9
65211,10
65212,20
65213,515
65214,209
65215,123
65216,95
65217,82
65218,84
65219,173
65220,406
65221,161
65222,131
65223,122
65224,112
65225,112
65226,152
65227,75
65228,35
65229,34
65230,27
65231,27
65232,25
65233,34
65234,94
65235,65
65236,59
65237,49
65238,41
65239,38
65240,40
65241,153
65242,66
65243,57
65244,47
65245,40
65246,38
65247,54
65248,123
65249,87
65250,77
65251,59
65252,43
65253,37
65254,41
65255,680
65256,383
65257,267
65258,210
65259,188
65260,182
65261,246
65262,144
65263,63
65264,55
65265,53
65266,53
65267,55
65268,73
65269,292
65270,133
65271,105
65272,99
65273,96
65274,93
65275,117
65276,91
65277,50
65278,44
65279,30
65280,24
65281,23
65282,39
65283,40
65284,25
65285,27
65286,21
65287,20
65288,19
65289,21
65290,90
65291,37
65292,28
65293,19
65294,18
65295,21
65296,33
65297,97
65298,28
65299,21
65300,13
65301,12
65302,12
65303,35
65304,307
65305,148
65306,121
65307,106
65308,99
65309,97
65310,107
65311,195
65312,138
65313,128
65314,116
65315,100
65316,90
65317,85
65318,89
65319,71
65320,70
65321,57
65322,47
65323,43
65324,40
65325,321
65326,95
65327,68
65328,57
65329,50
65330,55
65331,114
65332,53
65333,39
65334,38
65335,34
65336,37
65337,38
65338,35
65339,309
65340,183
65341,156
65342,142
65343,126
65344,115
65345,126
65346,192
65347,151
65348,146
65349,126
65350,96
65351,76
65352,85
65353,368
65354,149
65355,117
65356,104
65357,97
65358,93
65359,143
65360,61
65361,25
65362,24
65363,18
65364,15
65365,16
65366,29
65367,193
65368,131
65369,122
65370,105
65371,84
65372,66
65373,82
65374,30
65375,4
65376,3
65377,0
65378,1
65379,2
65380,13
65381,150
65382,112
65383,110
65384,98
65385,85
65386,80
65387,75
65388,167
65389,134
65390,123
65391,106
65392,84
65393,72
65394,65
65395,193
65396,122
65397,115
65398,110
65399,98
65400,91
65401,95
65402,423
65403,169
65404,114
65405,107
65406,92
65407,93
65408,151
65409,124
65410,64
65411,55
65412,43
65413,35
65414,32
65415,42
65416,57
65417,47
65418,44
65419,38
65420,36
65421,35
65422,35
65423,184
65424,76
65425,66
65426,58
65427,54
65428,55
65429,85
65430,353
65431,158
65432,131
65433,123
65434,135
65435,101
65436,135
65437,444
65438,244
65439,198
65440,169
65441,168
65442,137
65443,161
65444,64
65445,29
65446,23
65447,13
65448,7
65449,12
65450,17
65451,51
65452,28
65453,22
65454,13
65455,8
65456,4
65457,18
65458,279
65459,99
65460,79
65461,71
65462,86
65463,72
65464,104
65465,48
65466,10
65467,8
65468,4
65469,19
65470,3
65471,8
65472,509
65473,214
65474,131
65475,108
65476,135
65477,104
65478,168
65479,112
65480,82
65481,79
65482,66
65483,72
65484,65
65485,55
65486,57
65487,38
65488,35
65489,29
65490,28
65491,31
65492,25
65493,95
65494,24
65495,22
65496,18
65497,35
65498,29
65499,48
65500,37
65501,30
65502,28
65503,23
65504,21
65505,12
65506,9
65507,100
65508,57
65509,52
65510,47
65511,53
65512,43
65513,44
65514,95
65515,89
65516,84
65517,70
65518,50
65519,52
65520,46
65521,309
65522,157
65523,132
65524,124
65525,158
65526,105
65527,124
65528,91
65529,31
65530,25
65531,17
65532,23
65533,15
65534,37
65535,120
65536,65
65537,57
65538,45
65539,34
65540,33
65541,44
65542,218
65543,136
65544,128
65545,116
65546,104
65547,91
65548,94
65549,27
65550,12
65551,12
65552,7
65553,12
65554,0
65555,7
65556,196
65557,143
65558,137
65559,122
65560,102
65561,92
65562,84
65563,56
65564,33
65565,26
65566,15
65567,10
65568,9
65569,31
65570,211
65571,87
65572,71
65573,65
65574,66
65575,64
65576,92
65577,283
65578,168
65579,133
65580,113
65581,100
65582,87
65583,92
65584,74
65585,44
65586,38
65587,33
65588,39
65589,30
65590,36
65591,364
65592,169
65593,145
65594,136
65595,165
65596,116
65597,144
65598,84
65599,31
65600,24
65601,17
65602,20
65603,12
65604,30
65605,134
65606,57
65607,49
65608,38
65609,31
65610,26
65611,54
65612,290
65613,130
65614,94
65615,85
65616,97
65617,71
65618,97
65619,194
65620,132
65621,122
65622,108
65623,97
65624,90
65625,84
65626,60
65627,34
65628,27
65629,15
65630,6
65631,6
65632,18
65633,272
65634,114
65635,94
65636,85
65637,88
65638,65
65639,103
65640,336
65641,141
65642,107
65643,92
65644,101
65645,84
65646,111
65647,136
65648,73
65649,65
65650,54
65651,44
65652,38
65653,58
65654,38
65655,34
65656,33
65657,22
65658,12
65659,15
65660,26
65661,274
65662,112
65663,85
65664,76
65665,114
65666,73
65667,102
65668,70
65669,66
65670,61
65671,52
65672,53
65673,35
65674,30
65675,1002
65676,500
65677,328
65678,317
65679,344
65680,287
65681,417
65682,251
65683,179
65684,161
65685,147
65686,118
65687,96
65688,109
65689,253
65690,112
65691,89
65692,83
65693,113
65694,77
65695,94
65696,76
65697,61
65698,57
65699,47
65700,38
65701,34
65702,39
65703,256
65704,147
65705,121
65706,109
65707,99
65708,89
65709,95
65710,77
65711,22
65712,23
65713,21
65714,45
65715,40
65716,34
65717,65
65718,34
65719,26
65720,15
65721,9
65722,12
65723,16
65724,54
65725,39
65726,33
65727,25
65728,18
65729,22
65730,26
65731,614
65732,298
65733,210
65734,188
65735,199
65736,171
65737,205
65738,158
65739,108
65740,99
65741,83
65742,62
65743,58
65744,69
65745,50
65746,29
65747,28
65748,21
65749,35
65750,20
65751,17
65752,362
65753,163
65754,128
65755,118
65756,131
65757,104
65758,131
65759,150
65760,86
65761,81
65762,70
65763,65
65764,56
65765,62
65766,144
65767,39
65768,29
65769,21
65770,33
65771,21
65772,50
65773,80
65774,63
65775,55
65776,40
65777,28
65778,26
65779,26
65780,361
65781,149
65782,117
65783,106
65784,101
65785,89
65786,130
65787,151
65788,78
65789,68
65790,61
65791,65
65792,46
65793,74
65794,63
65795,30
65796,24
65797,19
65798,26
65799,16
65800,32
65801,487
65802,230
65803,160
65804,139
65805,169
65806,134
65807,166
65808,173
65809,66
65810,56
65811,48
65812,60
65813,45
65814,59
65815,330
65816,116
65817,88
65818,75
65819,72
65820,62
65821,100
65822,1199
65823,707
65824,494
65825,447
65826,453
65827,371
65828,465
65829,129
65830,75
65831,66
65832,58
65833,60
65834,44
65835,57
65836,52
65837,42
65838,43
65839,43
65840,59
65841,50
65842,39
65843,66
65844,45
65845,39
65846,26
65847,27
65848,22
65849,29
65850,211
65851,98
65852,92
65853,89
65854,108
65855,93
65856,99
65857,458
65858,226
65859,163
65860,134
65861,142
65862,122
65863,161
65864,170
65865,114
65866,107
65867,101
65868,113
65869,84
65870,82
65871,86
65872,40
65873,32
65874,24
65875,19
65876,17
65877,30
65878,224
65879,175
65880,161
65881,145
65882,117
65883,97
65884,107
65885,15
65886,11
65887,13
65888,17
65889,51
65890,41
65891,52
65892,134
65893,37
65894,29
65895,20
65896,15
65897,9
65898,42
65899,161
65900,98
65901,93
65902,85
65903,80
65904,73
65905,76
65906,250
65907,157
65908,137
65909,123
65910,120
65911,103
65912,107
65913,85
65914,43
65915,37
65916,32
65917,30
65918,27
65919,46
65920,125
65921,96
65922,92
65923,79
65924,80
65925,68
65926,66
65927,486
65928,195
65929,107
65930,105
65931,133
65932,100
65933,162
65934,54
65935,50
65936,45
65937,36
65938,32
65939,25
65940,29
65941,154
65942,58
65943,49
65944,39
65945,32
65946,35
65947,64
65948,346
65949,108
65950,81
65951,71
65952,99
65953,59
65954,104
65955,405
65956,169
65957,139
65958,123
65959,144
65960,104
65961,152
65962,155
65963,70
65964,62
65965,55
65966,57
65967,53
65968,73
65969,185
65970,116
65971,103
65972,89
65973,92
65974,64
65975,79
65976,38
65977,24
65978,26
65979,22
65980,32
65981,25
65982,13
65983,243
65984,142
65985,107
65986,85
65987,68
65988,59
65989,78
65990,473
65991,232
65992,187
65993,156
65994,145
65995,127
65996,151
65997,33
65998,19
65999,19
66000,17
66001,32
66002,16
66003,11
66004,207
66005,91
66006,81
66007,78
66008,114
66009,75
66010,96
66011,266
66012,122
66013,93
66014,86
66015,113
66016,86
66017,99
66018,128
66019,63
66020,55
66021,44
66022,39
66023,38
66024,48
66025,68
66026,39
66027,34
66028,27
66029,24
66030,18
66031,34
66032,114
66033,44
66034,36
66035,28
66036,41
66037,29
66038,44
66039,2
66040,10
66041,11
66042,15
66043,31
66044,23
66045,39
66046,341
66047,160
66048,124
66049,111
66050,127
66051,100
66052,116
66053,181
66054,128
66055,119
66056,109
66057,119
66058,92
66059,84
66060,42
66061,50
66062,49
66063,41
66064,35
66065,39
66066,21
66067,244
66068,89
66069,62
66070,55
66071,88
66072,62
66073,96
66074,165
66075,97
66076,95
66077,88
66078,97
66079,75
66080,83
66081,219
66082,147
66083,134
66084,122
66085,106
66086,83
66087,105
66088,107
66089,101
66090,95
66091,81
66092,59
66093,53
66094,48
66095,228
66096,116
66097,102
66098,92
66099,116
66100,76
66101,84
66102,152
66103,68
66104,59
66105,53
66106,46
66107,47
66108,71
66109,208
66110,131
66111,109
66112,92
66113,75
66114,68
66115,83
66116,95
66117,35
66118,26
66119,19
66120,16
66121,20
66122,29
66123,151
66124,117
66125,110
66126,98
66127,75
66128,58
66129,76
66130,80
66131,55
66132,54
66133,53
66134,53
66135,53
66136,52
66137,447
66138,177
66139,119
66140,106
66141,111
66142,97
66143,142
66144,80
66145,42
66146,36
66147,28
66148,24
66149,28
66150,30
66151,23
66152,25
66153,25
66154,20
66155,14
66156,15
66157,2
66158,171
66159,63
66160,54
66161,46
66162,52
66163,48
66164,74
66165,477
66166,475
66167,255
66168,203
66169,150
66170,139
66171,147
66172,492
66173,484
66174,299
66175,249
66176,187
66177,171
66178,177
66179,132
66180,117
66181,61
66182,52
66183,35
66184,35
66185,19
66186,63
66187,45
66188,30
66189,29
66190,26
66191,20
66192,16
66193,325
66194,318
66195,148
66196,129
66197,109
66198,99
66199,103
66200,81
66201,69
66202,23
66203,20
66204,14
66205,10
66206,14
66207,1148
66208,1124
66209,480
66210,398
66211,314
66212,297
66213,323
66214,41
66215,26
66216,31
66217,25
66218,16
66219,12
66220,10
66221,91
66222,75
66223,45
66224,38
66225,28
66226,35
66227,29
66228,217
66229,205
66230,78
66231,71
66232,58
66233,57
66234,62
66235,148
66236,132
66237,72
66238,66
66239,52
66240,46
66241,57
66242,180
66243,175
66244,99
66245,87
66246,72
66247,78
66248,64
66249,92
66250,76
66251,87
66252,77
66253,67
66254,59
66255,39
66256,580
66257,556
66258,308
66259,268
66260,214
66261,202
66262,209
66263,40
66264,29
66265,18
66266,17
66267,13
66268,10
66269,10
66270,59
66271,48
66272,33
66273,32
66274,24
66275,28
66276,19
66277,231
66278,227
66279,140
66280,134
66281,110
66282,103
66283,89
66284,277
66285,259
66286,122
66287,100
66288,74
66289,74
66290,70
66291,193
66292,179
66293,136
66294,122
66295,103
66296,95
66297,91
66298,75
66299,59
66300,38
66301,33
66302,24
66303,17
66304,24
66305,67
66306,53
66307,47
66308,30
66309,18
66310,8
66311,7
66312,319
66313,305
66314,151
66315,121
66316,104
66317,100
66318,90
66319,322
66320,315
66321,207
66322,175
66323,133
66324,122
66325,105
66326,108
66327,100
66328,57
66329,54
66330,46
66331,51
66332,43
66333,588
66334,562
66335,300
66336,240
66337,186
66338,178
66339,200
66340,187
66341,172
66342,89
66343,68
66344,56
66345,62
66346,60
66347,253
66348,240
66349,126
66350,99
66351,73
66352,56
66353,51
66354,159
66355,152
66356,78
66357,72
66358,58
66359,64
66360,57
66361,184
66362,171
66363,119
66364,103
66365,86
66366,87
66367,79
66368,96
66369,82
66370,56
66371,44
66372,25
66373,12
66374,17
66375,249
66376,245
66377,112
66378,95
66379,75
66380,62
66381,49
66382,207
66383,186
66384,97
66385,85
66386,64
66387,61
66388,64
66389,77
66390,64
66391,49
66392,41
66393,32
66394,37
66395,26
66396,44
66397,29
66398,41
66399,24
66400,12
66401,2
66402,1
66403,696
66404,679
66405,277
66406,226
66407,165
66408,153
66409,199
66410,163
66411,148
66412,107
66413,93
66414,79
66415,84
66416,72
66417,1501
66418,1431
66419,738
66420,625
66421,497
66422,449
66423,486
66424,271
66425,256
66426,206
66427,178
66428,141
66429,124
66430,107
66431,630
66432,605
66433,287
66434,232
66435,181
66436,172
66437,209
66438,0
66439,0
66440,7
66441,1
66442,0
66443,0
66444,1
66445,250
66446,234
66447,161
66448,146
66449,121
66450,106
66451,92
66452,327
66453,311
66454,187
66455,168
66456,128
66457,124
66458,113
66459,268
66460,264
66461,123
66462,110
66463,92
66464,85
66465,85
66466,50
66467,35
66468,37
66469,21
66470,9
66471,0
66472,1
66473,0
66474,0
66475,0
66476,3
66477,7
66478,6
66479,18
66480,548
66481,548
66482,278
66483,226
66484,172
66485,162
66486,177
66487,163
66488,145
66489,98
66490,90
66491,71
66492,68
66493,48
66494,257
66495,242
66496,122
66497,100
66498,84
66499,91
66500,87
66501,738
66502,710
66503,351
66504,278
66505,209
66506,198
66507,226
66508,129
66509,116
66510,82
66511,71
66512,57
66513,62
66514,46
66515,248
66516,243
66517,111
66518,93
66519,76
66520,58
66521,61
66522,38
66523,25
66524,42
66525,26
66526,14
66527,8
66528,3
66529,39
66530,41
66531,21
66532,22
66533,29
66534,36
66535,54
66536,297
66537,280
66538,165
66539,138
66540,107
66541,92
66542,69
66543,120
66544,107
66545,75
66546,69
66547,58
66548,63
66549,57
66550,139
66551,124
66552,65
66553,56
66554,46
66555,56
66556,48
66557,710
66558,690
66559,320
66560,263
66561,208
66562,196
66563,243
66564,408
66565,407
66566,202
66567,166
66568,103
66569,108
66570,110
66571,302
66572,296
66573,141
66574,116
66575,92
66576,82
66577,80
66578,2496
66579,2143
66580,1281
66581,1086
66582,947
66583,893
66584,947
66585,145
66586,129
66587,80
66588,69
66589,53
66590,55
66591,47
66592,388
66593,379
66594,221
66595,198
66596,159
66597,156
66598,155
66599,49
66600,33
66601,26
66602,18
66603,7
66604,7
66605,0
66606,165
66607,159
66608,78
66609,64
66610,48
66611,38
66612,36
66613,260
66614,255
66615,131
66616,121
66617,104
66618,98
66619,96
66620,264
66621,259
66622,144
66623,127
66624,103
66625,100
66626,92
66627,297
66628,278
66629,158
66630,135
66631,115
66632,118
66633,105
66634,263
66635,254
66636,138
66637,113
66638,85
66639,71
66640,72
66641,152
66642,137
66643,73
66644,58
66645,43
66646,45
66647,44
66648,351
66649,331
66650,274
66651,221
66652,178
66653,153
66654,124
66655,118
66656,106
66657,46
66658,45
66659,39
66660,46
66661,44
66662,90
66663,76
66664,37
66665,31
66666,19
66667,14
66668,18
66669,269
66670,252
66671,148
66672,109
66673,86
66674,84
66675,75
66676,294
66677,285
66678,188
66679,158
66680,123
66681,112
66682,86
66683,62
66684,49
66685,32
66686,23
66687,24
66688,34
66689,24
66690,265
66691,248
66692,174
66693,146
66694,111
66695,98
66696,83
66697,949
66698,925
66699,377
66700,292
66701,217
66702,215
66703,250
66704,102
66705,87
66706,46
66707,39
66708,25
66709,33
66710,31
66711,148
66712,134
66713,107
66714,92
66715,78
66716,75
66717,60
66718,54
66719,45
66720,27
66721,23
66722,14
66723,10
66724,13
66725,1009
66726,982
66727,375
66728,274
66729,202
66730,199
66731,243
66732,724
66733,699
66734,312
66735,249
66736,191
66737,185
66738,232
66739,157
66740,148
66741,65
66742,61
66743,50
66744,53
66745,45
66746,127
66747,113
66748,94
66749,77
66750,62
66751,65
66752,55
66753,181
66754,156
66755,80
66756,64
66757,49
66758,54
66759,40
66760,289
66761,271
66762,191
66763,151
66764,105
66765,82
66766,65
66767,867
66768,839
66769,433
66770,371
66771,283
66772,266
66773,278
66774,90
66775,79
66776,42
66777,37
66778,29
66779,26
66780,24
66781,324
66782,311
66783,153
66784,144
66785,116
66786,106
66787,111
66788,225
66789,213
66790,110
66791,102
66792,91
66793,98
66794,86
66795,131
66796,113
66797,68
66798,59
66799,44
66800,48
66801,32
66802,57
66803,45
66804,37
66805,24
66806,18
66807,16
66808,15
66809,209
66810,197
66811,112
66812,92
66813,72
66814,72
66815,64
66816,24
66817,11
66818,7
66819,6
66820,6
66821,7
66822,5
66823,264
66824,252
66825,150
66826,135
66827,111
66828,100
66829,91
66830,668
66831,650
66832,308
66833,282
66834,207
66835,216
66836,213
66837,114
66838,99
66839,69
66840,63
66841,43
66842,41
66843,35
66844,530
66845,527
66846,247
66847,195
66848,144
66849,136
66850,156
66851,206
66852,193
66853,122
66854,103
66855,84
66856,82
66857,75
66858,378
66859,371
66860,241
66861,190
66862,144
66863,132
66864,111
66865,263
66866,241
66867,194
66868,156
66869,107
66870,80
66871,64
66872,456
66873,455
66874,238
66875,188
66876,130
66877,137
66878,148
66879,94
66880,89
66881,49
66882,46
66883,40
66884,34
66885,34
66886,138
66887,123
66888,64
66889,54
66890,39
66891,46
66892,45
66893,455
66894,446
66895,276
66896,221
66897,158
66898,151
66899,128
66900,57
66901,44
66902,27
66903,16
66904,11
66905,5
66906,13
66907,300
66908,282
66909,193
66910,173
66911,134
66912,125
66913,103
66914,156
66915,138
66916,127
66917,106
66918,85
66919,75
66920,62
66921,63
66922,47
66923,36
66924,32
66925,23
66926,17
66927,23
66928,203
66929,188
66930,121
66931,114
66932,96
66933,97
66934,84
66935,761
66936,749
66937,349
66938,290
66939,218
66940,202
66941,231
66942,100
66943,84
66944,43
66945,39
66946,32
66947,35
66948,20
66949,39
66950,29
66951,40
66952,36
66953,26
66954,15
66955,11
66956,200
66957,191
66958,85
66959,80
66960,70
66961,74
66962,76
66963,74
66964,123
66965,72
66966,86
66967,74
66968,106
66969,135
66970,751
66971,525
66972,318
66973,172
66974,157
66975,170
66976,270
66977,331
66978,330
66979,246
66980,202
66981,182
66982,178
66983,172
66984,1470
66985,1220
66986,846
66987,548
66988,513
66989,505
66990,663
66991,232
66992,197
66993,115
66994,65
66995,56
66996,56
66997,99
66998,544
66999,389
67000,212
67001,109
67002,100
67003,102
67004,183
67005,49
67006,116
67007,65
67008,29
67009,29
67010,41
67011,64
67012,153
67013,160
67014,102
67015,74
67016,68
67017,72
67018,95
67019,254
67020,238
67021,153
67022,132
67023,79
67024,91
67025,124
67026,1381
67027,1085
67028,798
67029,633
67030,578
67031,536
67032,692
67033,298
67034,202
67035,118
67036,73
67037,64
67038,69
67039,120
67040,57
67041,122
67042,89
67043,81
67044,77
67045,81
67046,86
67047,465
67048,355
67049,206
67050,106
67051,92
67052,105
67053,165
67054,108
67055,138
67056,96
67057,91
67058,69
67059,82
67060,92
67061,421
67062,374
67063,225
67064,127
67065,114
67066,121
67067,168
67068,1970
67069,1373
67070,1135
67071,871
67072,843
67073,841
67074,1167
67075,14
67076,54
67077,44
67078,41
67079,50
67080,107
67081,145
67082,102
67083,106
67084,43
67085,47
67086,51
67087,55
67088,101
67089,58
67090,92
67091,59
67092,77
67093,66
67094,109
67095,149
67096,76
67097,133
67098,79
67099,71
67100,59
67101,67
67102,76
67103,593
67104,494
67105,338
67106,260
67107,242
67108,244
67109,278
67110,72
67111,118
67112,71
67113,73
67114,56
67115,67
67116,91
67117,188
67118,220
67119,149
67120,124
67121,111
67122,114
67123,125
67124,335
67125,243
67126,130
67127,56
67128,55
67129,66
67130,136
67131,158
67132,142
67133,79
67134,36
67135,43
67136,42
67137,79
67138,387
67139,308
67140,191
67141,119
67142,104
67143,122
67144,174
67145,493
67146,495
67147,353
67148,279
67149,254
67150,250
67151,245
67152,5
67153,56
67154,40
67155,33
67156,40
67157,56
67158,71
67159,908
67160,936
67161,398
67162,290
67163,201
67164,162
67165,171
67166,1177
67167,1174
67168,582
67169,468
67170,340
67171,275
67172,266
67173,382
67174,441
67175,198
67176,156
67177,105
67178,66
67179,63
67180,134
67181,225
67182,76
67183,56
67184,50
67185,48
67186,46
67187,168
67188,200
67189,58
67190,34
67191,28
67192,18
67193,19
67194,1076
67195,1115
67196,391
67197,296
67198,224
67199,181
67200,214
67201,121
67202,143
67203,64
67204,40
67205,31
67206,22
67207,19
67208,100
67209,185
67210,34
67211,20
67212,19
67213,12
67214,13
67215,167
67216,226
67217,87
67218,59
67219,44
67220,36
67221,36
67222,380
67223,436
67224,206
67225,141
67226,101
67227,81
67228,74
67229,42
67230,51
67231,63
67232,49
67233,49
67234,30
67235,24
67236,272
67237,339
67238,149
67239,96
67240,77
67241,70
67242,71
67243,0
67244,31
67245,3
67246,0
67247,3
67248,0
67249,16
67250,166
67251,291
67252,109
67253,85
67254,73
67255,61
67256,56
67257,23
67258,124
67259,36
67260,37
67261,43
67262,32
67263,48
67264,119
67265,193
67266,106
67267,70
67268,62
67269,46
67270,42
67271,31
67272,156
67273,21
67274,2
67275,8
67276,3
67277,1
67278,579
67279,647
67280,355
67281,267
67282,203
67283,148
67284,136
67285,320
67286,427
67287,139
67288,97
67289,85
67290,73
67291,77
67292,10
67293,95
67294,24
67295,14
67296,23
67297,20
67298,25
67299,163
67300,162
67301,71
67302,50
67303,38
67304,20
67305,14
67306,49
67307,76
67308,64
67309,44
67310,41
67311,41
67312,59
67313,106
67314,126
67315,52
67316,24
67317,14
67318,8
67319,2
67320,195
67321,295
67322,97
67323,63
67324,39
67325,30
67326,29
67327,32
67328,59
67329,32
67330,21
67331,26
67332,19
67333,17
67334,314
67335,411
67336,114
67337,78
67338,61
67339,51
67340,62
67341,56
67342,71
67343,64
67344,45
67345,46
67346,46
67347,37
67348,1586
67349,1554
67350,705
67351,527
67352,392
67353,322
67354,334
67355,136
67356,168
67357,124
67358,84
67359,73
67360,55
67361,47
67362,833
67363,920
67364,346
67365,253
67366,173
67367,143
67368,163
67369,15
67370,42
67371,24
67372,2
67373,4
67374,0
67375,0
67376,98
67377,114
67378,81
67379,46
67380,44
67381,35
67382,32
67383,101
67384,146
67385,66
67386,53
67387,47
67388,37
67389,34
67390,481
67391,586
67392,216
67393,170
67394,119
67395,82
67396,96
67397,62
67398,74
67399,45
67400,17
67401,11
67402,0
67403,0
67404,16
67405,16
67406,9
67407,1
67408,6
67409,0
67410,0
67411,1264
67412,1232
67413,539
67414,409
67415,290
67416,234
67417,228
67418,68
67419,101
67420,51
67421,26
67422,30
67423,22
67424,23
67425,20
67426,68
67427,19
67428,7
67429,13
67430,5
67431,1
67432,226
67433,348
67434,109
67435,64
67436,45
67437,32
67438,33
67439,129
67440,209
67441,102
67442,60
67443,48
67444,37
67445,32
67446,140
67447,250
67448,61
67449,40
67450,36
67451,22
67452,27
67453,68
67454,183
67455,49
67456,24
67457,18
67458,17
67459,9
67460,41
67461,79
67462,42
67463,24
67464,27
67465,16
67466,12
67467,746
67468,810
67469,328
67470,252
67471,170
67472,126
67473,142
67474,230
67475,262
67476,107
67477,71
67478,51
67479,40
67480,39
67481,188
67482,309
67483,81
67484,55
67485,45
67486,30
67487,30
67488,3130
67489,2902
67490,1591
67491,1360
67492,1213
67493,1006
67494,1015
67495,70
67496,122
67497,56
67498,38
67499,35
67500,20
67501,12
67502,437
67503,562
67504,249
67505,178
67506,144
67507,123
67508,128
67509,176
67510,274
67511,86
67512,44
67513,29
67514,15
67515,12
67516,91
67517,193
67518,54
67519,33
67520,32
67521,22
67522,18
67523,582
67524,706
67525,234
67526,180
67527,125
67528,85
67529,92
67530,393
67531,497
67532,199
67533,149
67534,106
67535,82
67536,80
67537,73
67538,114
67539,46
67540,27
67541,33
67542,33
67543,29
67544,160
67545,202
67546,80
67547,50
67548,36
67549,21
67550,18
67551,56
67552,62
67553,38
67554,23
67555,29
67556,26
67557,21
67558,567
67559,558
67560,385
67561,297
67562,215
67563,162
67564,148
67565,178
67566,261
67567,77
67568,58
67569,52
67570,44
67571,45
67572,54
67573,91
67574,34
67575,19
67576,17
67577,11
67578,11
67579,109
67580,190
67581,72
67582,33
67583,27
67584,20
67585,15
67586,199
67587,260
67588,138
67589,90
67590,73
67591,61
67592,53
67593,65
67594,68
67595,62
67596,40
67597,38
67598,19
67599,14
67600,464
67601,591
67602,209
67603,154
67604,106
67605,82
67606,90
67607,19
67608,93
67609,25
67610,27
67611,34
67612,31
67613,49
67614,79
67615,117
67616,89
67617,56
67618,60
67619,54
67620,49
67621,16
67622,91
67623,19
67624,15
67625,27
67626,20
67627,25
67628,383
67629,506
67630,141
67631,94
67632,67
67633,53
67634,56
67635,1265
67636,1266
67637,544
67638,428
67639,311
67640,250
67641,266
67642,28
67643,68
67644,20
67645,12
67646,18
67647,7
67648,7
67649,71
67650,82
67651,75
67652,51
67653,43
67654,30
67655,23
67656,43
67657,67
67658,34
67659,17
67660,22
67661,20
67662,20
67663,41
67664,52
67665,38
67666,9
67667,8
67668,0
67669,0
67670,606
67671,644
67672,306
67673,242
67674,166
67675,129
67676,117
67677,257
67678,308
67679,106
67680,65
67681,58
67682,53
67683,51
67684,133
67685,249
67686,55
67687,36
67688,31
67689,34
67690,33
67691,87
67692,133
67693,63
67694,46
67695,49
67696,52
67697,44
67698,83
67699,139
67700,59
67701,32
67702,27
67703,10
67704,10
67705,183
67706,225
67707,83
67708,50
67709,39
67710,27
67711,27
67712,447
67713,513
67714,235
67715,194
67716,148
67717,115
67718,110
67719,164
67720,249
67721,123
67722,96
67723,81
67724,68
67725,59
67726,72
67727,79
67728,62
67729,45
67730,40
67731,25
67732,19
67733,198
67734,317
67735,85
67736,53
67737,40
67738,29
67739,34
67740,91
67741,201
67742,67
67743,46
67744,38
67745,28
67746,25
67747,501
67748,539
67749,274
67750,213
67751,151
67752,124
67753,116
67754,57
67755,65
67756,73
67757,46
67758,39
67759,22
67760,14
67761,91
67762,168
67763,65
67764,33
67765,30
67766,27
67767,24
67768,69
67769,201
67770,54
67771,40
67772,44
67773,39
67774,36
67775,6
67776,66
67777,16
67778,9
67779,16
67780,8
67781,15
67782,125
67783,144
67784,112
67785,67
67786,55
67787,36
67788,29
67789,90
67790,98
67791,75
67792,62
67793,55
67794,42
67795,33
67796,138
67797,221
67798,78
67799,50
67800,38
67801,28
67802,26
67803,163
67804,166
67805,73
67806,55
67807,41
67808,31
67809,28
67810,8
67811,62
67812,31
67813,28
67814,31
67815,23
67816,29
67817,74
67818,44
67819,42
67820,36
67821,43
67822,43
67823,44
67824,362
67825,127
67826,100
67827,91
67828,80
67829,83
67830,138
67831,121
67832,64
67833,62
67834,53
67835,59
67836,52
67837,52
67838,44
67839,21
67840,19
67841,12
67842,9
67843,12
67844,21
67845,246
67846,148
67847,143
67848,126
67849,105
67850,88
67851,105
67852,13
67853,17
67854,21
67855,22
67856,37
67857,52
67858,49
67859,32
67860,33
67861,33
67862,35
67863,52
67864,68
67865,62
67866,0
67867,7
67868,7
67869,5
67870,5
67871,8
67872,4
67873,456
67874,184
67875,143
67876,115
67877,108
67878,113
67879,168
67880,538
67881,247
67882,161
67883,133
67884,118
67885,124
67886,207
67887,93
67888,29
67889,25
67890,23
67891,30
67892,34
67893,51
67894,250
67895,124
67896,118
67897,111
67898,95
67899,82
67900,110
67901,541
67902,261
67903,176
67904,148
67905,140
67906,135
67907,195
67908,21
67909,22
67910,21
67911,17
67912,22
67913,26
67914,19
67915,281
67916,119
67917,92
67918,84
67919,79
67920,79
67921,105
67922,43
67923,19
67924,18
67925,15
67926,22
67927,24
67928,26
67929,173
67930,76
67931,69
67932,59
67933,53
67934,49
67935,73
67936,750
67937,353
67938,237
67939,200
67940,206
67941,201
67942,287
67943,217
67944,118
67945,85
67946,68
67947,59
67948,61
67949,71
67950,21
67951,7
67952,8
67953,7
67954,16
67955,18
67956,20
67957,131
67958,73
67959,70
67960,61
67961,55
67962,56
67963,58
67964,275
67965,99
67966,78
67967,72
67968,62
67969,59
67970,118
67971,481
67972,213
67973,117
67974,115
67975,111
67976,115
67977,174
67978,89
67979,48
67980,43
67981,32
67982,27
67983,29
67984,43
67985,61
67986,38
67987,37
67988,32
67989,37
67990,37
67991,29
67992,62
67993,10
67994,3
67995,0
67996,5
67997,11
67998,24
67999,222
68000,98
68001,76
68002,69
68003,66
68004,67
68005,93
68006,96
68007,41
68008,33
68009,29
68010,25
68011,26
68012,48
68013,127
68014,79
68015,79
68016,73
68017,71
68018,69
68019,70
68020,425
68021,174
68022,109
68023,106
68024,91
68025,92
68026,148
68027,4
68028,17
68029,17
68030,20
68031,22
68032,31
68033,29
68034,231
68035,139
68036,106
68037,82
68038,95
68039,114
68040,130
68041,359
68042,229
68043,166
68044,156
68045,174
68046,189
68047,246
68048,18
68049,13
68050,0
68051,0
68052,11
68053,36
68054,87
68055,65
68056,25
68057,1
68058,16
68059,29
68060,60
68061,88
68062,256
68063,163
68064,121
68065,85
68066,99
68067,139
68068,216
68069,75
68070,33
68071,37
68072,54
68073,77
68074,96
68075,102
68076,34
68077,14
68078,4
68079,23
68080,68
68081,102
68082,178
68083,95
68084,56
68085,46
68086,56
68087,93
68088,149
68089,251
68090,164
68091,101
68092,75
68093,68
68094,84
68095,121
68096,177
68097,142
68098,83
68099,42
68100,63
68101,79
68102,97
68103,127
68104,77
68105,27
68106,0
68107,10
68108,19
68109,57
68110,63
68111,95
68112,61
68113,61
68114,67
68115,85
68116,120
68117,117
68118,64
68119,31
68120,14
68121,17
68122,27
68123,51
68124,60
68125,161
68126,93
68127,54
68128,33
68129,54
68130,94
68131,166
68132,46
68133,31
68134,17
68135,38
68136,49
68137,97
68138,97
68139,329
68140,210
68141,157
68142,122
68143,127
68144,178
68145,232
68146,92
68147,58
68148,57
68149,80
68150,103
68151,148
68152,172
68153,213
68154,132
68155,88
68156,94
68157,104
68158,149
68159,225
68160,96
68161,64
68162,60
68163,59
68164,79
68165,108
68166,112
68167,88
68168,50
68169,35
68170,61
68171,75
68172,110
68173,132
68174,95
68175,46
68176,14
68177,34
68178,51
68179,89
68180,161
68181,232
68182,136
68183,99
68184,110
68185,128
68186,149
68187,161
68188,164
68189,76
68190,45
68191,40
68192,53
68193,77
68194,183
68195,51
68196,27
68197,18
68198,35
68199,75
68200,108
68201,213
68202,70
68203,34
68204,10
68205,28
68206,67
68207,101
68208,200
68209,169
68210,91
68211,41
68212,41
68213,49
68214,85
68215,120
68216,96
68217,41
68218,39
68219,32
68220,62
68221,91
68222,112
68223,81
68224,33
68225,8
68226,29
68227,45
68228,82
68229,179
68230,364
68231,236
68232,173
68233,140
68234,146
68235,220
68236,313
68237,106
68238,44
68239,6
68240,16
68241,24
68242,62
68243,97
68244,97
68245,64
68246,38
68247,59
68248,81
68249,119
68250,213
68251,112
68252,54
68253,19
68254,30
68255,53
68256,88
68257,126
68258,58
68259,20
68260,13
68261,38
68262,68
68263,98
68264,179
68265,135
68266,68
68267,52
68268,56
68269,65
68270,101
68271,175
68272,56
68273,26
68274,15
68275,29
68276,77
68277,134
68278,175
68279,179
68280,113
68281,70
68282,70
68283,79
68284,90
68285,85
68286,185
68287,104
68288,66
68289,45
68290,61
68291,104
68292,201
68293,308
68294,205
68295,148
68296,143
68297,168
68298,213
68299,270
68300,114
68301,62
68302,32
68303,44
68304,53
68305,75
68306,72
68307,192
68308,102
68309,84
68310,54
68311,65
68312,102
68313,129
68314,79
68315,38
68316,16
68317,19
68318,33
68319,63
68320,100
68321,154
68322,80
68323,43
68324,57
68325,89
68326,125
68327,219
68328,44
68329,25
68330,14
68331,34
68332,58
68333,99
68334,129
68335,139
68336,79
68337,40
68338,36
68339,51
68340,75
68341,112
68342,135
68343,88
68344,64
68345,77
68346,77
68347,100
68348,163
68349,93
68350,56
68351,24
68352,37
68353,46
68354,75
68355,82
68356,100
68357,55
68358,16
68359,22
68360,35
68361,56
68362,155
68363,168
68364,86
68365,63
68366,55
68367,67
68368,82
68369,104
68370,101
68371,63
68372,35
68373,29
68374,43
68375,74
68376,73
68377,143
68378,71
68379,51
68380,47
68381,72
68382,104
68383,173
68384,87
68385,60
68386,51
68387,62
68388,77
68389,113
68390,121
68391,49
68392,34
68393,20
68394,47
68395,60
68396,94
68397,90
68398,23
68399,24
68400,18
68401,31
68402,54
68403,82
68404,80
68405,75
68406,35
68407,2
68408,5
68409,15
68410,39
68411,67
68412,94
68413,60
68414,35
68415,74
68416,147
68417,59
68418,30
68419,11
68420,35
68421,36
68422,83
68423,134
68424,76
68425,79
68426,74
68427,75
68428,38
68429,94
68430,205
68431,92
68432,111
68433,0
68434,1
68435,9
68436,24
68437,102
68438,33
68439,33
68440,14
68441,25
68442,17
68443,69
68444,84
68445,72
68446,71
68447,19
68448,28
68449,26
68450,84
68451,178
68452,77
68453,79
68454,3
68455,10
68456,26
68457,51
68458,76
68459,45
68460,44
68461,75
68462,52
68463,29
68464,73
68465,130
68466,64
68467,57
68468,11
68469,36
68470,9
68471,57
68472,152
68473,61
68474,77
68475,17
68476,35
68477,9
68478,48
68479,159
68480,56
68481,68
68482,24
68483,34
68484,11
68485,55
68486,115
68487,51
68488,67
68489,103
68490,60
68491,47
68492,92
68493,196
68494,79
68495,37
68496,7
68497,17
68498,22
68499,61
68500,119
68501,67
68502,72
68503,4
68504,21
68505,21
68506,67
68507,181
68508,55
68509,51
68510,30
68511,40
68512,13
68513,71
68514,203
68515,88
68516,98
68517,37
68518,43
68519,35
68520,76
68521,175
68522,53
68523,50
68524,29
68525,40
68526,18
68527,66
68528,137
68529,59
68530,67
68531,67
68532,50
68533,42
68534,97
68535,116
68536,71
68537,75
68538,0
68539,0
68540,17
68541,52
68542,70
68543,32
68544,35
68545,17
68546,24
68547,20
68548,65
68549,123
68550,63
68551,80
68552,31
68553,44
68554,18
68555,52
68556,170
68557,53
68558,69
68559,37
68560,48
68561,42
68562,81
68563,150
68564,74
68565,84
68566,0
68567,0
68568,0
68569,12
68570,65
68571,18
68572,24
68573,22
68574,36
68575,23
68576,71
68577,141
68578,60
68579,78
68580,4
68581,18
68582,18
68583,58
68584,63
68585,45
68586,43
68587,191
68588,161
68589,114
68590,135
68591,143
68592,71
68593,33
68594,348
68595,334
68596,208
68597,218
68598,259
68599,134
68600,82
68601,0
68602,0
68603,0
68604,19
68605,79
68606,16
68607,1
68608,24
68609,9
68610,13
68611,45
68612,97
68613,40
68614,12
68615,0
68616,5
68617,10
68618,50
68619,98
68620,51
68621,46
68622,0
68623,11
68624,0
68625,34
68626,76
68627,38
68628,40
68629,304
68630,269
68631,148
68632,164
68633,223
68634,91
68635,54
68636,55
68637,44
68638,67
68639,93
68640,100
68641,63
68642,8
68643,0
68644,0
68645,6
68646,37
68647,73
68648,41
68649,38
68650,6
68651,29
68652,0
68653,38
68654,136
68655,43
68656,60
68657,15
68658,7
68659,45
68660,69
68661,77
68662,57
68663,28
68664,83
68665,62
68666,67
68667,117
68668,169
68669,105
68670,56
68671,42
68672,35
68673,35
68674,87
68675,202
68676,81
68677,51
68678,161
68679,140
68680,136
68681,151
68682,199
68683,99
68684,58
68685,8
68686,9
68687,21
68688,32
68689,69
68690,28
68691,16
68692,0
68693,0
68694,11
68695,30
68696,150
68697,30
68698,23
68699,56
68700,49
68701,67
68702,97
68703,146
68704,73
68705,30
68706,185
68707,149
68708,93
68709,121
68710,215
68711,79
68712,43
68713,7
68714,2
68715,10
68716,25
68717,103
68718,29
68719,18
68720,65
68721,54
68722,26
68723,58
68724,67
68725,37
68726,9
68727,33
68728,39
68729,63
68730,102
68731,91
68732,75
68733,62
68734,0
68735,14
68736,14
68737,31
68738,41
68739,21
68740,31
68741,35
68742,32
68743,33
68744,63
68745,66
68746,43
68747,6
68748,30
68749,18
68750,21
68751,66
68752,159
68753,53
68754,25
68755,30
68756,24
68757,40
68758,61
68759,83
68760,44
68761,27
68762,0
68763,5
68764,7
68765,58
68766,100
68767,56
68768,58
68769,0
68770,0
68771,15
68772,17
68773,48
68774,10
68775,10
68776,180
68777,136
68778,55
68779,85
68780,162
68781,53
68782,24
68783,577
68784,542
68785,286
68786,270
68787,283
68788,149
68789,123
68790,97
68791,89
68792,126
68793,145
68794,158
68795,101
68796,49
68797,191
68798,180
68799,93
68800,121
68801,205
68802,88
68803,50
68804,0
68805,0
68806,9
68807,18
68808,45
68809,9
68810,8
68811,90
68812,69
68813,94
68814,119
68815,126
68816,85
68817,36
68818,140
68819,135
68820,53
68821,78
68822,167
68823,64
68824,42
68825,22
68826,13
68827,38
68828,47
68829,61
68830,17
68831,2
68832,260
68833,261
68834,162
68835,191
68836,198
68837,120
68838,76
68839,16
68840,17
68841,47
68842,81
68843,74
68844,53
68845,23
68846,199
68847,182
68848,119
68849,137
68850,235
68851,74
68852,33
68853,67
68854,56
68855,26
68856,57
68857,167
68858,60
68859,35
68860,46
68861,36
68862,60
68863,54
68864,63
68865,20
68866,3
68867,1
68868,24
68869,21
68870,55
68871,161
68872,45
68873,60
68874,280
68875,256
68876,133
68877,157
68878,203
68879,99
68880,73
68881,83
68882,63
68883,56
68884,76
68885,81
68886,40
68887,4
68888,5
68889,17
68890,13
68891,50
68892,92
68893,46
68894,43
68895,37
68896,35
68897,23
68898,60
68899,175
68900,54
68901,22
68902,827
68903,775
68904,424
68905,397
68906,418
68907,209
68908,170
68909,19
68910,13
68911,19
68912,42
68913,100
68914,43
68915,23
68916,132
68917,111
68918,105
68919,138
68920,227
68921,108
68922,61
68923,41
68924,30
68925,40
68926,67
68927,176
68928,36
68929,4
68930,137
68931,133
68932,64
68933,89
68934,211
68935,80
68936,52
68937,85
68938,81
68939,58
68940,86
68941,140
68942,61
68943,30
68944,13
68945,8
68946,12
68947,53
68948,88
68949,46
68950,19
68951,60
68952,54
68953,34
68954,39
68955,53
68956,48
68957,30
68958,78
68959,60
68960,112
68961,124
68962,109
68963,77
68964,38
68965,43
68966,26
68967,8
68968,44
68969,139
68970,64
68971,43
68972,0
68973,4
68974,5
68975,38
68976,72
68977,35
68978,24
68979,52
68980,47
68981,65
68982,87
68983,134
68984,73
68985,46
68986,0
68987,6
68988,11
68989,21
68990,49
68991,32
68992,42
68993,194
68994,172
68995,133
68996,150
68997,141
68998,96
68999,60
69000,222
69001,206
69002,116
69003,138
69004,223
69005,76
69006,38
69007,0
69008,10
69009,13
69010,60
69011,111
69012,57
69013,57
69014,112
69015,92
69016,111
69017,130
69018,151
69019,96
69020,49
69021,0
69022,0
69023,0
69024,34
69025,104
69026,36
69027,35
69028,259
69029,214
69030,99
69031,124
69032,220
69033,77
69034,46
69035,447
69036,427
69037,234
69038,242
69039,277
69040,151
69041,113
69042,0
69043,13
69044,0
69045,28
69046,68
69047,26
69048,53
69049,62
69050,52
69051,83
69052,99
69053,87
69054,61
69055,30
69056,21
69057,11
69058,14
69059,29
69060,72
69061,36
69062,24
69063,298
69064,254
69065,164
69066,185
69067,192
69068,103
69069,53
69070,26
69071,23
69072,14
69073,32
69074,89
69075,40
69076,20
69077,76
69078,63
69079,30
69080,77
69081,197
69082,80
69083,49
69084,17
69085,20
69086,26
69087,66
69088,121
69089,55
69090,31
69091,0
69092,10
69093,12
69094,37
69095,62
69096,44
69097,51
69098,74
69099,64
69100,27
69101,32
69102,74
69103,28
69104,13
69105,85
69106,63
69107,51
69108,92
69109,139
69110,62
69111,35
69112,174
69113,154
69114,123
69115,151
69116,211
69117,107
69118,62
69119,65
69120,53
69121,50
69122,82
69123,97
69124,56
69125,27
69126,84
69127,67
69128,37
69129,61
69130,176
69131,55
69132,22
69133,72
69134,57
69135,55
69136,68
69137,175
69138,56
69139,28
69140,367
69141,343
69142,202
69143,198
69144,208
69145,112
69146,70
69147,47
69148,34
69149,87
69150,106
69151,91
69152,50
69153,16
69154,66
69155,49
69156,51
69157,78
69158,149
69159,66
69160,26
69161,42
69162,33
69163,75
69164,101
69165,114
69166,83
69167,35
69168,97
69169,80
69170,60
69171,95
69172,160
69173,60
69174,23
69175,29
69176,22
69177,43
69178,60
69179,97
69180,43
69181,13
69182,596
69183,584
69184,309
69185,265
69186,214
69187,182
69188,175
69189,813
69190,791
69191,436
69192,368
69193,288
69194,289
69195,261
69196,95
69197,84
69198,57
69199,49
69200,32
69201,23
69202,18
69203,29
69204,17
69205,22
69206,19
69207,14
69208,12
69209,10
69210,158
69211,151
69212,72
69213,67
69214,56
69215,50
69216,43
69217,90
69218,82
69219,66
69220,61
69221,53
69222,48
69223,39
69224,149
69225,140
69226,58
69227,48
69228,35
69229,35
69230,34
69231,855
69232,847
69233,361
69234,288
69235,220
69236,237
69237,244
69238,155
69239,142
69240,95
69241,84
69242,68
69243,62
69244,56
69245,138
69246,126
69247,73
69248,65
69249,49
69250,47
69251,43
69252,147
69253,138
69254,56
69255,50
69256,41
69257,42
69258,39
69259,210
69260,197
69261,104
69262,91
69263,75
69264,71
69265,63
69266,111
69267,105
69268,65
69269,60
69270,48
69271,46
69272,38
69273,104
69274,92
69275,88
69276,77
69277,59
69278,40
69279,34
69280,255
69281,242
69282,153
69283,130
69284,106
69285,96
69286,82
69287,0
69288,15
69289,4
69290,8
69291,4
69292,3
69293,22
69294,0
69295,13
69296,3
69297,5
69298,2
69299,0
69300,22
69301,110
69302,104
69303,75
69304,73
69305,63
69306,60
69307,53
69308,398
69309,394
69310,259
69311,216
69312,173
69313,145
69314,127
69315,95
69316,82
69317,60
69318,49
69319,31
69320,23
69321,19
69322,243
69323,226
69324,112
69325,103
69326,85
69327,79
69328,79
69329,198
69330,193
69331,122
69332,111
69333,88
69334,76
69335,68
69336,38
69337,37
69338,26
69339,26
69340,24
69341,28
69342,31
69343,366
69344,357
69345,168
69346,146
69347,124
69348,114
69349,105
69350,84
69351,73
69352,43
69353,35
69354,22
69355,23
69356,16
69357,262
69358,252
69359,149
69360,121
69361,93
69362,70
69363,59
69364,45
69365,42
69366,31
69367,32
69368,30
69369,38
69370,37
69371,42
69372,34
69373,36
69374,35
69375,31
69376,37
69377,34
69378,41
69379,30
69380,37
69381,30
69382,18
69383,10
69384,6
69385,281
69386,273
69387,124
69388,108
69389,86
69390,81
69391,77
69392,116
69393,106
69394,61
69395,52
69396,42
69397,39
69398,33
69399,81
69400,69
69401,56
69402,48
69403,34
69404,24
69405,20
69406,37
69407,28
69408,25
69409,24
69410,22
69411,28
69412,26
69413,503
69414,503
69415,238
69416,211
69417,165
69418,143
69419,143
69420,122
69421,111
69422,88
69423,78
69424,61
69425,58
69426,47
69427,2682
69428,2350
69429,1303
69430,1134
69431,997
69432,946
69433,1003
69434,232
69435,217
69436,175
69437,152
69438,126
69439,103
69440,90
69441,942
69442,909
69443,395
69444,308
69445,240
69446,261
69447,264
69448,106
69449,93
69450,74
69451,68
69452,54
69453,45
69454,35
69455,167
69456,152
69457,100
69458,92
69459,77
69460,65
69461,57
69462,211
69463,197
69464,119
69465,111
69466,94
69467,83
69468,73
69469,208
69470,201
69471,93
69472,85
69473,71
69474,67
69475,64
69476,133
69477,119
69478,71
69479,60
69480,41
69481,32
69482,28
69483,0
69484,2
69485,1
69486,2
69487,1
69488,0
69489,12
69490,234
69491,234
69492,122
69493,114
69494,97
69495,87
69496,79
69497,40
69498,28
69499,36
69500,34
69501,26
69502,21
69503,19
69504,44
69505,34
69506,25
69507,22
69508,19
69509,23
69510,20
69511,28
69512,20
69513,23
69514,22
69515,20
69516,18
69517,15
69518,502
69519,499
69520,248
69521,211
69522,163
69523,140
69524,137
69525,99
69526,89
69527,64
69528,58
69529,41
69530,40
69531,33
69532,77
69533,71
69534,30
69535,25
69536,23
69537,30
69538,25
69539,112
69540,97
69541,73
69542,60
69543,41
69544,28
69545,25
69546,10
69547,4
69548,8
69549,7
69550,5
69551,5
69552,1
69553,141
69554,131
69555,76
69556,67
69557,53
69558,46
69559,37
69560,88
69561,78
69562,54
69563,49
69564,39
69565,32
69566,26
69567,32
69568,24
69569,20
69570,20
69571,19
69572,26
69573,24
69574,891
69575,880
69576,411
69577,333
69578,263
69579,280
69580,278
69581,255
69582,249
69583,138
69584,120
69585,94
69586,77
69587,67
69588,101
69589,89
69590,53
69591,46
69592,41
69593,40
69594,30
69595,143
69596,137
69597,65
69598,59
69599,47
69600,45
69601,36
69602,3505
69603,3194
69604,1897
69605,1727
69606,1453
69607,1399
69608,1431
69609,205
69610,194
69611,123
69612,116
69613,95
69614,93
69615,87
69616,22
69617,20
69618,21
69619,23
69620,19
69621,23
69622,26
69623,11
69624,28
69625,19
69626,20
69627,18
69628,21
69629,34
69630,225
69631,217
69632,109
69633,103
69634,87
69635,84
69636,80
69637,238
69638,233
69639,135
69640,127
69641,101
69642,90
69643,82
69644,229
69645,211
69646,148
69647,130
69648,106
69649,100
69650,84
69651,38
69652,33
69653,22
69654,20
69655,14
69656,17
69657,13
69658,129
69659,121
69660,75
69661,70
69662,62
69663,64
69664,56
69665,358
69666,347
69667,250
69668,217
69669,169
69670,143
69671,123
69672,38
69673,40
69674,18
69675,18
69676,17
69677,30
69678,34
69679,25
69680,19
69681,17
69682,20
69683,16
69684,21
69685,19
69686,219
69687,204
69688,133
69689,120
69690,98
69691,86
69692,73
69693,95
69694,87
69695,68
69696,68
69697,61
69698,61
69699,54
69700,28
69701,19
69702,15
69703,14
69704,13
69705,20
69706,17
69707,364
69708,355
69709,223
69710,200
69711,149
69712,134
69713,123
69714,437
69715,442
69716,211
69717,183
69718,139
69719,123
69720,119
69721,125
69722,115
69723,82
69724,74
69725,57
69726,45
69727,40
69728,3
69729,10
69730,14
69731,15
69732,14
69733,14
69734,18
69735,608
69736,600
69737,256
69738,211
69739,172
69740,147
69741,152
69742,1767
69743,1643
69744,870
69745,731
69746,616
69747,621
69748,610
69749,41
69750,37
69751,27
69752,25
69753,20
69754,16
69755,12
69756,156
69757,145
69758,94
69759,87
69760,70
69761,58
69762,51
69763,60
69764,48
69765,40
69766,33
69767,24
69768,27
69769,23
69770,34
69771,24
69772,33
69773,31
69774,21
69775,17
69776,14
69777,636
69778,623
69779,337
69780,278
69781,223
69782,218
69783,202
69784,217
69785,207
69786,102
69787,93
69788,78
69789,71
69790,66
69791,291
69792,284
69793,145
69794,132
69795,108
69796,97
69797,88
69798,167
69799,156
69800,80
69801,73
69802,58
69803,59
69804,54
69805,24
69806,14
69807,21
69808,24
69809,21
69810,17
69811,14
69812,35
69813,28
69814,25
69815,24
69816,21
69817,25
69818,22
69819,62
69820,52
69821,34
69822,29
69823,21
69824,27
69825,24
69826,29
69827,19
69828,15
69829,14
69830,13
69831,14
69832,11
69833,275
69834,266
69835,153
69836,134
69837,107
69838,98
69839,87
69840,39
69841,28
69842,27
69843,25
69844,19
69845,15
69846,9
69847,752
69848,736
69849,463
69850,416
69851,351
69852,339
69853,306
69854,56
69855,45
69856,49
69857,43
69858,34
69859,30
69860,21
69861,409
69862,405
69863,269
69864,226
69865,177
69866,144
69867,126
69868,297
69869,289
69870,133
69871,113
69872,90
69873,81
69874,77
69875,207
69876,194
69877,114
69878,107
69879,89
69880,79
69881,77
69882,441
69883,437
69884,264
69885,224
69886,174
69887,155
69888,142
69889,229
69890,211
69891,169
69892,146
69893,117
69894,82
69895,68
69896,325
69897,318
69898,149
69899,124
69900,106
69901,98
69902,91
69903,42
69904,35
69905,28
69906,26
69907,24
69908,30
69909,26
69910,97
69911,85
69912,64
69913,56
69914,44
69915,36
69916,29
69917,0
69918,7
69919,1
69920,1
69921,0
69922,0
69923,12
69924,323
69925,308
69926,206
69927,184
69928,142
69929,125
69930,108
69931,174
69932,156
69933,112
69934,104
69935,82
69936,67
69937,60
69938,111
69939,101
69940,72
69941,68
69942,58
69943,57
69944,48
69945,576
69946,573
69947,278
69948,233
69949,196
69950,166
69951,161
69952,83
69953,71
69954,50
69955,42
69956,31
69957,23
69958,19
69959,226
69960,218
69961,161
69962,147
69963,119
69964,94
69965,82
69966,61
69967,51
69968,24
69969,23
69970,21
69971,32
69972,31
69973,22
69974,23
69975,18
69976,18
69977,15
69978,18
69979,21
69980,101
69981,95
69982,50
69983,46
69984,43
69985,46
69986,35
69987,44
69988,44
69989,36
69990,40
69991,40
69992,45
69993,46
69994,250
69995,242
69996,166
69997,141
69998,114
69999,96
70000,83
70001,329
70002,329
70003,159
70004,135
70005,109
70006,91
70007,83
70008,159
70009,154
70010,88
70011,80
70012,64
70013,60
70014,51
70015,195
70016,184
70017,90
70018,82
70019,69
70020,66
70021,60
70022,211
70023,202
70024,123
70025,109
70026,95
70027,78
70028,64
70029,255
70030,243
70031,118
70032,109
70033,96
70034,85
70035,82
70036,274
70037,264
70038,154
70039,133
70040,107
70041,89
70042,81
70043,74
70044,69
70045,28
70046,26
70047,24
70048,24
70049,20
70050,444
70051,443
70052,209
70053,177
70054,136
70055,123
70056,112
70057,634
70058,618
70059,307
70060,242
70061,196
70062,200
70063,196
70064,127
70065,121
70066,59
70067,53
70068,43
70069,40
70070,35
70071,170
70072,164
70073,71
70074,65
70075,53
70076,50
70077,49
70078,467
70079,466
70080,228
70081,196
70082,152
70083,137
70084,123
70085,244
70086,239
70087,143
70088,125
70089,108
70090,83
70091,68
70092,288
70093,282
70094,183
70095,169
70096,136
70097,105
70098,84
70099,215
70100,204
70101,147
70102,130
70103,108
70104,85
70105,70
70106,196
70107,182
70108,137
70109,157
70110,174
70111,200
70112,225
70113,314
70114,300
70115,230
70116,247
70117,256
70118,279
70119,298
70120,31
70121,40
70122,8
70123,5
70124,27
70125,30
70126,42
70127,65
70128,58
70129,11
70130,24
70131,46
70132,65
70133,95
70134,40
70135,28
70136,7
70137,15
70138,54
70139,69
70140,92
70141,223
70142,226
70143,152
70144,183
70145,193
70146,231
70147,236
70148,144
70149,135
70150,85
70151,108
70152,118
70153,133
70154,145
70155,127
70156,120
70157,59
70158,89
70159,113
70160,123
70161,147
70162,45
70163,43
70164,15
70165,40
70166,52
70167,64
70168,78
70169,180
70170,174
70171,109
70172,145
70173,160
70174,193
70175,221
70176,104
70177,97
70178,28
70179,28
70180,45
70181,75
70182,96
70183,59
70184,54
70185,0
70186,21
70187,42
70188,82
70189,87
70190,112
70191,100
70192,55
70193,82
70194,100
70195,134
70196,149
70197,115
70198,103
70199,90
70200,142
70201,196
70202,221
70203,234
70204,84
70205,77
70206,25
70207,33
70208,48
70209,48
70210,73
70211,61
70212,44
70213,22
70214,24
70215,59
70216,67
70217,83
70218,108
70219,95
70220,66
70221,113
70222,139
70223,179
70224,201
70225,59
70226,60
70227,20
70228,39
70229,59
70230,76
70231,105
70232,161
70233,142
70234,92
70235,129
70236,147
70237,174
70238,186
70239,51
70240,44
70241,10
70242,28
70243,44
70244,62
70245,88
70246,330
70247,313
70248,237
70249,261
70250,271
70251,334
70252,331
70253,139
70254,121
70255,63
70256,92
70257,122
70258,171
70259,165
70260,156
70261,150
70262,97
70263,135
70264,147
70265,183
70266,195
70267,92
70268,94
70269,54
70270,79
70271,94
70272,103
70273,123
70274,93
70275,79
70276,28
70277,51
70278,72
70279,81
70280,93
70281,34
70282,28
70283,13
70284,16
70285,40
70286,53
70287,81
70288,143
70289,129
70290,90
70291,113
70292,134
70293,155
70294,181
70295,189
70296,177
70297,112
70298,132
70299,143
70300,176
70301,177
70302,104
70303,101
70304,55
70305,93
70306,139
70307,185
70308,211
70309,69
70310,55
70311,25
70312,52
70313,96
70314,128
70315,136
70316,109
70317,95
70318,33
70319,38
70320,44
70321,81
70322,85
70323,169
70324,158
70325,90
70326,126
70327,142
70328,184
70329,182
70330,139
70331,115
70332,75
70333,92
70334,100
70335,132
70336,160
70337,24
70338,21
70339,13
70340,50
70341,86
70342,96
70343,122
70344,507
70345,448
70346,321
70347,312
70348,315
70349,383
70350,383
70351,114
70352,90
70353,32
70354,39
70355,55
70356,91
70357,117
70358,68
70359,70
70360,32
70361,61
70362,88
70363,100
70364,109
70365,63
70366,59
70367,22
70368,46
70369,99
70370,150
70371,174
70372,23
70373,18
70374,7
70375,49
70376,71
70377,95
70378,107
70379,44
70380,41
70381,18
70382,32
70383,47
70384,54
70385,64
70386,77
70387,57
70388,20
70389,64
70390,83
70391,107
70392,131
70393,62
70394,61
70395,8
70396,17
70397,32
70398,62
70399,82
70400,144
70401,130
70402,95
70403,136
70404,151
70405,179
70406,202
70407,91
70408,80
70409,48
70410,67
70411,91
70412,103
70413,115
70414,76
70415,77
70416,35
70417,75
70418,119
70419,150
70420,165
70421,161
70422,159
70423,102
70424,133
70425,139
70426,176
70427,185
70428,136
70429,134
70430,75
70431,114
70432,124
70433,135
70434,157
70435,190
70436,183
70437,127
70438,152
70439,170
70440,214
70441,218
70442,287
70443,277
70444,190
70445,218
70446,234
70447,280
70448,276
70449,133
70450,127
70451,57
70452,77
70453,104
70454,136
70455,155
70456,241
70457,224
70458,172
70459,193
70460,206
70461,235
70462,254
70463,84
70464,83
70465,47
70466,50
70467,75
70468,78
70469,90
70470,90
70471,82
70472,59
70473,108
70474,139
70475,182
70476,188
70477,69
70478,64
70479,18
70480,47
70481,73
70482,89
70483,109
70484,54
70485,37
70486,1
70487,8
70488,42
70489,46
70490,61
70491,145
70492,141
70493,64
70494,99
70495,119
70496,157
70497,183
70498,99
70499,96
70500,54
70501,97
70502,106
70503,137
70504,149
70505,48
70506,42
70507,30
70508,55
70509,90
70510,98
70511,110
70512,122
70513,126
70514,59
70515,99
70516,116
70517,155
70518,168
70519,116
70520,110
70521,48
70522,47
70523,58
70524,94
70525,111
70526,97
70527,83
70528,75
70529,114
70530,131
70531,143
70532,157
70533,48
70534,40
70535,23
70536,38
70537,58
70538,102
70539,117
70540,150
70541,132
70542,79
70543,111
70544,121
70545,158
70546,162
70547,44
70548,45
70549,16
70550,28
70551,52
70552,68
70553,85
70554,145
70555,137
70556,81
70557,109
70558,126
70559,157
70560,169
70561,52
70562,51
70563,17
70564,51
70565,77
70566,89
70567,110
70568,146
70569,135
70570,65
70571,97
70572,104
70573,137
70574,148
70575,22
70576,24
70577,18
70578,32
70579,62
70580,76
70581,101
70582,70
70583,58
70584,20
70585,24
70586,48
70587,55
70588,75
70589,213
70590,182
70591,126
70592,146
70593,153
70594,81
70595,43
70596,336
70597,322
70598,210
70599,221
70600,264
70601,134
70602,83
70603,0
70604,6
70605,3
70606,47
70607,100
70608,46
70609,42
70610,60
70611,50
70612,24
70613,65
70614,155
70615,70
70616,41
70617,0
70618,10
70619,0
70620,35
70621,77
70622,38
70623,41
70624,176
70625,133
70626,71
70627,98
70628,157
70629,54
70630,19
70631,72
70632,61
70633,80
70634,101
70635,104
70636,66
70637,9
70638,14
70639,3
70640,11
70641,35
70642,71
70643,35
70644,16
70645,27
70646,30
70647,0
70648,37
70649,135
70650,43
70651,25
70652,68
70653,48
70654,38
70655,70
70656,132
70657,59
70658,24
70659,42
70660,41
70661,47
70662,87
70663,109
70664,73
70665,36
70666,0
70667,0
70668,28
70669,65
70670,75
70671,60
70672,41
70673,123
70674,101
70675,93
70676,123
70677,168
70678,99
70679,47
70680,35
70681,51
70682,36
70683,92
70684,207
70685,91
70686,95
70687,101
70688,80
70689,99
70690,120
70691,182
70692,92
70693,51
70694,7
70695,23
70696,32
70697,50
70698,87
70699,48
70700,53
70701,0
70702,0
70703,10
70704,30
70705,150
70706,30
70707,23
70708,54
70709,47
70710,66
70711,97
70712,146
70713,72
70714,28
70715,233
70716,196
70717,110
70718,137
70719,230
70720,93
70721,57
70722,23
70723,16
70724,7
70725,51
70726,65
70727,49
70728,24
70729,31
70730,36
70731,60
70732,99
70733,88
70734,73
70735,64
70736,27
70737,32
70738,29
70739,60
70740,64
70741,42
70742,11
70743,26
70744,24
70745,21
70746,73
70747,166
70748,61
70749,39
70750,3
70751,14
70752,25
70753,52
70754,76
70755,44
70756,43
70757,185
70758,141
70759,57
70760,83
70761,161
70762,49
70763,22
70764,694
70765,645
70766,326
70767,314
70768,303
70769,158
70770,135
70771,85
70772,77
70773,113
70774,133
70775,147
70776,97
70777,47
70778,339
70779,325
70780,159
70781,168
70782,248
70783,119
70784,90
70785,0
70786,0
70787,9
70788,18
70789,45
70790,8
70791,8
70792,60
70793,41
70794,66
70795,97
70796,109
70797,77
70798,30
70799,35
70800,30
70801,31
70802,84
70803,128
70804,78
70805,48
70806,61
70807,57
70808,15
70809,48
70810,149
70811,65
70812,42
70813,0
70814,0
70815,12
70816,25
70817,27
70818,11
70819,17
70820,85
70821,84
70822,65
70823,107
70824,124
70825,80
70826,31
70827,0
70828,2
70829,5
70830,37
70831,91
70832,35
70833,31
70834,148
70835,133
70836,97
70837,115
70838,207
70839,58
70840,18
70841,18
70842,36
70843,8
70844,47
70845,159
70846,55
70847,67
70848,0
70849,7
70850,30
70851,56
70852,74
70853,49
70854,56
70855,0
70856,0
70857,0
70858,4
70859,61
70860,3
70861,3
70862,0
70863,23
70864,20
70865,54
70866,160
70867,42
70868,57
70869,0
70870,0
70871,21
70872,47
70873,83
70874,38
70875,20
70876,235
70877,214
70878,101
70879,131
70880,184
70881,83
70882,52
70883,64
70884,45
70885,47
70886,68
70887,75
70888,36
70889,1
70890,31
70891,22
70892,25
70893,57
70894,101
70895,50
70896,13
70897,1120
70898,1018
70899,549
70900,486
70901,508
70902,312
70903,239
70904,8
70905,22
70906,22
70907,61
70908,119
70909,67
70910,71
70911,75
70912,55
70913,65
70914,105
70915,207
70916,101
70917,58
70918,31
70919,46
70920,13
70921,71
70922,203
70923,88
70924,97
70925,10
70926,17
70927,20
70928,71
70929,134
70930,68
70931,42
70932,76
70933,67
70934,67
70935,89
70936,127
70937,77
70938,38
70939,74
70940,57
70941,107
70942,119
70943,105
70944,78
70945,38
70946,0
70947,7
70948,7
70949,45
70950,80
70951,43
70952,44
70953,78
70954,56
70955,64
70956,91
70957,169
70958,70
70959,29
70960,69
70961,63
70962,77
70963,96
70964,141
70965,80
70966,50
70967,0
70968,6
70969,11
70970,21
70971,49
70972,32
70973,42
70974,54
70975,39
70976,61
70977,78
70978,77
70979,57
70980,19
70981,94
70982,80
70983,59
70984,85
70985,183
70986,53
70987,14
70988,0
70989,10
70990,12
70991,60
70992,110
70993,57
70994,57
70995,58
70996,45
70997,72
70998,120
70999,149
71000,109
71001,72
71002,0
71003,0
71004,0
71005,34
71006,104
71007,36
71008,35
71009,224
71010,179
71011,83
71012,108
71013,198
71014,65
71015,34
71016,573
71017,543
71018,308
71019,290
71020,322
71021,170
71022,140
71023,0
71024,13
71025,0
71026,28
71027,68
71028,26
71029,53
71030,12
71031,3
71032,48
71033,73
71034,69
71035,54
71036,26
71037,325
71038,279
71039,181
71040,195
71041,200
71042,106
71043,58
71044,63
71045,57
71046,33
71047,43
71048,95
71049,41
71050,20
71051,23
71052,29
71053,28
71054,63
71055,102
71056,73
71057,50
71058,0
71059,0
71060,17
71061,52
71062,70
71063,32
71064,35
71065,0
71066,10
71067,12
71068,37
71069,62
71070,44
71071,51
71072,91
71073,68
71074,57
71075,83
71076,135
71077,58
71078,27
71079,0
71080,6
71081,9
71082,31
71083,61
71084,17
71085,15
71086,205
71087,185
71088,139
71089,168
71090,229
71091,119
71092,74
71093,0
71094,0
71095,13
71096,48
71097,78
71098,41
71099,21
71100,122
71101,109
71102,83
71103,103
71104,117
71105,67
71106,35
71107,114
71108,96
71109,51
71110,69
71111,182
71112,57
71113,22
71114,61
71115,46
71116,49
71117,65
71118,171
71119,53
71120,26
71121,84
71122,66
71123,61
71124,82
71125,108
71126,50
71127,11
71128,6
71129,0
71130,51
71131,80
71132,75
71133,48
71134,18
71135,74
71136,54
71137,57
71138,83
71139,152
71140,67
71141,27
71142,80
71143,64
71144,79
71145,111
71146,125
71147,95
71148,40
71149,55
71150,46
71151,87
71152,105
71153,115
71154,81
71155,31
71156,214
71157,195
71158,115
71159,143
71160,205
71161,86
71162,52
71163,3
71164,17
71165,18
71166,57
71167,62
71168,45
71169,43
71170,0
71171,0
71172,13
71173,38
71174,81
71175,32
71176,5
71177,100
71178,86
71179,75
71180,117
71181,169
71182,81
71183,36
71184,95
71185,54
71186,32
71187,67
71188,140
71189,52
71190,17
71191,37
71192,36
71193,43
71194,83
71195,106
71196,71
71197,34
71198,10
71199,7
71200,17
71201,36
71202,157
71203,32
71204,4
71205,93
71206,58
71207,41
71208,87
71209,199
71210,82
71211,48
71212,41
71213,42
71214,20
71215,66
71216,163
71217,68
71218,38
71219,54
71220,41
71221,53
71222,79
71223,186
71224,45
71225,4
71226,17
71227,35
71228,9
71229,48
71230,159
71231,56
71232,68
71233,84
71234,63
71235,37
71236,73
71237,130
71238,56
71239,25
71240,169
71241,125
71242,80
71243,105
71244,194
71245,65
71246,22
71247,38
71248,44
71249,34
71250,76
71251,174
71252,52
71253,49
71254,76
71255,63
71256,32
71257,83
71258,193
71259,77
71260,92
71261,88
71262,68
71263,47
71264,85
71265,156
71266,72
71267,31
71268,96
71269,54
71270,53
71271,101
71272,120
71273,70
71274,28
71275,102
71276,82
71277,90
71278,123
71279,182
71280,87
71281,41
71282,57
71283,42
71284,41
71285,74
71286,104
71287,50
71288,14
71289,149
71290,95
71291,81
71292,76
71293,68
71294,70
71295,80
71296,204
71297,144
71298,116
71299,105
71300,92
71301,90
71302,102
71303,3
71304,18
71305,11
71306,8
71307,2
71308,15
71309,20
71310,292
71311,136
71312,86
71313,78
71314,71
71315,75
71316,115
71317,44
71318,35
71319,23
71320,16
71321,19
71322,27
71323,32
71324,15
71325,3
71326,6
71327,10
71328,14
71329,55
71330,66
71331,118
71332,76
71333,67
71334,59
71335,61
71336,61
71337,67
71338,57
71339,40
71340,32
71341,19
71342,10
71343,9
71344,13
71345,69
71346,59
71347,48
71348,41
71349,43
71350,56
71351,57
71352,148
71353,118
71354,103
71355,91
71356,74
71357,74
71358,74
71359,19
71360,22
71361,24
71362,25
71363,26
71364,49
71365,53
71366,71
71367,33
71368,27
71369,24
71370,22
71371,28
71372,47
71373,261
71374,155
71375,106
71376,100
71377,95
71378,105
71379,121
71380,55
71381,36
71382,24
71383,14
71384,15
71385,24
71386,37
71387,94
71388,58
71389,42
71390,36
71391,32
71392,39
71393,58
71394,65
71395,54
71396,47
71397,39
71398,32
71399,35
71400,41
71401,28
71402,22
71403,17
71404,5
71405,0
71406,0
71407,4
71408,89
71409,45
71410,29
71411,24
71412,20
71413,25
71414,44
71415,152
71416,86
71417,67
71418,56
71419,46
71420,49
71421,64
71422,29
71423,22
71424,19
71425,14
71426,11
71427,20
71428,19
71429,67
71430,53
71431,42
71432,29
71433,18
71434,16
71435,17
71436,162
71437,58
71438,49
71439,45
71440,43
71441,49
71442,82
71443,54
71444,57
71445,48
71446,37
71447,38
71448,49
71449,43
71450,594
71451,305
71452,189
71453,136
71454,116
71455,119
71456,204
71457,104
71458,101
71459,89
71460,77
71461,67
71462,68
71463,64
71464,241
71465,132
71466,101
71467,92
71468,82
71469,85
71470,112
71471,92
71472,70
71473,61
71474,51
71475,42
71476,39
71477,45
71478,41
71479,37
71480,29
71481,19
71482,12
71483,13
71484,14
71485,269
71486,149
71487,126
71488,117
71489,97
71490,89
71491,123
71492,292
71493,166
71494,101
71495,89
71496,81
71497,88
71498,115
71499,10
71500,4
71501,8
71502,7
71503,13
71504,50
71505,60
71506,92
71507,57
71508,40
71509,33
71510,27
71511,27
71512,43
71513,67
71514,45
71515,36
71516,29
71517,21
71518,22
71519,31
71520,60
71521,32
71522,24
71523,18
71524,23
71525,28
71526,35
71527,273
71528,149
71529,86
71530,79
71531,74
71532,82
71533,111
71534,132
71535,65
71536,46
71537,38
71538,31
71539,32
71540,58
71541,85
71542,43
71543,28
71544,22
71545,22
71546,26
71547,46
71548,755
71549,399
71550,260
71551,226
71552,210
71553,199
71554,295
71555,38
71556,30
71557,20
71558,18
71559,21
71560,37
71561,34
71562,41
71563,23
71564,13
71565,8
71566,9
71567,18
71568,28
71569,106
71570,52
71571,49
71572,46
71573,50
71574,57
71575,68
71576,69
71577,53
71578,41
71579,32
71580,32
71581,35
71582,38
71583,32
71584,24
71585,14
71586,9
71587,10
71588,21
71589,29
71590,86
71591,93
71592,88
71593,78
71594,64
71595,64
71596,55
71597,33
71598,18
71599,8
71600,3
71601,6
71602,19
71603,27
71604,81
71605,58
71606,54
71607,47
71608,43
71609,45
71610,47
71611,53
71612,31
71613,24
71614,18
71615,20
71616,23
71617,27
71618,27
71619,34
71620,24
71621,18
71622,15
71623,33
71624,26
71625,207
71626,108
71627,80
71628,71
71629,62
71630,63
71631,98
71632,161
71633,58
71634,47
71635,42
71636,40
71637,46
71638,77
71639,140
71640,77
71641,62
71642,57
71643,52
71644,57
71645,80
71646,70
71647,49
71648,34
71649,27
71650,23
71651,25
71652,35
71653,59
71654,59
71655,49
71656,34
71657,19
71658,16
71659,13
71660,316
71661,184
71662,126
71663,111
71664,101
71665,101
71666,126
71667,23
71668,14
71669,16
71670,14
71671,7
71672,14
71673,20
71674,26
71675,16
71676,6
71677,4
71678,11
71679,25
71680,29
71681,139
71682,94
71683,77
71684,69
71685,59
71686,60
71687,68
71688,36
71689,41
71690,38
71691,28
71692,24
71693,41
71694,38
71695,67
71696,15
71697,8
71698,3
71699,9
71700,18
71701,34
71702,76
71703,67
71704,56
71705,51
71706,47
71707,52
71708,52
71709,101
71710,79
71711,63
71712,55
71713,50
71714,49
71715,54
71716,26
71717,36
71718,32
71719,22
71720,14
71721,33
71722,26
71723,385
71724,171
71725,99
71726,89
71727,89
71728,93
71729,139
71730,9
71731,16
71732,11
71733,14
71734,18
71735,44
71736,49
71737,56
71738,48
71739,40
71740,31
71741,23
71742,24
71743,24
71744,64
71745,69
71746,63
71747,51
71748,41
71749,39
71750,29
71751,82
71752,71
71753,60
71754,56
71755,52
71756,53
71757,54
71758,165
71759,100
71760,74
71761,68
71762,59
71763,60
71764,82
71765,29
71766,24
71767,20
71768,12
71769,6
71770,10
71771,13
71772,45
71773,10
71774,6
71775,3
71776,12
71777,31
71778,44
71779,1133
71780,1057
71781,469
71782,392
71783,298
71784,290
71785,294
71786,1736
71787,1606
71788,795
71789,642
71790,542
71791,514
71792,487
71793,210
71794,194
71795,108
71796,96
71797,75
71798,58
71799,68
71800,18
71801,8
71802,11
71803,15
71804,11
71805,6
71806,11
71807,135
71808,129
71809,57
71810,57
71811,50
71812,48
71813,48
71814,135
71815,128
71816,54
71817,48
71818,36
71819,33
71820,40
71821,1541
71822,1445
71823,548
71824,401
71825,310
71826,336
71827,330
71828,274
71829,262
71830,163
71831,139
71832,111
71833,91
71834,96
71835,266
71836,255
71837,139
71838,115
71839,90
71840,77
71841,79
71842,243
71843,234
71844,91
71845,90
71846,76
71847,66
71848,79
71849,345
71850,340
71851,156
71852,130
71853,100
71854,81
71855,78
71856,148
71857,144
71858,79
71859,80
71860,64
71861,59
71862,64
71863,83
71864,72
71865,80
71866,78
71867,63
71868,40
71869,38
71870,453
71871,436
71872,215
71873,190
71874,149
71875,135
71876,131
71877,19
71878,12
71879,4
71880,7
71881,3
71882,2
71883,8
71884,14
71885,10
71886,7
71887,12
71888,7
71889,5
71890,6
71891,254
71892,253
71893,138
71894,134
71895,111
71896,97
71897,103
71898,197
71899,188
71900,128
71901,129
71902,109
71903,84
71904,83
71905,25
71906,16
71907,25
71908,25
71909,22
71910,14
71911,25
71912,346
71913,338
71914,156
71915,135
71916,111
71917,94
71918,99
71919,199
71920,197
71921,117
71922,115
71923,94
71924,74
71925,74
71926,841
71927,823
71928,320
71929,243
71930,201
71931,189
71932,205
71933,151
71934,141
71935,71
71936,65
71937,51
71938,44
71939,45
71940,186
71941,174
71942,93
71943,87
71944,74
71945,53
71946,58
71947,103
71948,98
71949,54
71950,53
71951,42
71952,40
71953,48
71954,55
71955,49
71956,32
71957,36
71958,30
71959,24
71960,30
71961,49
71962,37
71963,40
71964,42
71965,32
71966,19
71967,25
71968,427
71969,435
71970,175
71971,147
71972,110
71973,89
71974,95
71975,206
71976,199
71977,107
71978,97
71979,79
71980,64
71981,69
71982,79
71983,68
71984,47
71985,46
71986,39
71987,27
71988,35
71989,858
71990,829
71991,274
71992,201
71993,160
71994,148
71995,171
71996,243
71997,229
71998,136
71999,125
72000,100
72001,88
72002,93
72003,2531
72004,2175
72005,1157
72006,974
72007,849
72008,841
72009,853
72010,350
72011,344
72012,202
72013,188
72014,149
72015,127
72016,129
72017,1354
72018,1273
72019,461
72020,363
72021,292
72022,312
72023,307
72024,65
72025,54
72026,49
72027,50
72028,42
72029,30
72030,31
72031,196
72032,183
72033,118
72034,118
72035,102
72036,78
72037,76
72038,434
72039,431
72040,201
72041,181
72042,139
72043,128
72044,130
72045,472
72046,476
72047,169
72048,151
72049,110
72050,94
72051,109
72052,89
72053,78
72054,59
72055,52
72056,35
72057,24
72058,26
72059,15
72060,10
72061,14
72062,17
72063,14
72064,10
72065,10
72066,350
72067,352
72068,162
72069,151
72070,123
72071,102
72072,110
72073,19
72074,11
72075,16
72076,23
72077,19
72078,16
72079,22
72080,102
72081,93
72082,60
72083,54
72084,42
72085,35
72086,34
72087,31
72088,24
72089,27
72090,29
72091,25
72092,19
72093,17
72094,818
72095,802
72096,313
72097,238
72098,187
72099,170
72100,178
72101,207
72102,199
72103,115
72104,115
72105,96
72106,77
72107,76
72108,180
72109,175
72110,64
72111,54
72112,41
72113,37
72114,49
72115,5
72116,0
72117,10
72118,12
72119,9
72120,5
72121,4
72122,272
72123,258
72124,126
72125,116
72126,95
72127,77
72128,77
72129,158
72130,146
72131,86
72132,85
72133,66
72134,52
72135,59
72136,62
72137,53
72138,36
72139,36
72140,32
72141,33
72142,40
72143,1021
72144,969
72145,372
72146,273
72147,230
72148,234
72149,240
72150,455
72151,460
72152,182
72153,157
72154,112
72155,95
72156,103
72157,273
72158,258
72159,122
72160,112
72161,91
72162,85
72163,91
72164,197
72165,193
72166,89
72167,82
72168,68
72169,56
72170,58
72171,4151
72172,3886
72173,2187
72174,2033
72175,1926
72176,1962
72177,2018
72178,197
72179,188
72180,104
72181,103
72182,88
72183,68
72184,74
72185,332
72186,324
72187,169
72188,159
72189,129
72190,118
72191,119
72192,298
72193,288
72194,142
72195,126
72196,105
72197,96
72198,107
72199,283
72200,284
72201,167
72202,144
72203,117
72204,89
72205,92
72206,444
72207,424
72208,194
72209,172
72210,129
72211,130
72212,132
72213,61
72214,57
72215,39
72216,38
72217,29
72218,23
72219,21
72220,554
72221,531
72222,299
72223,264
72224,224
72225,189
72226,183
72227,183
72228,174
72229,75
72230,72
72231,55
72232,52
72233,63
72234,41
72235,35
72236,20
72237,23
72238,19
72239,17
72240,19
72241,511
72242,493
72243,221
72244,191
72245,152
72246,138
72247,132
72248,154
72249,146
72250,78
72251,78
72252,63
72253,53
72254,55
72255,430
72256,412
72257,212
72258,196
72259,154
72260,135
72261,142
72262,768
72263,758
72264,300
72265,238
72266,178
72267,162
72268,170
72269,109
72270,102
72271,44
72272,44
72273,43
72274,34
72275,48
72276,88
72277,80
72278,58
72279,59
72280,50
72281,37
72282,35
72283,1085
72284,1007
72285,368
72286,277
72287,195
72288,188
72289,202
72290,1268
72291,1193
72292,517
72293,438
72294,365
72295,360
72296,353
72297,82
72298,78
72299,52
72300,54
72301,48
72302,34
72303,36
72304,95
72305,85
72306,59
72307,61
72308,50
72309,40
72310,42
72311,158
72312,144
72313,98
72314,89
72315,67
72316,53
72317,55
72318,1519
72319,1424
72320,684
72321,526
72322,429
72323,386
72324,368
72325,186
72326,179
72327,88
72328,83
72329,69
72330,60
72331,64
72332,427
72333,432
72334,197
72335,173
72336,127
72337,112
72338,126
72339,202
72340,193
72341,89
72342,87
72343,72
72344,69
72345,76
72346,90
72347,80
72348,60
72349,55
72350,40
72351,28
72352,36
72353,61
72354,56
72355,43
72356,45
72357,39
72358,33
72359,39
72360,152
72361,143
72362,69
72363,61
72364,47
72365,38
72366,51
72367,90
72368,80
72369,44
72370,40
72371,30
72372,27
72373,35
72374,333
72375,330
72376,179
72377,165
72378,131
72379,106
72380,104
72381,1006
72382,949
72383,474
72384,407
72385,349
72386,328
72387,320
72388,480
72389,466
72390,254
72391,213
72392,169
72393,140
72394,139
72395,483
72396,487
72397,183
72398,157
72399,117
72400,98
72401,115
72402,411
72403,413
72404,194
72405,173
72406,127
72407,107
72408,112
72409,727
72410,703
72411,356
72412,296
72413,229
72414,203
72415,198
72416,304
72417,288
72418,184
72419,166
72420,132
72421,100
72422,94
72423,632
72424,615
72425,260
72426,217
72427,175
72428,160
72429,164
72430,40
72431,37
72432,18
72433,21
72434,19
72435,21
72436,25
72437,303
72438,294
72439,156
72440,135
72441,110
72442,91
72443,96
72444,0
72445,2
72446,7
72447,8
72448,7
72449,1
72450,20
72451,438
72452,435
72453,276
72454,238
72455,194
72456,161
72457,151
72458,181
72459,166
72460,121
72461,121
72462,100
72463,77
72464,82
72465,200
72466,191
72467,117
72468,120
72469,103
72470,86
72471,92
72472,721
72473,718
72474,326
72475,272
72476,214
72477,179
72478,181
72479,272
72480,254
72481,123
72482,110
72483,87
72484,75
72485,82
72486,85
72487,77
72488,61
72489,65
72490,55
72491,42
72492,45
72493,186
72494,179
72495,77
72496,71
72497,58
72498,53
72499,60
72500,304
72501,296
72502,167
72503,153
72504,128
72505,105
72506,104
72507,301
72508,300
72509,125
72510,111
72511,88
72512,74
72513,84
72514,218
72515,212
72516,111
72517,109
72518,90
72519,78
72520,83
72521,383
72522,382
72523,171
72524,143
72525,106
72526,93
72527,100
72528,244
72529,233
72530,128
72531,119
72532,103
72533,89
72534,96
72535,241
72536,235
72537,103
72538,103
72539,90
72540,76
72541,77
72542,239
72543,230
72544,123
72545,108
72546,90
72547,68
72548,67
72549,203
72550,197
72551,74
72552,64
72553,47
72554,43
72555,56
72556,538
72557,534
72558,230
72559,187
72560,146
72561,124
72562,130
72563,584
72564,574
72565,223
72566,187
72567,145
72568,126
72569,130
72570,216
72571,211
72572,99
72573,91
72574,71
72575,60
72576,65
72577,209
72578,204
72579,79
72580,73
72581,60
72582,54
72583,58
72584,206
72585,202
72586,102
72587,102
72588,90
72589,75
72590,77
72591,348
72592,343
72593,176
72594,158
72595,125
72596,102
72597,105
72598,401
72599,402
72600,211
72601,193
72602,159
72603,134
72604,130
72605,222
72606,209
72607,126
72608,117
72609,101
72610,86
72611,87
